ISO-10303-21;
HEADER;
/* Generated by software containing ST-Developer
 * from STEP Tools, Inc. (www.steptools.com) 
 */
/* OPTION: using custom renumber hook */

FILE_DESCRIPTION(
/* description */ ('STEP AP242 Edition 2',
'CAx-IF Rec.Pracs.---Representation and Presentation of Product Manufa
cturing Information (PMI)---4.0---2014-10-13',
'CAx-IF Rec.Pracs.---3D Tessellated Geometry---0.4---2014-09-14','2;1',
'CAx-IF Rec.Pracs.---User Defined Attributes---1.5---2016-08-15'),
/* implementation_level */ '2;1');

FILE_NAME(
/* name */ 'Part Studio 1',
/* time_stamp */ '2026-07-28T02:01:58Z',
/* author */ (''),
/* organization */ (''),
/* preprocessor_version */ 'ST-DEVELOPER v20',
/* originating_system */ 'ONSHAPE BY PTC INC, 1.218',
/* authorisation */ '  ');

FILE_SCHEMA (('AP242_MANAGED_MODEL_BASED_3D_ENGINEERING_MIM_LF { 1 0 10303 442 3 1 4 }'));
ENDSEC;

DATA;
#10=(
BOUNDED_SURFACE()
B_SPLINE_SURFACE(3,2,((#7248,#7249,#7250),(#7251,#7252,#7253),(#7254,#7255,
#7256),(#7257,#7258,#7259),(#7260,#7261,#7262),(#7263,#7264,#7265),(#7266,
#7267,#7268)),.UNSPECIFIED.,.F.,.F.,.F.)
B_SPLINE_SURFACE_WITH_KNOTS((4,1,1,1,4),(3,3),(0.00826914599735041,0.0119812962603046,
0.0156934465232587,0.0194055967862129,0.023117747049167),(0.,1.),
 .UNSPECIFIED.)
GEOMETRIC_REPRESENTATION_ITEM()
RATIONAL_B_SPLINE_SURFACE(((1.,0.682979687935965,1.),(1.,0.718193524780805,
1.),(1.,0.780930238454194,1.),(1.,0.857295663366774,1.),(1.,0.909255049921711,
1.),(1.,0.919462203144149,1.),(1.,0.917375028426206,1.)))
REPRESENTATION_ITEM('')
SURFACE()
);
#11=(
BOUNDED_SURFACE()
B_SPLINE_SURFACE(3,2,((#7271,#7272,#7273),(#7274,#7275,#7276),(#7277,#7278,
#7279),(#7280,#7281,#7282)),.UNSPECIFIED.,.F.,.F.,.F.)
B_SPLINE_SURFACE_WITH_KNOTS((4,4),(3,3),(0.0365754374581123,0.0382261997460931),
(0.,1.),.PIECEWISE_BEZIER_KNOTS.)
GEOMETRIC_REPRESENTATION_ITEM()
RATIONAL_B_SPLINE_SURFACE(((1.,0.701315923813948,1.),(1.,0.695271801716813,
1.),(1.,0.689157270760642,1.),(1.,0.682979687935976,1.)))
REPRESENTATION_ITEM('')
SURFACE()
);
#12=(
BOUNDED_SURFACE()
B_SPLINE_SURFACE(3,2,((#7284,#7285,#7286),(#7287,#7288,#7289),(#7290,#7291,
#7292),(#7293,#7294,#7295),(#7296,#7297,#7298)),.UNSPECIFIED.,.F.,.F.,.F.)
B_SPLINE_SURFACE_WITH_KNOTS((4,1,4),(3,3),(0.0199868460742045,0.0489980893337717,
0.0780093325933388),(0.,1.),.UNSPECIFIED.)
GEOMETRIC_REPRESENTATION_ITEM()
RATIONAL_B_SPLINE_SURFACE(((1.,0.917375028426204,1.),(1.,0.898090177881946,
1.),(1.,0.862842036638807,1.),(1.,0.827808838235996,1.),(1.,0.809307308111478,
1.)))
REPRESENTATION_ITEM('')
SURFACE()
);
#13=(
BOUNDED_SURFACE()
B_SPLINE_SURFACE(3,2,((#7300,#7301,#7302),(#7303,#7304,#7305),(#7306,#7307,
#7308),(#7309,#7310,#7311),(#7312,#7313,#7314),(#7315,#7316,#7317),(#7318,
#7319,#7320),(#7321,#7322,#7323)),.UNSPECIFIED.,.F.,.F.,.F.)
B_SPLINE_SURFACE_WITH_KNOTS((4,1,1,1,1,4),(3,3),(-1.38777878078145E-16,
0.0109305975085986,0.0218611950171974,0.0273264937714968,0.0327917925257962,
0.043722390034395),(0.,1.),.UNSPECIFIED.)
GEOMETRIC_REPRESENTATION_ITEM()
RATIONAL_B_SPLINE_SURFACE(((1.,0.701315923813953,1.),(1.,0.702598612178427,
1.),(1.,0.704972878546973,1.),(1.,0.70742621429434,1.),(1.,0.709021184468207,
1.),(1.,0.710955271336481,1.),(1.,0.711763753782469,1.),(1.,0.712324747973677,
1.)))
REPRESENTATION_ITEM('')
SURFACE()
);
#14=(
BOUNDED_SURFACE()
B_SPLINE_SURFACE(3,2,((#7325,#7326,#7327),(#7328,#7329,#7330),(#7331,#7332,
#7333),(#7334,#7335,#7336),(#7337,#7338,#7339)),.UNSPECIFIED.,.F.,.F.,.F.)
B_SPLINE_SURFACE_WITH_KNOTS((4,1,4),(3,3),(0.00613629421869496,0.0118565653490133,
0.0175768364793316),(0.,1.),.UNSPECIFIED.)
GEOMETRIC_REPRESENTATION_ITEM()
RATIONAL_B_SPLINE_SURFACE(((1.,0.809307308111455,1.),(1.,0.806619313321634,
1.),(1.,0.775057916650008,1.),(1.,0.70431699968411,1.),(1.,0.659604828446109,
1.)))
REPRESENTATION_ITEM('')
SURFACE()
);
#15=(
BOUNDED_SURFACE()
B_SPLINE_SURFACE(3,2,((#7341,#7342,#7343),(#7344,#7345,#7346),(#7347,#7348,
#7349),(#7350,#7351,#7352),(#7353,#7354,#7355),(#7356,#7357,#7358),(#7359,
#7360,#7361),(#7362,#7363,#7364)),.UNSPECIFIED.,.F.,.F.,.F.)
B_SPLINE_SURFACE_WITH_KNOTS((4,1,1,1,1,4),(3,3),(-2.13804668414141E-16,
0.00216253928866219,0.0043250785773246,0.0086501571546494,0.0129752357319742,
0.017300314309299),(0.,1.),.UNSPECIFIED.)
GEOMETRIC_REPRESENTATION_ITEM()
RATIONAL_B_SPLINE_SURFACE(((1.,0.712324747973678,1.),(1.,0.716517771516943,
1.),(1.,0.724294027034849,1.),(1.,0.73849849559777,1.),(1.,0.75418809323138,
1.),(1.,0.771672870663451,1.),(1.,0.775080710248758,1.),(1.,0.773372611305216,
1.)))
REPRESENTATION_ITEM('')
SURFACE()
);
#16=(
BOUNDED_SURFACE()
B_SPLINE_SURFACE(3,2,((#7366,#7367,#7368),(#7369,#7370,#7371),(#7372,#7373,
#7374),(#7375,#7376,#7377),(#7378,#7379,#7380)),.UNSPECIFIED.,.F.,.F.,.F.)
B_SPLINE_SURFACE_WITH_KNOTS((4,1,4),(3,3),(0.0363396215574205,0.0392725792674198,
0.0422055369774191),(0.,1.),.UNSPECIFIED.)
GEOMETRIC_REPRESENTATION_ITEM()
RATIONAL_B_SPLINE_SURFACE(((1.,0.711183820573454,1.),(1.,0.702983115147075,
1.),(1.,0.686198275844099,1.),(1.,0.668322429452893,1.),(1.,0.659604828446123,
1.)))
REPRESENTATION_ITEM('')
SURFACE()
);
#17=(
BOUNDED_SURFACE()
B_SPLINE_SURFACE(3,2,((#7382,#7383,#7384),(#7385,#7386,#7387),(#7388,#7389,
#7390),(#7391,#7392,#7393)),.UNSPECIFIED.,.F.,.F.,.F.)
B_SPLINE_SURFACE_WITH_KNOTS((4,4),(3,3),(-2.77555756156289E-17,0.0580135042356625),
(0.,1.),.PIECEWISE_BEZIER_KNOTS.)
GEOMETRIC_REPRESENTATION_ITEM()
RATIONAL_B_SPLINE_SURFACE(((1.,0.773372611305218,1.),(1.,0.763381743352792,
1.),(1.,0.759027457530196,1.),(1.,0.754520242844263,1.)))
REPRESENTATION_ITEM('')
SURFACE()
);
#18=(
BOUNDED_SURFACE()
B_SPLINE_SURFACE(3,2,((#7395,#7396,#7397),(#7398,#7399,#7400),(#7401,#7402,
#7403),(#7404,#7405,#7406),(#7407,#7408,#7409),(#7410,#7411,#7412),(#7413,
#7414,#7415),(#7416,#7417,#7418)),.UNSPECIFIED.,.F.,.F.,.F.)
B_SPLINE_SURFACE_WITH_KNOTS((4,1,1,1,1,4),(3,3),(6.93889390390723E-18,0.0107748388760604,
0.0161622583140906,0.0215496777521208,0.0323245166281812,0.0430993555042416),
(0.,1.),.UNSPECIFIED.)
GEOMETRIC_REPRESENTATION_ITEM()
RATIONAL_B_SPLINE_SURFACE(((1.,0.70127006621591,1.),(1.,0.701873943293508,
1.),(1.,0.702808375130601,1.),(1.,0.704525492223115,1.),(1.,0.706219783041165,
1.),(1.,0.708236281452943,1.),(1.,0.710169802442871,1.),(1.,0.711183820573454,
1.)))
REPRESENTATION_ITEM('')
SURFACE()
);
#19=(
BOUNDED_SURFACE()
B_SPLINE_SURFACE(3,2,((#7420,#7421,#7422),(#7423,#7424,#7425),(#7426,#7427,
#7428),(#7429,#7430,#7431),(#7432,#7433,#7434),(#7435,#7436,#7437),(#7438,
#7439,#7440),(#7441,#7442,#7443)),.UNSPECIFIED.,.F.,.F.,.F.)
B_SPLINE_SURFACE_WITH_KNOTS((4,1,1,1,1,4),(3,3),(-2.25514051876985E-17,
0.00216007163215854,0.0043201432643171,0.00864028652863422,0.0129604297929513,
0.0172805730572685),(0.,1.),.UNSPECIFIED.)
GEOMETRIC_REPRESENTATION_ITEM()
RATIONAL_B_SPLINE_SURFACE(((1.,0.754520242844276,1.),(1.,0.753862688267399,
1.),(1.,0.751854046137751,1.),(1.,0.745410149530065,1.),(1.,0.734489701632678,
1.),(1.,0.719569982117681,1.),(1.,0.707822468913485,1.),(1.,0.70127006621591,
1.)))
REPRESENTATION_ITEM('')
SURFACE()
);
#20=SHAPE_REPRESENTATION_RELATIONSHIP('','',#1094,#22);
#21=SHAPE_REPRESENTATION_RELATIONSHIP('','',#1095,#23);
#22=ADVANCED_BREP_SHAPE_REPRESENTATION('',(#1090),#7559);
#23=ADVANCED_BREP_SHAPE_REPRESENTATION('',(#1091),#7560);
#24=B_SPLINE_SURFACE_WITH_KNOTS('',3,3,((#1543,#1544,#1545,#1546,#1547,
#1548,#1549,#1550),(#1551,#1552,#1553,#1554,#1555,#1556,#1557,#1558),(#1559,
#1560,#1561,#1562,#1563,#1564,#1565,#1566),(#1567,#1568,#1569,#1570,#1571,
#1572,#1573,#1574)),.RULED_SURF.,.F.,.F.,.F.,(4,4),(4,1,1,1,1,4),(0.,1.),
(0.378935270226979,0.482564304440193,0.679905319052755,0.855517154287477,
0.978662033374354,1.),.UNSPECIFIED.);
#25=B_SPLINE_SURFACE_WITH_KNOTS('',3,3,((#1595,#1596,#1597,#1598,#1599,
#1600,#1601,#1602,#1603,#1604,#1605),(#1606,#1607,#1608,#1609,#1610,#1611,
#1612,#1613,#1614,#1615,#1616),(#1617,#1618,#1619,#1620,#1621,#1622,#1623,
#1624,#1625,#1626,#1627),(#1628,#1629,#1630,#1631,#1632,#1633,#1634,#1635,
#1636,#1637,#1638),(#1639,#1640,#1641,#1642,#1643,#1644,#1645,#1646,#1647,
#1648,#1649),(#1650,#1651,#1652,#1653,#1654,#1655,#1656,#1657,#1658,#1659,
#1660),(#1661,#1662,#1663,#1664,#1665,#1666,#1667,#1668,#1669,#1670,#1671),
(#1672,#1673,#1674,#1675,#1676,#1677,#1678,#1679,#1680,#1681,#1682),(#1683,
#1684,#1685,#1686,#1687,#1688,#1689,#1690,#1691,#1692,#1693),(#1694,#1695,
#1696,#1697,#1698,#1699,#1700,#1701,#1702,#1703,#1704),(#1705,#1706,#1707,
#1708,#1709,#1710,#1711,#1712,#1713,#1714,#1715),(#1716,#1717,#1718,#1719,
#1720,#1721,#1722,#1723,#1724,#1725,#1726),(#1727,#1728,#1729,#1730,#1731,
#1732,#1733,#1734,#1735,#1736,#1737),(#1738,#1739,#1740,#1741,#1742,#1743,
#1744,#1745,#1746,#1747,#1748),(#1749,#1750,#1751,#1752,#1753,#1754,#1755,
#1756,#1757,#1758,#1759),(#1760,#1761,#1762,#1763,#1764,#1765,#1766,#1767,
#1768,#1769,#1770),(#1771,#1772,#1773,#1774,#1775,#1776,#1777,#1778,#1779,
#1780,#1781),(#1782,#1783,#1784,#1785,#1786,#1787,#1788,#1789,#1790,#1791,
#1792),(#1793,#1794,#1795,#1796,#1797,#1798,#1799,#1800,#1801,#1802,#1803),
(#1804,#1805,#1806,#1807,#1808,#1809,#1810,#1811,#1812,#1813,#1814),(#1815,
#1816,#1817,#1818,#1819,#1820,#1821,#1822,#1823,#1824,#1825),(#1826,#1827,
#1828,#1829,#1830,#1831,#1832,#1833,#1834,#1835,#1836),(#1837,#1838,#1839,
#1840,#1841,#1842,#1843,#1844,#1845,#1846,#1847),(#1848,#1849,#1850,#1851,
#1852,#1853,#1854,#1855,#1856,#1857,#1858),(#1859,#1860,#1861,#1862,#1863,
#1864,#1865,#1866,#1867,#1868,#1869),(#1870,#1871,#1872,#1873,#1874,#1875,
#1876,#1877,#1878,#1879,#1880),(#1881,#1882,#1883,#1884,#1885,#1886,#1887,
#1888,#1889,#1890,#1891),(#1892,#1893,#1894,#1895,#1896,#1897,#1898,#1899,
#1900,#1901,#1902),(#1903,#1904,#1905,#1906,#1907,#1908,#1909,#1910,#1911,
#1912,#1913),(#1914,#1915,#1916,#1917,#1918,#1919,#1920,#1921,#1922,#1923,
#1924),(#1925,#1926,#1927,#1928,#1929,#1930,#1931,#1932,#1933,#1934,#1935),
(#1936,#1937,#1938,#1939,#1940,#1941,#1942,#1943,#1944,#1945,#1946),(#1947,
#1948,#1949,#1950,#1951,#1952,#1953,#1954,#1955,#1956,#1957),(#1958,#1959,
#1960,#1961,#1962,#1963,#1964,#1965,#1966,#1967,#1968),(#1969,#1970,#1971,
#1972,#1973,#1974,#1975,#1976,#1977,#1978,#1979),(#1980,#1981,#1982,#1983,
#1984,#1985,#1986,#1987,#1988,#1989,#1990),(#1991,#1992,#1993,#1994,#1995,
#1996,#1997,#1998,#1999,#2000,#2001),(#2002,#2003,#2004,#2005,#2006,#2007,
#2008,#2009,#2010,#2011,#2012),(#2013,#2014,#2015,#2016,#2017,#2018,#2019,
#2020,#2021,#2022,#2023),(#2024,#2025,#2026,#2027,#2028,#2029,#2030,#2031,
#2032,#2033,#2034),(#2035,#2036,#2037,#2038,#2039,#2040,#2041,#2042,#2043,
#2044,#2045),(#2046,#2047,#2048,#2049,#2050,#2051,#2052,#2053,#2054,#2055,
#2056),(#2057,#2058,#2059,#2060,#2061,#2062,#2063,#2064,#2065,#2066,#2067),
(#2068,#2069,#2070,#2071,#2072,#2073,#2074,#2075,#2076,#2077,#2078),(#2079,
#2080,#2081,#2082,#2083,#2084,#2085,#2086,#2087,#2088,#2089),(#2090,#2091,
#2092,#2093,#2094,#2095,#2096,#2097,#2098,#2099,#2100),(#2101,#2102,#2103,
#2104,#2105,#2106,#2107,#2108,#2109,#2110,#2111),(#2112,#2113,#2114,#2115,
#2116,#2117,#2118,#2119,#2120,#2121,#2122),(#2123,#2124,#2125,#2126,#2127,
#2128,#2129,#2130,#2131,#2132,#2133),(#2134,#2135,#2136,#2137,#2138,#2139,
#2140,#2141,#2142,#2143,#2144),(#2145,#2146,#2147,#2148,#2149,#2150,#2151,
#2152,#2153,#2154,#2155),(#2156,#2157,#2158,#2159,#2160,#2161,#2162,#2163,
#2164,#2165,#2166),(#2167,#2168,#2169,#2170,#2171,#2172,#2173,#2174,#2175,
#2176,#2177),(#2178,#2179,#2180,#2181,#2182,#2183,#2184,#2185,#2186,#2187,
#2188),(#2189,#2190,#2191,#2192,#2193,#2194,#2195,#2196,#2197,#2198,#2199),
(#2200,#2201,#2202,#2203,#2204,#2205,#2206,#2207,#2208,#2209,#2210),(#2211,
#2212,#2213,#2214,#2215,#2216,#2217,#2218,#2219,#2220,#2221),(#2222,#2223,
#2224,#2225,#2226,#2227,#2228,#2229,#2230,#2231,#2232),(#2233,#2234,#2235,
#2236,#2237,#2238,#2239,#2240,#2241,#2242,#2243),(#2244,#2245,#2246,#2247,
#2248,#2249,#2250,#2251,#2252,#2253,#2254),(#2255,#2256,#2257,#2258,#2259,
#2260,#2261,#2262,#2263,#2264,#2265),(#2266,#2267,#2268,#2269,#2270,#2271,
#2272,#2273,#2274,#2275,#2276),(#2277,#2278,#2279,#2280,#2281,#2282,#2283,
#2284,#2285,#2286,#2287),(#2288,#2289,#2290,#2291,#2292,#2293,#2294,#2295,
#2296,#2297,#2298),(#2299,#2300,#2301,#2302,#2303,#2304,#2305,#2306,#2307,
#2308,#2309),(#2310,#2311,#2312,#2313,#2314,#2315,#2316,#2317,#2318,#2319,
#2320),(#2321,#2322,#2323,#2324,#2325,#2326,#2327,#2328,#2329,#2330,#2331),
(#2332,#2333,#2334,#2335,#2336,#2337,#2338,#2339,#2340,#2341,#2342),(#2343,
#2344,#2345,#2346,#2347,#2348,#2349,#2350,#2351,#2352,#2353),(#2354,#2355,
#2356,#2357,#2358,#2359,#2360,#2361,#2362,#2363,#2364),(#2365,#2366,#2367,
#2368,#2369,#2370,#2371,#2372,#2373,#2374,#2375),(#2376,#2377,#2378,#2379,
#2380,#2381,#2382,#2383,#2384,#2385,#2386),(#2387,#2388,#2389,#2390,#2391,
#2392,#2393,#2394,#2395,#2396,#2397),(#2398,#2399,#2400,#2401,#2402,#2403,
#2404,#2405,#2406,#2407,#2408),(#2409,#2410,#2411,#2412,#2413,#2414,#2415,
#2416,#2417,#2418,#2419),(#2420,#2421,#2422,#2423,#2424,#2425,#2426,#2427,
#2428,#2429,#2430),(#2431,#2432,#2433,#2434,#2435,#2436,#2437,#2438,#2439,
#2440,#2441),(#2442,#2443,#2444,#2445,#2446,#2447,#2448,#2449,#2450,#2451,
#2452),(#2453,#2454,#2455,#2456,#2457,#2458,#2459,#2460,#2461,#2462,#2463),
(#2464,#2465,#2466,#2467,#2468,#2469,#2470,#2471,#2472,#2473,#2474),(#2475,
#2476,#2477,#2478,#2479,#2480,#2481,#2482,#2483,#2484,#2485),(#2486,#2487,
#2488,#2489,#2490,#2491,#2492,#2493,#2494,#2495,#2496),(#2497,#2498,#2499,
#2500,#2501,#2502,#2503,#2504,#2505,#2506,#2507),(#2508,#2509,#2510,#2511,
#2512,#2513,#2514,#2515,#2516,#2517,#2518),(#2519,#2520,#2521,#2522,#2523,
#2524,#2525,#2526,#2527,#2528,#2529),(#2530,#2531,#2532,#2533,#2534,#2535,
#2536,#2537,#2538,#2539,#2540),(#2541,#2542,#2543,#2544,#2545,#2546,#2547,
#2548,#2549,#2550,#2551),(#2552,#2553,#2554,#2555,#2556,#2557,#2558,#2559,
#2560,#2561,#2562),(#2563,#2564,#2565,#2566,#2567,#2568,#2569,#2570,#2571,
#2572,#2573),(#2574,#2575,#2576,#2577,#2578,#2579,#2580,#2581,#2582,#2583,
#2584),(#2585,#2586,#2587,#2588,#2589,#2590,#2591,#2592,#2593,#2594,#2595),
(#2596,#2597,#2598,#2599,#2600,#2601,#2602,#2603,#2604,#2605,#2606),(#2607,
#2608,#2609,#2610,#2611,#2612,#2613,#2614,#2615,#2616,#2617),(#2618,#2619,
#2620,#2621,#2622,#2623,#2624,#2625,#2626,#2627,#2628),(#2629,#2630,#2631,
#2632,#2633,#2634,#2635,#2636,#2637,#2638,#2639),(#2640,#2641,#2642,#2643,
#2644,#2645,#2646,#2647,#2648,#2649,#2650),(#2651,#2652,#2653,#2654,#2655,
#2656,#2657,#2658,#2659,#2660,#2661),(#2662,#2663,#2664,#2665,#2666,#2667,
#2668,#2669,#2670,#2671,#2672),(#2673,#2674,#2675,#2676,#2677,#2678,#2679,
#2680,#2681,#2682,#2683),(#2684,#2685,#2686,#2687,#2688,#2689,#2690,#2691,
#2692,#2693,#2694),(#2695,#2696,#2697,#2698,#2699,#2700,#2701,#2702,#2703,
#2704,#2705),(#2706,#2707,#2708,#2709,#2710,#2711,#2712,#2713,#2714,#2715,
#2716),(#2717,#2718,#2719,#2720,#2721,#2722,#2723,#2724,#2725,#2726,#2727),
(#2728,#2729,#2730,#2731,#2732,#2733,#2734,#2735,#2736,#2737,#2738),(#2739,
#2740,#2741,#2742,#2743,#2744,#2745,#2746,#2747,#2748,#2749),(#2750,#2751,
#2752,#2753,#2754,#2755,#2756,#2757,#2758,#2759,#2760),(#2761,#2762,#2763,
#2764,#2765,#2766,#2767,#2768,#2769,#2770,#2771),(#2772,#2773,#2774,#2775,
#2776,#2777,#2778,#2779,#2780,#2781,#2782),(#2783,#2784,#2785,#2786,#2787,
#2788,#2789,#2790,#2791,#2792,#2793),(#2794,#2795,#2796,#2797,#2798,#2799,
#2800,#2801,#2802,#2803,#2804),(#2805,#2806,#2807,#2808,#2809,#2810,#2811,
#2812,#2813,#2814,#2815),(#2816,#2817,#2818,#2819,#2820,#2821,#2822,#2823,
#2824,#2825,#2826),(#2827,#2828,#2829,#2830,#2831,#2832,#2833,#2834,#2835,
#2836,#2837),(#2838,#2839,#2840,#2841,#2842,#2843,#2844,#2845,#2846,#2847,
#2848),(#2849,#2850,#2851,#2852,#2853,#2854,#2855,#2856,#2857,#2858,#2859),
(#2860,#2861,#2862,#2863,#2864,#2865,#2866,#2867,#2868,#2869,#2870),(#2871,
#2872,#2873,#2874,#2875,#2876,#2877,#2878,#2879,#2880,#2881),(#2882,#2883,
#2884,#2885,#2886,#2887,#2888,#2889,#2890,#2891,#2892),(#2893,#2894,#2895,
#2896,#2897,#2898,#2899,#2900,#2901,#2902,#2903),(#2904,#2905,#2906,#2907,
#2908,#2909,#2910,#2911,#2912,#2913,#2914),(#2915,#2916,#2917,#2918,#2919,
#2920,#2921,#2922,#2923,#2924,#2925),(#2926,#2927,#2928,#2929,#2930,#2931,
#2932,#2933,#2934,#2935,#2936),(#2937,#2938,#2939,#2940,#2941,#2942,#2943,
#2944,#2945,#2946,#2947),(#2948,#2949,#2950,#2951,#2952,#2953,#2954,#2955,
#2956,#2957,#2958),(#2959,#2960,#2961,#2962,#2963,#2964,#2965,#2966,#2967,
#2968,#2969),(#2970,#2971,#2972,#2973,#2974,#2975,#2976,#2977,#2978,#2979,
#2980),(#2981,#2982,#2983,#2984,#2985,#2986,#2987,#2988,#2989,#2990,#2991),
(#2992,#2993,#2994,#2995,#2996,#2997,#2998,#2999,#3000,#3001,#3002),(#3003,
#3004,#3005,#3006,#3007,#3008,#3009,#3010,#3011,#3012,#3013),(#3014,#3015,
#3016,#3017,#3018,#3019,#3020,#3021,#3022,#3023,#3024),(#3025,#3026,#3027,
#3028,#3029,#3030,#3031,#3032,#3033,#3034,#3035),(#3036,#3037,#3038,#3039,
#3040,#3041,#3042,#3043,#3044,#3045,#3046),(#3047,#3048,#3049,#3050,#3051,
#3052,#3053,#3054,#3055,#3056,#3057),(#3058,#3059,#3060,#3061,#3062,#3063,
#3064,#3065,#3066,#3067,#3068),(#3069,#3070,#3071,#3072,#3073,#3074,#3075,
#3076,#3077,#3078,#3079),(#3080,#3081,#3082,#3083,#3084,#3085,#3086,#3087,
#3088,#3089,#3090),(#3091,#3092,#3093,#3094,#3095,#3096,#3097,#3098,#3099,
#3100,#3101),(#3102,#3103,#3104,#3105,#3106,#3107,#3108,#3109,#3110,#3111,
#3112),(#3113,#3114,#3115,#3116,#3117,#3118,#3119,#3120,#3121,#3122,#3123),
(#3124,#3125,#3126,#3127,#3128,#3129,#3130,#3131,#3132,#3133,#3134),(#3135,
#3136,#3137,#3138,#3139,#3140,#3141,#3142,#3143,#3144,#3145),(#3146,#3147,
#3148,#3149,#3150,#3151,#3152,#3153,#3154,#3155,#3156),(#3157,#3158,#3159,
#3160,#3161,#3162,#3163,#3164,#3165,#3166,#3167),(#3168,#3169,#3170,#3171,
#3172,#3173,#3174,#3175,#3176,#3177,#3178),(#3179,#3180,#3181,#3182,#3183,
#3184,#3185,#3186,#3187,#3188,#3189),(#3190,#3191,#3192,#3193,#3194,#3195,
#3196,#3197,#3198,#3199,#3200),(#3201,#3202,#3203,#3204,#3205,#3206,#3207,
#3208,#3209,#3210,#3211),(#3212,#3213,#3214,#3215,#3216,#3217,#3218,#3219,
#3220,#3221,#3222),(#3223,#3224,#3225,#3226,#3227,#3228,#3229,#3230,#3231,
#3232,#3233),(#3234,#3235,#3236,#3237,#3238,#3239,#3240,#3241,#3242,#3243,
#3244),(#3245,#3246,#3247,#3248,#3249,#3250,#3251,#3252,#3253,#3254,#3255),
(#3256,#3257,#3258,#3259,#3260,#3261,#3262,#3263,#3264,#3265,#3266),(#3267,
#3268,#3269,#3270,#3271,#3272,#3273,#3274,#3275,#3276,#3277),(#3278,#3279,
#3280,#3281,#3282,#3283,#3284,#3285,#3286,#3287,#3288),(#3289,#3290,#3291,
#3292,#3293,#3294,#3295,#3296,#3297,#3298,#3299),(#3300,#3301,#3302,#3303,
#3304,#3305,#3306,#3307,#3308,#3309,#3310),(#3311,#3312,#3313,#3314,#3315,
#3316,#3317,#3318,#3319,#3320,#3321),(#3322,#3323,#3324,#3325,#3326,#3327,
#3328,#3329,#3330,#3331,#3332),(#3333,#3334,#3335,#3336,#3337,#3338,#3339,
#3340,#3341,#3342,#3343),(#3344,#3345,#3346,#3347,#3348,#3349,#3350,#3351,
#3352,#3353,#3354),(#3355,#3356,#3357,#3358,#3359,#3360,#3361,#3362,#3363,
#3364,#3365),(#3366,#3367,#3368,#3369,#3370,#3371,#3372,#3373,#3374,#3375,
#3376),(#3377,#3378,#3379,#3380,#3381,#3382,#3383,#3384,#3385,#3386,#3387),
(#3388,#3389,#3390,#3391,#3392,#3393,#3394,#3395,#3396,#3397,#3398),(#3399,
#3400,#3401,#3402,#3403,#3404,#3405,#3406,#3407,#3408,#3409),(#3410,#3411,
#3412,#3413,#3414,#3415,#3416,#3417,#3418,#3419,#3420),(#3421,#3422,#3423,
#3424,#3425,#3426,#3427,#3428,#3429,#3430,#3431),(#3432,#3433,#3434,#3435,
#3436,#3437,#3438,#3439,#3440,#3441,#3442),(#3443,#3444,#3445,#3446,#3447,
#3448,#3449,#3450,#3451,#3452,#3453),(#3454,#3455,#3456,#3457,#3458,#3459,
#3460,#3461,#3462,#3463,#3464),(#3465,#3466,#3467,#3468,#3469,#3470,#3471,
#3472,#3473,#3474,#3475),(#3476,#3477,#3478,#3479,#3480,#3481,#3482,#3483,
#3484,#3485,#3486),(#3487,#3488,#3489,#3490,#3491,#3492,#3493,#3494,#3495,
#3496,#3497),(#3498,#3499,#3500,#3501,#3502,#3503,#3504,#3505,#3506,#3507,
#3508),(#3509,#3510,#3511,#3512,#3513,#3514,#3515,#3516,#3517,#3518,#3519),
(#3520,#3521,#3522,#3523,#3524,#3525,#3526,#3527,#3528,#3529,#3530),(#3531,
#3532,#3533,#3534,#3535,#3536,#3537,#3538,#3539,#3540,#3541),(#3542,#3543,
#3544,#3545,#3546,#3547,#3548,#3549,#3550,#3551,#3552),(#3553,#3554,#3555,
#3556,#3557,#3558,#3559,#3560,#3561,#3562,#3563),(#3564,#3565,#3566,#3567,
#3568,#3569,#3570,#3571,#3572,#3573,#3574),(#3575,#3576,#3577,#3578,#3579,
#3580,#3581,#3582,#3583,#3584,#3585),(#3586,#3587,#3588,#3589,#3590,#3591,
#3592,#3593,#3594,#3595,#3596),(#3597,#3598,#3599,#3600,#3601,#3602,#3603,
#3604,#3605,#3606,#3607),(#3608,#3609,#3610,#3611,#3612,#3613,#3614,#3615,
#3616,#3617,#3618),(#3619,#3620,#3621,#3622,#3623,#3624,#3625,#3626,#3627,
#3628,#3629),(#3630,#3631,#3632,#3633,#3634,#3635,#3636,#3637,#3638,#3639,
#3640),(#3641,#3642,#3643,#3644,#3645,#3646,#3647,#3648,#3649,#3650,#3651),
(#3652,#3653,#3654,#3655,#3656,#3657,#3658,#3659,#3660,#3661,#3662),(#3663,
#3664,#3665,#3666,#3667,#3668,#3669,#3670,#3671,#3672,#3673),(#3674,#3675,
#3676,#3677,#3678,#3679,#3680,#3681,#3682,#3683,#3684),(#3685,#3686,#3687,
#3688,#3689,#3690,#3691,#3692,#3693,#3694,#3695),(#3696,#3697,#3698,#3699,
#3700,#3701,#3702,#3703,#3704,#3705,#3706),(#3707,#3708,#3709,#3710,#3711,
#3712,#3713,#3714,#3715,#3716,#3717),(#3718,#3719,#3720,#3721,#3722,#3723,
#3724,#3725,#3726,#3727,#3728),(#3729,#3730,#3731,#3732,#3733,#3734,#3735,
#3736,#3737,#3738,#3739),(#3740,#3741,#3742,#3743,#3744,#3745,#3746,#3747,
#3748,#3749,#3750),(#3751,#3752,#3753,#3754,#3755,#3756,#3757,#3758,#3759,
#3760,#3761),(#3762,#3763,#3764,#3765,#3766,#3767,#3768,#3769,#3770,#3771,
#3772),(#3773,#3774,#3775,#3776,#3777,#3778,#3779,#3780,#3781,#3782,#3783),
(#3784,#3785,#3786,#3787,#3788,#3789,#3790,#3791,#3792,#3793,#3794),(#3795,
#3796,#3797,#3798,#3799,#3800,#3801,#3802,#3803,#3804,#3805),(#3806,#3807,
#3808,#3809,#3810,#3811,#3812,#3813,#3814,#3815,#3816),(#3817,#3818,#3819,
#3820,#3821,#3822,#3823,#3824,#3825,#3826,#3827),(#3828,#3829,#3830,#3831,
#3832,#3833,#3834,#3835,#3836,#3837,#3838),(#3839,#3840,#3841,#3842,#3843,
#3844,#3845,#3846,#3847,#3848,#3849),(#3850,#3851,#3852,#3853,#3854,#3855,
#3856,#3857,#3858,#3859,#3860),(#3861,#3862,#3863,#3864,#3865,#3866,#3867,
#3868,#3869,#3870,#3871),(#3872,#3873,#3874,#3875,#3876,#3877,#3878,#3879,
#3880,#3881,#3882),(#3883,#3884,#3885,#3886,#3887,#3888,#3889,#3890,#3891,
#3892,#3893),(#3894,#3895,#3896,#3897,#3898,#3899,#3900,#3901,#3902,#3903,
#3904),(#3905,#3906,#3907,#3908,#3909,#3910,#3911,#3912,#3913,#3914,#3915),
(#3916,#3917,#3918,#3919,#3920,#3921,#3922,#3923,#3924,#3925,#3926),(#3927,
#3928,#3929,#3930,#3931,#3932,#3933,#3934,#3935,#3936,#3937),(#3938,#3939,
#3940,#3941,#3942,#3943,#3944,#3945,#3946,#3947,#3948),(#3949,#3950,#3951,
#3952,#3953,#3954,#3955,#3956,#3957,#3958,#3959),(#3960,#3961,#3962,#3963,
#3964,#3965,#3966,#3967,#3968,#3969,#3970),(#3971,#3972,#3973,#3974,#3975,
#3976,#3977,#3978,#3979,#3980,#3981),(#3982,#3983,#3984,#3985,#3986,#3987,
#3988,#3989,#3990,#3991,#3992),(#3993,#3994,#3995,#3996,#3997,#3998,#3999,
#4000,#4001,#4002,#4003),(#4004,#4005,#4006,#4007,#4008,#4009,#4010,#4011,
#4012,#4013,#4014),(#4015,#4016,#4017,#4018,#4019,#4020,#4021,#4022,#4023,
#4024,#4025),(#4026,#4027,#4028,#4029,#4030,#4031,#4032,#4033,#4034,#4035,
#4036),(#4037,#4038,#4039,#4040,#4041,#4042,#4043,#4044,#4045,#4046,#4047),
(#4048,#4049,#4050,#4051,#4052,#4053,#4054,#4055,#4056,#4057,#4058),(#4059,
#4060,#4061,#4062,#4063,#4064,#4065,#4066,#4067,#4068,#4069),(#4070,#4071,
#4072,#4073,#4074,#4075,#4076,#4077,#4078,#4079,#4080),(#4081,#4082,#4083,
#4084,#4085,#4086,#4087,#4088,#4089,#4090,#4091),(#4092,#4093,#4094,#4095,
#4096,#4097,#4098,#4099,#4100,#4101,#4102),(#4103,#4104,#4105,#4106,#4107,
#4108,#4109,#4110,#4111,#4112,#4113),(#4114,#4115,#4116,#4117,#4118,#4119,
#4120,#4121,#4122,#4123,#4124),(#4125,#4126,#4127,#4128,#4129,#4130,#4131,
#4132,#4133,#4134,#4135),(#4136,#4137,#4138,#4139,#4140,#4141,#4142,#4143,
#4144,#4145,#4146),(#4147,#4148,#4149,#4150,#4151,#4152,#4153,#4154,#4155,
#4156,#4157),(#4158,#4159,#4160,#4161,#4162,#4163,#4164,#4165,#4166,#4167,
#4168),(#4169,#4170,#4171,#4172,#4173,#4174,#4175,#4176,#4177,#4178,#4179),
(#4180,#4181,#4182,#4183,#4184,#4185,#4186,#4187,#4188,#4189,#4190),(#4191,
#4192,#4193,#4194,#4195,#4196,#4197,#4198,#4199,#4200,#4201),(#4202,#4203,
#4204,#4205,#4206,#4207,#4208,#4209,#4210,#4211,#4212),(#4213,#4214,#4215,
#4216,#4217,#4218,#4219,#4220,#4221,#4222,#4223),(#4224,#4225,#4226,#4227,
#4228,#4229,#4230,#4231,#4232,#4233,#4234),(#4235,#4236,#4237,#4238,#4239,
#4240,#4241,#4242,#4243,#4244,#4245),(#4246,#4247,#4248,#4249,#4250,#4251,
#4252,#4253,#4254,#4255,#4256),(#4257,#4258,#4259,#4260,#4261,#4262,#4263,
#4264,#4265,#4266,#4267),(#4268,#4269,#4270,#4271,#4272,#4273,#4274,#4275,
#4276,#4277,#4278),(#4279,#4280,#4281,#4282,#4283,#4284,#4285,#4286,#4287,
#4288,#4289),(#4290,#4291,#4292,#4293,#4294,#4295,#4296,#4297,#4298,#4299,
#4300),(#4301,#4302,#4303,#4304,#4305,#4306,#4307,#4308,#4309,#4310,#4311),
(#4312,#4313,#4314,#4315,#4316,#4317,#4318,#4319,#4320,#4321,#4322),(#4323,
#4324,#4325,#4326,#4327,#4328,#4329,#4330,#4331,#4332,#4333),(#4334,#4335,
#4336,#4337,#4338,#4339,#4340,#4341,#4342,#4343,#4344),(#4345,#4346,#4347,
#4348,#4349,#4350,#4351,#4352,#4353,#4354,#4355),(#4356,#4357,#4358,#4359,
#4360,#4361,#4362,#4363,#4364,#4365,#4366),(#4367,#4368,#4369,#4370,#4371,
#4372,#4373,#4374,#4375,#4376,#4377),(#4378,#4379,#4380,#4381,#4382,#4383,
#4384,#4385,#4386,#4387,#4388),(#4389,#4390,#4391,#4392,#4393,#4394,#4395,
#4396,#4397,#4398,#4399),(#4400,#4401,#4402,#4403,#4404,#4405,#4406,#4407,
#4408,#4409,#4410),(#4411,#4412,#4413,#4414,#4415,#4416,#4417,#4418,#4419,
#4420,#4421),(#4422,#4423,#4424,#4425,#4426,#4427,#4428,#4429,#4430,#4431,
#4432),(#4433,#4434,#4435,#4436,#4437,#4438,#4439,#4440,#4441,#4442,#4443),
(#4444,#4445,#4446,#4447,#4448,#4449,#4450,#4451,#4452,#4453,#4454),(#4455,
#4456,#4457,#4458,#4459,#4460,#4461,#4462,#4463,#4464,#4465),(#4466,#4467,
#4468,#4469,#4470,#4471,#4472,#4473,#4474,#4475,#4476),(#4477,#4478,#4479,
#4480,#4481,#4482,#4483,#4484,#4485,#4486,#4487),(#4488,#4489,#4490,#4491,
#4492,#4493,#4494,#4495,#4496,#4497,#4498),(#4499,#4500,#4501,#4502,#4503,
#4504,#4505,#4506,#4507,#4508,#4509),(#4510,#4511,#4512,#4513,#4514,#4515,
#4516,#4517,#4518,#4519,#4520),(#4521,#4522,#4523,#4524,#4525,#4526,#4527,
#4528,#4529,#4530,#4531),(#4532,#4533,#4534,#4535,#4536,#4537,#4538,#4539,
#4540,#4541,#4542),(#4543,#4544,#4545,#4546,#4547,#4548,#4549,#4550,#4551,
#4552,#4553),(#4554,#4555,#4556,#4557,#4558,#4559,#4560,#4561,#4562,#4563,
#4564),(#4565,#4566,#4567,#4568,#4569,#4570,#4571,#4572,#4573,#4574,#4575),
(#4576,#4577,#4578,#4579,#4580,#4581,#4582,#4583,#4584,#4585,#4586),(#4587,
#4588,#4589,#4590,#4591,#4592,#4593,#4594,#4595,#4596,#4597),(#4598,#4599,
#4600,#4601,#4602,#4603,#4604,#4605,#4606,#4607,#4608),(#4609,#4610,#4611,
#4612,#4613,#4614,#4615,#4616,#4617,#4618,#4619),(#4620,#4621,#4622,#4623,
#4624,#4625,#4626,#4627,#4628,#4629,#4630),(#4631,#4632,#4633,#4634,#4635,
#4636,#4637,#4638,#4639,#4640,#4641),(#4642,#4643,#4644,#4645,#4646,#4647,
#4648,#4649,#4650,#4651,#4652),(#4653,#4654,#4655,#4656,#4657,#4658,#4659,
#4660,#4661,#4662,#4663),(#4664,#4665,#4666,#4667,#4668,#4669,#4670,#4671,
#4672,#4673,#4674),(#4675,#4676,#4677,#4678,#4679,#4680,#4681,#4682,#4683,
#4684,#4685),(#4686,#4687,#4688,#4689,#4690,#4691,#4692,#4693,#4694,#4695,
#4696)),.UNSPECIFIED.,.F.,.F.,.F.,(4,2,2,2,2,2,2,2,2,2,2,2,2,2,2,2,2,2,
2,2,2,2,2,2,2,2,2,2,2,2,2,2,2,2,2,2,2,2,2,2,2,2,2,2,2,2,2,2,2,2,2,2,2,2,
2,2,2,2,2,2,2,2,2,2,2,2,2,2,2,2,2,2,2,2,2,2,2,2,2,2,2,2,2,2,2,2,2,2,2,2,
2,2,2,2,2,2,2,2,2,2,2,2,2,2,2,2,2,2,2,2,2,2,2,2,2,2,2,2,2,2,2,2,2,2,2,2,
2,2,2,2,2,2,2,2,2,2,2,2,2,2,4),(4,1,1,1,1,3,4),(0.,0.00390625,0.0048828125,
0.00537109375,0.005859375,0.0078125,0.01171875,0.013671875,0.0146484375,
0.015625,0.0234375,0.025390625,0.02734375,0.03125,0.0390625,0.046875,0.0546875,
0.0625,0.0703125,0.078125,0.0859375,0.09375,0.109375,0.125,0.1328125,0.140625,
0.1484375,0.15625,0.171875,0.1875,0.203125,0.21875,0.234375,0.25,0.2578125,
0.265625,0.2734375,0.28125,0.296875,0.30078125,0.3046875,0.3125,0.3203125,
0.328125,0.34375,0.359375,0.3671875,0.375,0.3828125,0.390625,0.3984375,
0.40625,0.421875,0.4375,0.453125,0.4609375,0.46484375,0.46875,0.4765625,
0.478515625,0.4794921875,0.48046875,0.484375,0.48828125,0.4892578125,0.490234375,
0.4921875,0.49609375,0.4970703125,0.498046875,0.5,0.50390625,0.5048828125,
0.505859375,0.5078125,0.51171875,0.513671875,0.5146484375,0.515625,0.5234375,
0.52734375,0.53125,0.5390625,0.54296875,0.546875,0.5546875,0.5625,0.5703125,
0.578125,0.5859375,0.59375,0.609375,0.625,0.6328125,0.640625,0.6484375,
0.65625,0.671875,0.6796875,0.6875,0.6953125,0.703125,0.7109375,0.71875,
0.734375,0.7421875,0.75,0.7578125,0.765625,0.78125,0.796875,0.8125,0.828125,
0.84375,0.8515625,0.859375,0.8671875,0.875,0.890625,0.90625,0.9140625,0.921875,
0.9296875,0.9375,0.9453125,0.953125,0.9609375,0.96875,0.97265625,0.974609375,
0.9765625,0.984375,0.9853515625,0.986328125,0.98828125,0.9921875,0.994140625,
0.99462890625,0.9951171875,0.99609375,1.),(0.378935269657576,0.482564304440193,
0.679905319052755,0.855517154287477,0.978662033374354,1.,1.00370425886809),
 .UNSPECIFIED.);
#26=B_SPLINE_SURFACE_WITH_KNOTS('',3,3,((#4698,#4699,#4700,#4701,#4702,
#4703,#4704),(#4705,#4706,#4707,#4708,#4709,#4710,#4711),(#4712,#4713,#4714,
#4715,#4716,#4717,#4718),(#4719,#4720,#4721,#4722,#4723,#4724,#4725),(#4726,
#4727,#4728,#4729,#4730,#4731,#4732),(#4733,#4734,#4735,#4736,#4737,#4738,
#4739),(#4740,#4741,#4742,#4743,#4744,#4745,#4746),(#4747,#4748,#4749,#4750,
#4751,#4752,#4753),(#4754,#4755,#4756,#4757,#4758,#4759,#4760),(#4761,#4762,
#4763,#4764,#4765,#4766,#4767),(#4768,#4769,#4770,#4771,#4772,#4773,#4774),
(#4775,#4776,#4777,#4778,#4779,#4780,#4781),(#4782,#4783,#4784,#4785,#4786,
#4787,#4788),(#4789,#4790,#4791,#4792,#4793,#4794,#4795),(#4796,#4797,#4798,
#4799,#4800,#4801,#4802),(#4803,#4804,#4805,#4806,#4807,#4808,#4809),(#4810,
#4811,#4812,#4813,#4814,#4815,#4816),(#4817,#4818,#4819,#4820,#4821,#4822,
#4823),(#4824,#4825,#4826,#4827,#4828,#4829,#4830),(#4831,#4832,#4833,#4834,
#4835,#4836,#4837),(#4838,#4839,#4840,#4841,#4842,#4843,#4844),(#4845,#4846,
#4847,#4848,#4849,#4850,#4851),(#4852,#4853,#4854,#4855,#4856,#4857,#4858),
(#4859,#4860,#4861,#4862,#4863,#4864,#4865),(#4866,#4867,#4868,#4869,#4870,
#4871,#4872),(#4873,#4874,#4875,#4876,#4877,#4878,#4879),(#4880,#4881,#4882,
#4883,#4884,#4885,#4886),(#4887,#4888,#4889,#4890,#4891,#4892,#4893),(#4894,
#4895,#4896,#4897,#4898,#4899,#4900),(#4901,#4902,#4903,#4904,#4905,#4906,
#4907),(#4908,#4909,#4910,#4911,#4912,#4913,#4914),(#4915,#4916,#4917,#4918,
#4919,#4920,#4921),(#4922,#4923,#4924,#4925,#4926,#4927,#4928),(#4929,#4930,
#4931,#4932,#4933,#4934,#4935),(#4936,#4937,#4938,#4939,#4940,#4941,#4942),
(#4943,#4944,#4945,#4946,#4947,#4948,#4949),(#4950,#4951,#4952,#4953,#4954,
#4955,#4956),(#4957,#4958,#4959,#4960,#4961,#4962,#4963),(#4964,#4965,#4966,
#4967,#4968,#4969,#4970),(#4971,#4972,#4973,#4974,#4975,#4976,#4977),(#4978,
#4979,#4980,#4981,#4982,#4983,#4984),(#4985,#4986,#4987,#4988,#4989,#4990,
#4991),(#4992,#4993,#4994,#4995,#4996,#4997,#4998),(#4999,#5000,#5001,#5002,
#5003,#5004,#5005),(#5006,#5007,#5008,#5009,#5010,#5011,#5012),(#5013,#5014,
#5015,#5016,#5017,#5018,#5019),(#5020,#5021,#5022,#5023,#5024,#5025,#5026),
(#5027,#5028,#5029,#5030,#5031,#5032,#5033),(#5034,#5035,#5036,#5037,#5038,
#5039,#5040),(#5041,#5042,#5043,#5044,#5045,#5046,#5047),(#5048,#5049,#5050,
#5051,#5052,#5053,#5054),(#5055,#5056,#5057,#5058,#5059,#5060,#5061),(#5062,
#5063,#5064,#5065,#5066,#5067,#5068),(#5069,#5070,#5071,#5072,#5073,#5074,
#5075),(#5076,#5077,#5078,#5079,#5080,#5081,#5082),(#5083,#5084,#5085,#5086,
#5087,#5088,#5089),(#5090,#5091,#5092,#5093,#5094,#5095,#5096),(#5097,#5098,
#5099,#5100,#5101,#5102,#5103),(#5104,#5105,#5106,#5107,#5108,#5109,#5110),
(#5111,#5112,#5113,#5114,#5115,#5116,#5117),(#5118,#5119,#5120,#5121,#5122,
#5123,#5124),(#5125,#5126,#5127,#5128,#5129,#5130,#5131),(#5132,#5133,#5134,
#5135,#5136,#5137,#5138),(#5139,#5140,#5141,#5142,#5143,#5144,#5145),(#5146,
#5147,#5148,#5149,#5150,#5151,#5152),(#5153,#5154,#5155,#5156,#5157,#5158,
#5159),(#5160,#5161,#5162,#5163,#5164,#5165,#5166),(#5167,#5168,#5169,#5170,
#5171,#5172,#5173),(#5174,#5175,#5176,#5177,#5178,#5179,#5180),(#5181,#5182,
#5183,#5184,#5185,#5186,#5187),(#5188,#5189,#5190,#5191,#5192,#5193,#5194),
(#5195,#5196,#5197,#5198,#5199,#5200,#5201),(#5202,#5203,#5204,#5205,#5206,
#5207,#5208),(#5209,#5210,#5211,#5212,#5213,#5214,#5215),(#5216,#5217,#5218,
#5219,#5220,#5221,#5222),(#5223,#5224,#5225,#5226,#5227,#5228,#5229),(#5230,
#5231,#5232,#5233,#5234,#5235,#5236),(#5237,#5238,#5239,#5240,#5241,#5242,
#5243),(#5244,#5245,#5246,#5247,#5248,#5249,#5250),(#5251,#5252,#5253,#5254,
#5255,#5256,#5257),(#5258,#5259,#5260,#5261,#5262,#5263,#5264),(#5265,#5266,
#5267,#5268,#5269,#5270,#5271),(#5272,#5273,#5274,#5275,#5276,#5277,#5278),
(#5279,#5280,#5281,#5282,#5283,#5284,#5285),(#5286,#5287,#5288,#5289,#5290,
#5291,#5292),(#5293,#5294,#5295,#5296,#5297,#5298,#5299),(#5300,#5301,#5302,
#5303,#5304,#5305,#5306),(#5307,#5308,#5309,#5310,#5311,#5312,#5313),(#5314,
#5315,#5316,#5317,#5318,#5319,#5320),(#5321,#5322,#5323,#5324,#5325,#5326,
#5327),(#5328,#5329,#5330,#5331,#5332,#5333,#5334),(#5335,#5336,#5337,#5338,
#5339,#5340,#5341),(#5342,#5343,#5344,#5345,#5346,#5347,#5348),(#5349,#5350,
#5351,#5352,#5353,#5354,#5355),(#5356,#5357,#5358,#5359,#5360,#5361,#5362),
(#5363,#5364,#5365,#5366,#5367,#5368,#5369),(#5370,#5371,#5372,#5373,#5374,
#5375,#5376),(#5377,#5378,#5379,#5380,#5381,#5382,#5383),(#5384,#5385,#5386,
#5387,#5388,#5389,#5390),(#5391,#5392,#5393,#5394,#5395,#5396,#5397),(#5398,
#5399,#5400,#5401,#5402,#5403,#5404),(#5405,#5406,#5407,#5408,#5409,#5410,
#5411),(#5412,#5413,#5414,#5415,#5416,#5417,#5418),(#5419,#5420,#5421,#5422,
#5423,#5424,#5425),(#5426,#5427,#5428,#5429,#5430,#5431,#5432),(#5433,#5434,
#5435,#5436,#5437,#5438,#5439),(#5440,#5441,#5442,#5443,#5444,#5445,#5446),
(#5447,#5448,#5449,#5450,#5451,#5452,#5453),(#5454,#5455,#5456,#5457,#5458,
#5459,#5460),(#5461,#5462,#5463,#5464,#5465,#5466,#5467),(#5468,#5469,#5470,
#5471,#5472,#5473,#5474),(#5475,#5476,#5477,#5478,#5479,#5480,#5481),(#5482,
#5483,#5484,#5485,#5486,#5487,#5488),(#5489,#5490,#5491,#5492,#5493,#5494,
#5495),(#5496,#5497,#5498,#5499,#5500,#5501,#5502),(#5503,#5504,#5505,#5506,
#5507,#5508,#5509),(#5510,#5511,#5512,#5513,#5514,#5515,#5516),(#5517,#5518,
#5519,#5520,#5521,#5522,#5523),(#5524,#5525,#5526,#5527,#5528,#5529,#5530),
(#5531,#5532,#5533,#5534,#5535,#5536,#5537),(#5538,#5539,#5540,#5541,#5542,
#5543,#5544),(#5545,#5546,#5547,#5548,#5549,#5550,#5551),(#5552,#5553,#5554,
#5555,#5556,#5557,#5558),(#5559,#5560,#5561,#5562,#5563,#5564,#5565),(#5566,
#5567,#5568,#5569,#5570,#5571,#5572),(#5573,#5574,#5575,#5576,#5577,#5578,
#5579),(#5580,#5581,#5582,#5583,#5584,#5585,#5586),(#5587,#5588,#5589,#5590,
#5591,#5592,#5593),(#5594,#5595,#5596,#5597,#5598,#5599,#5600),(#5601,#5602,
#5603,#5604,#5605,#5606,#5607),(#5608,#5609,#5610,#5611,#5612,#5613,#5614),
(#5615,#5616,#5617,#5618,#5619,#5620,#5621),(#5622,#5623,#5624,#5625,#5626,
#5627,#5628),(#5629,#5630,#5631,#5632,#5633,#5634,#5635),(#5636,#5637,#5638,
#5639,#5640,#5641,#5642),(#5643,#5644,#5645,#5646,#5647,#5648,#5649),(#5650,
#5651,#5652,#5653,#5654,#5655,#5656),(#5657,#5658,#5659,#5660,#5661,#5662,
#5663),(#5664,#5665,#5666,#5667,#5668,#5669,#5670),(#5671,#5672,#5673,#5674,
#5675,#5676,#5677),(#5678,#5679,#5680,#5681,#5682,#5683,#5684),(#5685,#5686,
#5687,#5688,#5689,#5690,#5691),(#5692,#5693,#5694,#5695,#5696,#5697,#5698),
(#5699,#5700,#5701,#5702,#5703,#5704,#5705),(#5706,#5707,#5708,#5709,#5710,
#5711,#5712),(#5713,#5714,#5715,#5716,#5717,#5718,#5719),(#5720,#5721,#5722,
#5723,#5724,#5725,#5726),(#5727,#5728,#5729,#5730,#5731,#5732,#5733),(#5734,
#5735,#5736,#5737,#5738,#5739,#5740),(#5741,#5742,#5743,#5744,#5745,#5746,
#5747),(#5748,#5749,#5750,#5751,#5752,#5753,#5754),(#5755,#5756,#5757,#5758,
#5759,#5760,#5761),(#5762,#5763,#5764,#5765,#5766,#5767,#5768),(#5769,#5770,
#5771,#5772,#5773,#5774,#5775),(#5776,#5777,#5778,#5779,#5780,#5781,#5782),
(#5783,#5784,#5785,#5786,#5787,#5788,#5789),(#5790,#5791,#5792,#5793,#5794,
#5795,#5796),(#5797,#5798,#5799,#5800,#5801,#5802,#5803),(#5804,#5805,#5806,
#5807,#5808,#5809,#5810),(#5811,#5812,#5813,#5814,#5815,#5816,#5817),(#5818,
#5819,#5820,#5821,#5822,#5823,#5824),(#5825,#5826,#5827,#5828,#5829,#5830,
#5831),(#5832,#5833,#5834,#5835,#5836,#5837,#5838),(#5839,#5840,#5841,#5842,
#5843,#5844,#5845),(#5846,#5847,#5848,#5849,#5850,#5851,#5852),(#5853,#5854,
#5855,#5856,#5857,#5858,#5859),(#5860,#5861,#5862,#5863,#5864,#5865,#5866),
(#5867,#5868,#5869,#5870,#5871,#5872,#5873),(#5874,#5875,#5876,#5877,#5878,
#5879,#5880),(#5881,#5882,#5883,#5884,#5885,#5886,#5887),(#5888,#5889,#5890,
#5891,#5892,#5893,#5894),(#5895,#5896,#5897,#5898,#5899,#5900,#5901),(#5902,
#5903,#5904,#5905,#5906,#5907,#5908),(#5909,#5910,#5911,#5912,#5913,#5914,
#5915),(#5916,#5917,#5918,#5919,#5920,#5921,#5922),(#5923,#5924,#5925,#5926,
#5927,#5928,#5929),(#5930,#5931,#5932,#5933,#5934,#5935,#5936),(#5937,#5938,
#5939,#5940,#5941,#5942,#5943),(#5944,#5945,#5946,#5947,#5948,#5949,#5950),
(#5951,#5952,#5953,#5954,#5955,#5956,#5957),(#5958,#5959,#5960,#5961,#5962,
#5963,#5964),(#5965,#5966,#5967,#5968,#5969,#5970,#5971),(#5972,#5973,#5974,
#5975,#5976,#5977,#5978),(#5979,#5980,#5981,#5982,#5983,#5984,#5985),(#5986,
#5987,#5988,#5989,#5990,#5991,#5992),(#5993,#5994,#5995,#5996,#5997,#5998,
#5999),(#6000,#6001,#6002,#6003,#6004,#6005,#6006),(#6007,#6008,#6009,#6010,
#6011,#6012,#6013),(#6014,#6015,#6016,#6017,#6018,#6019,#6020),(#6021,#6022,
#6023,#6024,#6025,#6026,#6027),(#6028,#6029,#6030,#6031,#6032,#6033,#6034),
(#6035,#6036,#6037,#6038,#6039,#6040,#6041),(#6042,#6043,#6044,#6045,#6046,
#6047,#6048),(#6049,#6050,#6051,#6052,#6053,#6054,#6055),(#6056,#6057,#6058,
#6059,#6060,#6061,#6062),(#6063,#6064,#6065,#6066,#6067,#6068,#6069),(#6070,
#6071,#6072,#6073,#6074,#6075,#6076),(#6077,#6078,#6079,#6080,#6081,#6082,
#6083),(#6084,#6085,#6086,#6087,#6088,#6089,#6090),(#6091,#6092,#6093,#6094,
#6095,#6096,#6097),(#6098,#6099,#6100,#6101,#6102,#6103,#6104),(#6105,#6106,
#6107,#6108,#6109,#6110,#6111),(#6112,#6113,#6114,#6115,#6116,#6117,#6118),
(#6119,#6120,#6121,#6122,#6123,#6124,#6125),(#6126,#6127,#6128,#6129,#6130,
#6131,#6132),(#6133,#6134,#6135,#6136,#6137,#6138,#6139),(#6140,#6141,#6142,
#6143,#6144,#6145,#6146),(#6147,#6148,#6149,#6150,#6151,#6152,#6153),(#6154,
#6155,#6156,#6157,#6158,#6159,#6160),(#6161,#6162,#6163,#6164,#6165,#6166,
#6167),(#6168,#6169,#6170,#6171,#6172,#6173,#6174),(#6175,#6176,#6177,#6178,
#6179,#6180,#6181),(#6182,#6183,#6184,#6185,#6186,#6187,#6188),(#6189,#6190,
#6191,#6192,#6193,#6194,#6195),(#6196,#6197,#6198,#6199,#6200,#6201,#6202),
(#6203,#6204,#6205,#6206,#6207,#6208,#6209),(#6210,#6211,#6212,#6213,#6214,
#6215,#6216),(#6217,#6218,#6219,#6220,#6221,#6222,#6223),(#6224,#6225,#6226,
#6227,#6228,#6229,#6230),(#6231,#6232,#6233,#6234,#6235,#6236,#6237),(#6238,
#6239,#6240,#6241,#6242,#6243,#6244),(#6245,#6246,#6247,#6248,#6249,#6250,
#6251),(#6252,#6253,#6254,#6255,#6256,#6257,#6258),(#6259,#6260,#6261,#6262,
#6263,#6264,#6265),(#6266,#6267,#6268,#6269,#6270,#6271,#6272),(#6273,#6274,
#6275,#6276,#6277,#6278,#6279),(#6280,#6281,#6282,#6283,#6284,#6285,#6286),
(#6287,#6288,#6289,#6290,#6291,#6292,#6293),(#6294,#6295,#6296,#6297,#6298,
#6299,#6300),(#6301,#6302,#6303,#6304,#6305,#6306,#6307),(#6308,#6309,#6310,
#6311,#6312,#6313,#6314),(#6315,#6316,#6317,#6318,#6319,#6320,#6321),(#6322,
#6323,#6324,#6325,#6326,#6327,#6328),(#6329,#6330,#6331,#6332,#6333,#6334,
#6335),(#6336,#6337,#6338,#6339,#6340,#6341,#6342),(#6343,#6344,#6345,#6346,
#6347,#6348,#6349),(#6350,#6351,#6352,#6353,#6354,#6355,#6356),(#6357,#6358,
#6359,#6360,#6361,#6362,#6363),(#6364,#6365,#6366,#6367,#6368,#6369,#6370),
(#6371,#6372,#6373,#6374,#6375,#6376,#6377),(#6378,#6379,#6380,#6381,#6382,
#6383,#6384),(#6385,#6386,#6387,#6388,#6389,#6390,#6391),(#6392,#6393,#6394,
#6395,#6396,#6397,#6398),(#6399,#6400,#6401,#6402,#6403,#6404,#6405),(#6406,
#6407,#6408,#6409,#6410,#6411,#6412),(#6413,#6414,#6415,#6416,#6417,#6418,
#6419),(#6420,#6421,#6422,#6423,#6424,#6425,#6426),(#6427,#6428,#6429,#6430,
#6431,#6432,#6433),(#6434,#6435,#6436,#6437,#6438,#6439,#6440),(#6441,#6442,
#6443,#6444,#6445,#6446,#6447),(#6448,#6449,#6450,#6451,#6452,#6453,#6454),
(#6455,#6456,#6457,#6458,#6459,#6460,#6461),(#6462,#6463,#6464,#6465,#6466,
#6467,#6468),(#6469,#6470,#6471,#6472,#6473,#6474,#6475),(#6476,#6477,#6478,
#6479,#6480,#6481,#6482),(#6483,#6484,#6485,#6486,#6487,#6488,#6489),(#6490,
#6491,#6492,#6493,#6494,#6495,#6496),(#6497,#6498,#6499,#6500,#6501,#6502,
#6503),(#6504,#6505,#6506,#6507,#6508,#6509,#6510),(#6511,#6512,#6513,#6514,
#6515,#6516,#6517),(#6518,#6519,#6520,#6521,#6522,#6523,#6524),(#6525,#6526,
#6527,#6528,#6529,#6530,#6531),(#6532,#6533,#6534,#6535,#6536,#6537,#6538),
(#6539,#6540,#6541,#6542,#6543,#6544,#6545),(#6546,#6547,#6548,#6549,#6550,
#6551,#6552),(#6553,#6554,#6555,#6556,#6557,#6558,#6559),(#6560,#6561,#6562,
#6563,#6564,#6565,#6566),(#6567,#6568,#6569,#6570,#6571,#6572,#6573),(#6574,
#6575,#6576,#6577,#6578,#6579,#6580),(#6581,#6582,#6583,#6584,#6585,#6586,
#6587),(#6588,#6589,#6590,#6591,#6592,#6593,#6594),(#6595,#6596,#6597,#6598,
#6599,#6600,#6601),(#6602,#6603,#6604,#6605,#6606,#6607,#6608),(#6609,#6610,
#6611,#6612,#6613,#6614,#6615),(#6616,#6617,#6618,#6619,#6620,#6621,#6622),
(#6623,#6624,#6625,#6626,#6627,#6628,#6629),(#6630,#6631,#6632,#6633,#6634,
#6635,#6636),(#6637,#6638,#6639,#6640,#6641,#6642,#6643),(#6644,#6645,#6646,
#6647,#6648,#6649,#6650),(#6651,#6652,#6653,#6654,#6655,#6656,#6657),(#6658,
#6659,#6660,#6661,#6662,#6663,#6664),(#6665,#6666,#6667,#6668,#6669,#6670,
#6671)),.UNSPECIFIED.,.F.,.F.,.F.,(4,2,2,2,2,2,2,2,2,2,2,2,2,2,2,2,2,2,
2,2,2,2,2,2,2,2,2,2,2,2,2,2,2,2,2,2,2,2,2,2,2,2,2,2,2,2,2,2,2,2,2,2,2,2,
2,2,2,2,2,2,2,2,2,2,2,2,2,2,2,2,2,2,2,2,2,2,2,2,2,2,2,2,2,2,2,2,2,2,2,2,
2,2,2,2,2,2,2,2,2,2,2,2,2,2,2,2,2,2,2,2,2,2,2,2,2,2,2,2,2,2,2,2,2,2,2,2,
2,2,2,2,2,2,2,2,2,2,2,2,2,2,4),(4,1,1,1,4),(0.,0.00390625,0.0048828125,
0.00537109375,0.005859375,0.0078125,0.01171875,0.013671875,0.0146484375,
0.015625,0.0234375,0.025390625,0.02734375,0.03125,0.0390625,0.046875,0.0546875,
0.0625,0.0703125,0.078125,0.0859375,0.09375,0.109375,0.125,0.1328125,0.140625,
0.1484375,0.15625,0.171875,0.1875,0.203125,0.21875,0.234375,0.25,0.2578125,
0.265625,0.2734375,0.28125,0.296875,0.30078125,0.3046875,0.3125,0.3203125,
0.328125,0.34375,0.359375,0.3671875,0.375,0.3828125,0.390625,0.3984375,
0.40625,0.421875,0.4375,0.453125,0.4609375,0.46484375,0.46875,0.4765625,
0.478515625,0.4794921875,0.48046875,0.484375,0.48828125,0.4892578125,0.490234375,
0.4921875,0.49609375,0.4970703125,0.498046875,0.5,0.50390625,0.5048828125,
0.505859375,0.5078125,0.51171875,0.513671875,0.5146484375,0.515625,0.5234375,
0.52734375,0.53125,0.5390625,0.54296875,0.546875,0.5546875,0.5625,0.5703125,
0.578125,0.5859375,0.59375,0.609375,0.625,0.6328125,0.640625,0.6484375,
0.65625,0.671875,0.6796875,0.6875,0.6953125,0.703125,0.7109375,0.71875,
0.734375,0.7421875,0.75,0.7578125,0.765625,0.78125,0.796875,0.8125,0.828125,
0.84375,0.8515625,0.859375,0.8671875,0.875,0.890625,0.90625,0.9140625,0.921875,
0.9296875,0.9375,0.9453125,0.953125,0.9609375,0.96875,0.97265625,0.974609375,
0.9765625,0.984375,0.9853515625,0.986328125,0.98828125,0.9921875,0.994140625,
0.99462890625,0.9951171875,0.99609375,1.),(0.,0.153688431123161,0.307268246798622,
0.482564304440193,0.52701947461046),.UNSPECIFIED.);
#27=B_SPLINE_SURFACE_WITH_KNOTS('',3,3,((#7113,#7114,#7115,#7116,#7117,
#7118),(#7119,#7120,#7121,#7122,#7123,#7124),(#7125,#7126,#7127,#7128,#7129,
#7130),(#7131,#7132,#7133,#7134,#7135,#7136)),.RULED_SURF.,.F.,.F.,.F.,
(4,4),(4,1,1,4),(0.,1.),(0.0148416244953412,0.153688431123161,0.307268246798622,
0.384885692780861),.UNSPECIFIED.);
#28=LINE('',#1542,#89);
#29=LINE('',#7111,#90);
#30=LINE('',#7112,#91);
#31=LINE('',#7168,#92);
#32=LINE('',#7175,#93);
#33=LINE('',#7181,#94);
#34=LINE('',#7185,#95);
#35=LINE('',#7189,#96);
#36=LINE('',#7199,#97);
#37=LINE('',#7201,#98);
#38=LINE('',#7208,#99);
#39=LINE('',#7218,#100);
#40=LINE('',#7242,#101);
#41=LINE('',#7445,#102);
#42=LINE('',#7447,#103);
#43=LINE('',#7449,#104);
#44=LINE('',#7451,#105);
#45=LINE('',#7453,#106);
#46=LINE('',#7455,#107);
#47=LINE('',#7457,#108);
#48=LINE('',#7459,#109);
#49=LINE('',#7461,#110);
#50=LINE('',#7463,#111);
#51=LINE('',#7465,#112);
#52=LINE('',#7467,#113);
#53=LINE('',#7470,#114);
#54=LINE('',#7473,#115);
#55=LINE('',#7475,#116);
#56=LINE('',#7477,#117);
#57=LINE('',#7479,#118);
#58=LINE('',#7481,#119);
#59=LINE('',#7483,#120);
#60=LINE('',#7484,#121);
#61=LINE('',#7486,#122);
#62=LINE('',#7488,#123);
#63=LINE('',#7490,#124);
#64=LINE('',#7492,#125);
#65=LINE('',#7495,#126);
#66=LINE('',#7497,#127);
#67=LINE('',#7499,#128);
#68=LINE('',#7501,#129);
#69=LINE('',#7503,#130);
#70=LINE('',#7505,#131);
#71=LINE('',#7507,#132);
#72=LINE('',#7509,#133);
#73=LINE('',#7511,#134);
#74=LINE('',#7513,#135);
#75=LINE('',#7515,#136);
#76=LINE('',#7517,#137);
#77=LINE('',#7520,#138);
#78=LINE('',#7523,#139);
#79=LINE('',#7525,#140);
#80=LINE('',#7527,#141);
#81=LINE('',#7529,#142);
#82=LINE('',#7531,#143);
#83=LINE('',#7533,#144);
#84=LINE('',#7534,#145);
#85=LINE('',#7536,#146);
#86=LINE('',#7538,#147);
#87=LINE('',#7540,#148);
#88=LINE('',#7542,#149);
#89=VECTOR('',#1194,1.);
#90=VECTOR('',#1199,1.);
#91=VECTOR('',#1200,1.);
#92=VECTOR('',#1229,1.);
#93=VECTOR('',#1234,1.);
#94=VECTOR('',#1239,1.);
#95=VECTOR('',#1242,1.);
#96=VECTOR('',#1247,1.);
#97=VECTOR('',#1248,1.);
#98=VECTOR('',#1251,1.);
#99=VECTOR('',#1254,1.);
#100=VECTOR('',#1257,1.);
#101=VECTOR('',#1262,1.);
#102=VECTOR('',#1287,1.);
#103=VECTOR('',#1288,1.);
#104=VECTOR('',#1289,1.);
#105=VECTOR('',#1292,1.);
#106=VECTOR('',#1293,1.);
#107=VECTOR('',#1296,1.);
#108=VECTOR('',#1297,1.);
#109=VECTOR('',#1300,1.);
#110=VECTOR('',#1301,1.);
#111=VECTOR('',#1304,1.);
#112=VECTOR('',#1305,1.);
#113=VECTOR('',#1308,1.);
#114=VECTOR('',#1313,1.);
#115=VECTOR('',#1314,1.);
#116=VECTOR('',#1315,1.);
#117=VECTOR('',#1316,1.);
#118=VECTOR('',#1317,1.);
#119=VECTOR('',#1318,1.);
#120=VECTOR('',#1321,1.);
#121=VECTOR('',#1322,1.);
#122=VECTOR('',#1325,1.);
#123=VECTOR('',#1328,1.);
#124=VECTOR('',#1331,1.);
#125=VECTOR('',#1334,1.);
#126=VECTOR('',#1339,1.);
#127=VECTOR('',#1340,1.);
#128=VECTOR('',#1341,1.);
#129=VECTOR('',#1344,1.);
#130=VECTOR('',#1345,1.);
#131=VECTOR('',#1348,1.);
#132=VECTOR('',#1349,1.);
#133=VECTOR('',#1352,1.);
#134=VECTOR('',#1353,1.);
#135=VECTOR('',#1356,1.);
#136=VECTOR('',#1357,1.);
#137=VECTOR('',#1360,1.);
#138=VECTOR('',#1365,1.);
#139=VECTOR('',#1366,1.);
#140=VECTOR('',#1367,1.);
#141=VECTOR('',#1368,1.);
#142=VECTOR('',#1369,1.);
#143=VECTOR('',#1370,1.);
#144=VECTOR('',#1373,1.);
#145=VECTOR('',#1374,1.);
#146=VECTOR('',#1377,1.);
#147=VECTOR('',#1380,1.);
#148=VECTOR('',#1383,1.);
#149=VECTOR('',#1386,1.);
#150=B_SPLINE_CURVE_WITH_KNOTS('',3,(#1417,#1418,#1419,#1420,#1421,#1422,
#1423,#1424,#1425,#1426,#1427,#1428,#1429,#1430,#1431,#1432,#1433,#1434,
#1435,#1436,#1437,#1438,#1439,#1440,#1441,#1442,#1443,#1444,#1445,#1446,
#1447,#1448,#1449,#1450,#1451,#1452,#1453,#1454,#1455,#1456,#1457,#1458,
#1459,#1460,#1461,#1462,#1463,#1464,#1465,#1466,#1467,#1468,#1469,#1470,
#1471),.UNSPECIFIED.,.F.,.F.,(4,1,1,1,1,1,1,1,1,1,1,1,1,1,1,1,1,1,1,1,1,
1,1,1,1,1,1,1,1,1,1,1,1,1,1,1,1,1,1,1,1,1,1,1,1,1,1,1,1,1,1,1,4),(2.77555756156289E-17,
0.0169120779272035,0.033824155854407,0.0507362337816104,0.0676483117088139,
0.0761043506724157,0.0845603896360174,0.0930164285996191,0.101472467563221,
0.105700487045022,0.109928506526823,0.114156526008623,0.118384545490424,
0.120498555231325,0.122612564972225,0.124726574713126,0.126840584454026,
0.127897589324476,0.128954594194926,0.130011599065377,0.131068603935827,
0.131597106371052,0.132125608806277,0.13238986002389,0.132654111241502,
0.132918362459115,0.133182613676727,0.133711116111953,0.134239618547178,
0.134768120982403,0.135296623417628,0.136353628288078,0.137410633158528,
0.138467638028978,0.139524642899429,0.141638652640329,0.14375266238123,
0.14586667212213,0.14798068186303,0.152208701344831,0.156436720826632,0.160664740308433,
0.164892759790234,0.169120779272035,0.177576818235637,0.186032857199238,
0.19448889616284,0.202944935126442,0.211400974090043,0.219857013053645,
0.236769090980849,0.253681168908052,0.270593246835256),.UNSPECIFIED.);
#151=B_SPLINE_CURVE_WITH_KNOTS('',3,(#1474,#1475,#1476,#1477),
 .UNSPECIFIED.,.F.,.F.,(4,4),(8.77708367144175E-17,0.000613726612684335),
 .UNSPECIFIED.);
#152=B_SPLINE_CURVE_WITH_KNOTS('',3,(#1479,#1480,#1481,#1482,#1483,#1484,
#1485,#1486,#1487,#1488,#1489,#1490,#1491,#1492,#1493,#1494,#1495,#1496,
#1497,#1498,#1499,#1500,#1501,#1502,#1503,#1504,#1505,#1506,#1507,#1508,
#1509,#1510,#1511,#1512,#1513,#1514,#1515,#1516,#1517,#1518,#1519,#1520,
#1521,#1522,#1523,#1524,#1525,#1526,#1527,#1528,#1529,#1530,#1531,#1532,
#1533,#1534,#1535,#1536,#1537,#1538,#1539),.UNSPECIFIED.,.F.,.F.,(4,1,1,
1,1,1,1,1,1,1,1,1,1,1,1,1,1,1,1,1,1,1,1,1,1,1,1,1,1,1,1,1,1,1,1,1,1,1,1,
1,1,1,1,1,1,1,1,1,1,1,1,1,1,1,1,1,1,1,4),(0.,0.00525084232187229,0.0143264769825729,
0.0259939003636477,0.0397120658111621,0.055136319782803,0.0720091011877052,
0.0901195862210227,0.109284954106112,0.129340410203072,0.150133336284941,
0.171519586413962,0.193360974173242,0.215523452044496,0.237875706045718,
0.260288004350324,0.282631198863002,0.304898612006716,0.326909193638571,
0.348467971532929,0.369442999528701,0.389694458362273,0.409072488208361,
0.427414367330088,0.444540458288341,0.460248001915683,0.474301528943151,
0.48642041489008,0.496288912566181,0.503907951851496,0.511523743506469,
0.521352331633209,0.533373733838281,0.547261578568016,0.562728528287948,
0.579535624382872,0.597479890901734,0.616384855982739,0.636094330084258,
0.656468122083665,0.677378737663558,0.698708494756832,0.720417988568484,
0.742449614778755,0.764554568369588,0.786608556256482,0.80848596884624,
0.830058817300526,0.851195567017833,0.871759755092996,0.89160822191949,
0.910588676401035,0.928536097794065,0.945267028434626,0.960569792401862,
0.974186043612532,0.985770867249635,0.994784429277178,1.),.UNSPECIFIED.);
#153=B_SPLINE_CURVE_WITH_KNOTS('',3,(#1575,#1576,#1577,#1578,#1579,#1580,
#1581,#1582,#1583,#1584),.UNSPECIFIED.,.F.,.F.,(4,1,1,1,1,1,1,4),(0.,0.153688431123161,
0.307268246798622,0.482564304440193,0.679905319052755,0.855517154287477,
0.978662033374354,1.),.UNSPECIFIED.);
#154=B_SPLINE_CURVE_WITH_KNOTS('',3,(#1585,#1586,#1587,#1588,#1589,#1590,
#1591,#1592,#1593,#1594),.UNSPECIFIED.,.F.,.F.,(4,1,1,1,1,1,1,4),(0.,0.153688431123161,
0.307268246798622,0.482564304440193,0.679905319052755,0.855517154287477,
0.978662033374354,1.),.UNSPECIFIED.);
#155=B_SPLINE_CURVE_WITH_KNOTS('',3,(#6672,#6673,#6674,#6675),
 .UNSPECIFIED.,.F.,.F.,(4,4),(1.38777878078145E-17,0.00437816789893706),
 .UNSPECIFIED.);
#156=B_SPLINE_CURVE_WITH_KNOTS('',3,(#6678,#6679,#6680,#6681),
 .UNSPECIFIED.,.F.,.F.,(4,4),(0.,0.00410376293332733),.UNSPECIFIED.);
#157=B_SPLINE_CURVE_WITH_KNOTS('',3,(#6683,#6684,#6685,#6686),
 .UNSPECIFIED.,.F.,.F.,(4,4),(2.08166817117217E-17,0.00433077673116602),
 .UNSPECIFIED.);
#158=B_SPLINE_CURVE_WITH_KNOTS('',3,(#6688,#6689,#6690,#6691),
 .UNSPECIFIED.,.F.,.F.,(4,4),(1.04083408558608E-17,0.00436103127934921),
 .UNSPECIFIED.);
#159=B_SPLINE_CURVE_WITH_KNOTS('',3,(#6693,#6694,#6695,#6696),
 .UNSPECIFIED.,.F.,.F.,(4,4),(0.,0.00410245274706409),.UNSPECIFIED.);
#160=B_SPLINE_CURVE_WITH_KNOTS('',3,(#6698,#6699,#6700,#6701),
 .UNSPECIFIED.,.F.,.F.,(4,4),(6.93889390390723E-18,0.00430463114240824),
 .UNSPECIFIED.);
#161=B_SPLINE_CURVE_WITH_KNOTS('',3,(#6702,#6703,#6704,#6705),
 .UNSPECIFIED.,.F.,.F.,(4,4),(6.93889390390723E-18,0.00446446367972826),
 .UNSPECIFIED.);
#162=B_SPLINE_CURVE_WITH_KNOTS('',3,(#6708,#6709,#6710,#6711),
 .UNSPECIFIED.,.F.,.F.,(4,4),(0.,0.0041044619311309),.UNSPECIFIED.);
#163=B_SPLINE_CURVE_WITH_KNOTS('',3,(#6713,#6714,#6715,#6716),
 .UNSPECIFIED.,.F.,.F.,(4,4),(0.,0.00440729278165016),.UNSPECIFIED.);
#164=B_SPLINE_CURVE_WITH_KNOTS('',3,(#6718,#6719,#6720,#6721),
 .UNSPECIFIED.,.F.,.F.,(4,4),(6.93889390390723E-18,0.00444101760670192),
 .UNSPECIFIED.);
#165=B_SPLINE_CURVE_WITH_KNOTS('',3,(#6723,#6724,#6725,#6726),
 .UNSPECIFIED.,.F.,.F.,(4,4),(0.,0.00410278850435133),.UNSPECIFIED.);
#166=B_SPLINE_CURVE_WITH_KNOTS('',3,(#6728,#6729,#6730,#6731),
 .UNSPECIFIED.,.F.,.F.,(4,4),(6.93889390390723E-18,0.00437152145815609),
 .UNSPECIFIED.);
#167=B_SPLINE_CURVE_WITH_KNOTS('',3,(#6732,#6733,#6734,#6735),
 .UNSPECIFIED.,.F.,.F.,(4,4),(6.05167428062173E-17,0.00410796066943671),
 .UNSPECIFIED.);
#168=B_SPLINE_CURVE_WITH_KNOTS('',3,(#6738,#6739,#6740,#6741),
 .UNSPECIFIED.,.F.,.F.,(4,4),(1.73472347597681E-18,0.00412168429709016),
 .UNSPECIFIED.);
#169=B_SPLINE_CURVE_WITH_KNOTS('',3,(#6743,#6744,#6745,#6746),
 .UNSPECIFIED.,.F.,.F.,(4,4),(0.,0.00410015843606499),.UNSPECIFIED.);
#170=B_SPLINE_CURVE_WITH_KNOTS('',3,(#6748,#6749,#6750,#6751),
 .UNSPECIFIED.,.F.,.F.,(4,4),(7.80625564189563E-18,0.00411891000432716),
 .UNSPECIFIED.);
#171=B_SPLINE_CURVE_WITH_KNOTS('',3,(#6753,#6754,#6755,#6756),
 .UNSPECIFIED.,.F.,.F.,(4,4),(0.,0.00411019395899988),.UNSPECIFIED.);
#172=B_SPLINE_CURVE_WITH_KNOTS('',3,(#6758,#6759,#6760,#6761),
 .UNSPECIFIED.,.F.,.F.,(4,4),(0.,0.0041001104813235),.UNSPECIFIED.);
#173=B_SPLINE_CURVE_WITH_KNOTS('',3,(#6762,#6763,#6764,#6765,#6766),
 .UNSPECIFIED.,.F.,.F.,(4,1,4),(0.,0.0290129277857171,0.0580258555714343),
 .UNSPECIFIED.);
#174=B_SPLINE_CURVE_WITH_KNOTS('',3,(#6769,#6770,#6771,#6772,#6773),
 .UNSPECIFIED.,.F.,.F.,(4,1,4),(0.,0.00580176041985426,0.0116035208397085),
 .UNSPECIFIED.);
#175=B_SPLINE_CURVE_WITH_KNOTS('',3,(#6775,#6776,#6777,#6778),
 .UNSPECIFIED.,.F.,.F.,(4,4),(0.,0.00593426129546273),.UNSPECIFIED.);
#176=B_SPLINE_CURVE_WITH_KNOTS('',3,(#6780,#6781,#6782,#6783,#6784,#6785,
#6786,#6787),.UNSPECIFIED.,.F.,.F.,(4,1,1,1,1,4),(0.,0.0108836789866571,
0.0217673579733142,0.0272091974666427,0.0326510369599713,0.0435347159466284),
 .UNSPECIFIED.);
#177=B_SPLINE_CURVE_WITH_KNOTS('',3,(#6789,#6790,#6791,#6792,#6793,#6794,
#6795),.UNSPECIFIED.,.F.,.F.,(4,1,1,1,4),(0.,0.00435277658086185,0.0087055531617237,
0.0130583297425855,0.0174111063234474),.UNSPECIFIED.);
#178=B_SPLINE_CURVE_WITH_KNOTS('',3,(#6797,#6798,#6799,#6800),
 .UNSPECIFIED.,.F.,.F.,(4,4),(0.,0.0580131597412971),.UNSPECIFIED.);
#179=B_SPLINE_CURVE_WITH_KNOTS('',3,(#6802,#6803,#6804,#6805,#6806,#6807,
#6808,#6809),.UNSPECIFIED.,.F.,.F.,(4,1,1,1,1,4),(0.,0.00436227730662432,
0.00872455461324863,0.0130868319198729,0.0152679705731851,0.0174491092264973),
 .UNSPECIFIED.);
#180=B_SPLINE_CURVE_WITH_KNOTS('',3,(#6811,#6812,#6813,#6814,#6815,#6816,
#6817),.UNSPECIFIED.,.F.,.F.,(4,1,1,1,4),(0.,0.0110496317955259,0.0220992635910519,
0.0331488953865778,0.0441985271821037),.UNSPECIFIED.);
#181=B_SPLINE_CURVE_WITH_KNOTS('',3,(#6819,#6820,#6821,#6822),
 .UNSPECIFIED.,.F.,.F.,(4,4),(0.,0.0016769075203552),.UNSPECIFIED.);
#182=B_SPLINE_CURVE_WITH_KNOTS('',3,(#6824,#6825,#6826,#6827,#6828,#6829,
#6830),.UNSPECIFIED.,.F.,.F.,(4,1,1,1,4),(0.,0.00371335148191428,0.00742670296382855,
0.0111400544457428,0.0148534059276571),.UNSPECIFIED.);
#183=B_SPLINE_CURVE_WITH_KNOTS('',3,(#6831,#6832,#6833,#6834),
 .UNSPECIFIED.,.F.,.F.,(4,4),(1.73472347597681E-18,0.00410844673418098),
 .UNSPECIFIED.);
#184=B_SPLINE_CURVE_WITH_KNOTS('',3,(#6837,#6838,#6839,#6840),
 .UNSPECIFIED.,.F.,.F.,(4,4),(0.,0.0041260659281326),.UNSPECIFIED.);
#185=B_SPLINE_CURVE_WITH_KNOTS('',3,(#6842,#6843,#6844,#6845),
 .UNSPECIFIED.,.F.,.F.,(4,4),(0.,0.00410017915839048),.UNSPECIFIED.);
#186=B_SPLINE_CURVE_WITH_KNOTS('',3,(#6847,#6848,#6849,#6850),
 .UNSPECIFIED.,.F.,.F.,(4,4),(1.73472347597681E-18,0.00412244875513591),
 .UNSPECIFIED.);
#187=B_SPLINE_CURVE_WITH_KNOTS('',3,(#6852,#6853,#6854,#6855),
 .UNSPECIFIED.,.F.,.F.,(4,4),(3.46944695195361E-18,0.00411079450963985),
 .UNSPECIFIED.);
#188=B_SPLINE_CURVE_WITH_KNOTS('',3,(#6857,#6858,#6859,#6860),
 .UNSPECIFIED.,.F.,.F.,(4,4),(0.,0.00410016457932574),.UNSPECIFIED.);
#189=B_SPLINE_CURVE_WITH_KNOTS('',3,(#6861,#6862,#6863,#6864,#6865,#6866,
#6867,#6868,#6869,#6870,#6871,#6872,#6873,#6874,#6875,#6876,#6877,#6878,
#6879,#6880,#6881,#6882,#6883,#6884,#6885,#6886,#6887,#6888,#6889,#6890,
#6891,#6892,#6893,#6894,#6895,#6896,#6897,#6898,#6899,#6900,#6901,#6902,
#6903,#6904,#6905,#6906,#6907,#6908,#6909,#6910,#6911,#6912,#6913,#6914,
#6915,#6916,#6917,#6918,#6919,#6920,#6921),.UNSPECIFIED.,.F.,.F.,(4,1,1,
1,1,1,1,1,1,1,1,1,1,1,1,1,1,1,1,1,1,1,1,1,1,1,1,1,1,1,1,1,1,1,1,1,1,1,1,
1,1,1,1,1,1,1,1,1,1,1,1,1,1,1,1,1,1,1,4),(0.,0.0052404686292742,0.014298246858627,
0.0259429065672016,0.0396346539069452,0.0550297383773663,0.0718713624895335,
0.089949398313279,0.109081678414301,0.129104022630297,0.149864380075126,
0.171219109929941,0.193030450482995,0.215164680375034,0.237490697927612,
0.259878859493468,0.282199977254037,0.304427849579784,0.326393551733346,
0.34791332433818,0.368854555653101,0.38907654817618,0.408428401908012,0.426746233218271,
0.443849139154083,0.459532974932376,0.473560705692487,0.485649921796749,
0.49548381221054,0.503076920989083,0.51066677712441,0.520460938599238,0.53245432229168,
0.546321136576934,0.561774086786986,0.578574624175108,0.596520444026439,
0.615435856915486,0.635165440106803,0.655569646966833,0.676521415799728,
0.697903214564431,0.719663209868007,0.741730808910178,0.763876847769051,
0.785976518368259,0.807903610041745,0.82952945470981,0.850721766769685,
0.871343265058733,0.891249906838532,0.910288452895394,0.928292865719635,
0.945078592309444,0.960432760196115,0.974095674294015,0.985720793713647,
0.994766018151448,1.),.UNSPECIFIED.);
#190=B_SPLINE_CURVE_WITH_KNOTS('',3,(#6924,#6925,#6926,#6927,#6928,#6929,
#6930),.UNSPECIFIED.,.F.,.F.,(4,1,1,1,4),(6.93889390390723E-18,0.00387771780197921,
0.00775543560395842,0.0116331534059376,0.0155108712079168),
 .UNSPECIFIED.);
#191=B_SPLINE_CURVE_WITH_KNOTS('',3,(#6932,#6933,#6934,#6935,#6936,#6937,
#6938,#6939,#6940,#6941),.UNSPECIFIED.,.F.,.F.,(4,1,1,1,1,1,1,4),(0.,0.153688431123161,
0.307268246798622,0.482564304440193,0.679905319052755,0.855517154287477,
0.978662033374354,1.),.UNSPECIFIED.);
#192=B_SPLINE_CURVE_WITH_KNOTS('',3,(#6943,#6944,#6945,#6946,#6947,#6948,
#6949,#6950,#6951,#6952,#6953,#6954,#6955,#6956,#6957,#6958,#6959,#6960,
#6961,#6962,#6963,#6964,#6965,#6966,#6967,#6968,#6969,#6970,#6971,#6972,
#6973,#6974,#6975,#6976,#6977,#6978,#6979,#6980,#6981,#6982,#6983,#6984,
#6985,#6986,#6987,#6988,#6989,#6990,#6991,#6992,#6993,#6994,#6995),
 .UNSPECIFIED.,.F.,.F.,(4,1,1,1,1,1,1,1,1,1,1,1,1,1,1,1,1,1,1,1,1,1,1,1,
1,1,1,1,1,1,1,1,1,1,1,1,1,1,1,1,1,1,1,1,1,1,1,1,1,1,4),(0.,0.0168841389740224,
0.0337682779480448,0.0506524169220672,0.0675365558960897,0.0759786253831009,
0.0844206948701121,0.0928627643571233,0.101304833844134,0.10552586858764,
0.109746903331146,0.113967938074651,0.118188972818157,0.12029949018991,
0.122410007561663,0.124520524933415,0.126631042305168,0.127686300991044,
0.128741559676921,0.129796818362797,0.130852077048674,0.131379706391612,
0.13190733573455,0.132434965077488,0.132962594420427,0.133490223763365,
0.134017853106303,0.134545482449241,0.135073111792179,0.136128370478056,
0.137183629163932,0.138238887849809,0.139294146535685,0.141404663907438,
0.143515181279191,0.145625698650943,0.147736216022696,0.151957250766202,
0.156178285509707,0.160399320253213,0.164620354996719,0.168841389740224,
0.177283459227235,0.185725528714247,0.194167598201258,0.202609667688269,
0.21105173717528,0.219493806662291,0.236377945636314,0.253262084610336,
0.270146223584359),.UNSPECIFIED.);
#193=B_SPLINE_CURVE_WITH_KNOTS('',3,(#6997,#6998,#6999,#7000,#7001,#7002,
#7003,#7004,#7005,#7006),.UNSPECIFIED.,.F.,.F.,(4,1,1,1,1,1,1,4),(0.,0.153688431123161,
0.307268246798622,0.482564304440193,0.679905319052755,0.855517154287477,
0.978662033374354,1.),.UNSPECIFIED.);
#194=B_SPLINE_CURVE_WITH_KNOTS('',3,(#7008,#7009,#7010,#7011,#7012,#7013),
 .UNSPECIFIED.,.F.,.F.,(4,1,1,4),(3.46944695195361E-17,0.00348180077491257,
0.00696360154982511,0.0139272030996502),.UNSPECIFIED.);
#195=B_SPLINE_CURVE_WITH_KNOTS('',3,(#7015,#7016,#7017,#7018,#7019,#7020,
#7021,#7022,#7023,#7024,#7025,#7026,#7027,#7028,#7029,#7030,#7031,#7032,
#7033,#7034,#7035,#7036,#7037,#7038,#7039,#7040,#7041,#7042,#7043,#7044,
#7045,#7046,#7047,#7048,#7049,#7050,#7051,#7052,#7053,#7054,#7055,#7056,
#7057,#7058,#7059,#7060,#7061,#7062,#7063,#7064,#7065,#7066,#7067,#7068,
#7069,#7070,#7071,#7072,#7073,#7074,#7075),.UNSPECIFIED.,.F.,.F.,(4,1,1,
1,1,1,1,1,1,1,1,1,1,1,1,1,1,1,1,1,1,1,1,1,1,1,1,1,1,1,1,1,1,1,1,1,1,1,1,
1,1,1,1,1,1,1,1,1,1,1,1,1,1,1,1,1,1,1,4),(0.,0.0052404686292742,0.014298246858627,
0.0259429065672016,0.0396346539069452,0.0550297383773663,0.0718713624895335,
0.089949398313279,0.109081678414301,0.129104022630297,0.149864380075126,
0.171219109929941,0.193030450482995,0.215164680375034,0.237490697927612,
0.259878859493468,0.282199977254037,0.304427849579784,0.326393551733346,
0.34791332433818,0.368854555653101,0.38907654817618,0.408428401908012,0.426746233218271,
0.443849139154083,0.459532974932376,0.473560705692487,0.485649921796749,
0.49548381221054,0.503076920989083,0.51066677712441,0.520460938599238,0.53245432229168,
0.546321136576934,0.561774086786986,0.578574624175108,0.596520444026439,
0.615435856915486,0.635165440106803,0.655569646966833,0.676521415799728,
0.697903214564431,0.719663209868007,0.741730808910178,0.763876847769051,
0.785976518368259,0.807903610041745,0.82952945470981,0.850721766769685,
0.871343265058733,0.891249906838532,0.910288452895394,0.928292865719635,
0.945078592309444,0.960432760196115,0.974095674294015,0.985720793713647,
0.994766018151448,1.),.UNSPECIFIED.);
#196=B_SPLINE_CURVE_WITH_KNOTS('',3,(#7077,#7078,#7079,#7080,#7081,#7082,
#7083,#7084,#7085,#7086,#7087,#7088,#7089,#7090,#7091,#7092,#7093,#7094,
#7095,#7096,#7097,#7098,#7099,#7100,#7101,#7102,#7103,#7104,#7105,#7106,
#7107,#7108,#7109),.UNSPECIFIED.,.F.,.F.,(4,1,1,1,1,1,1,1,1,1,1,1,1,1,1,
1,1,1,1,1,1,1,1,1,1,1,1,1,1,1,4),(3.94644617625253E-14,0.0041397902653776,
0.00620968539804666,0.00827958053071573,0.0103494756633848,0.0113844232297193,
0.0124193707960539,0.0134543183623884,0.0144892659287229,0.0150067397118902,
0.0155242134950575,0.0157829503866411,0.0160416872782247,0.0163004241698084,
0.0164297926156002,0.016559161061392,0.0166885295071838,0.0168178979529756,
0.0170766348445593,0.0173353717361429,0.0175941086277265,0.0181115824108938,
0.0186290561940611,0.0196640037603956,0.0206989513267301,0.0217338988930647,
0.0227688464593992,0.0248387415920683,0.0269086367247373,0.0289785318574064,
0.0331183221227445),.UNSPECIFIED.);
#197=B_SPLINE_CURVE_WITH_KNOTS('',3,(#7137,#7138,#7139,#7140),
 .UNSPECIFIED.,.F.,.F.,(4,4),(5.41944938641421E-17,0.00109989903023676),
 .UNSPECIFIED.);
#198=B_SPLINE_CURVE_WITH_KNOTS('',3,(#7141,#7142,#7143,#7144),
 .UNSPECIFIED.,.F.,.F.,(4,4),(0.,0.000613714708444933),.UNSPECIFIED.);
#199=B_SPLINE_CURVE_WITH_KNOTS('',3,(#7191,#7192,#7193,#7194,#7195,#7196,
#7197),.UNSPECIFIED.,.F.,.F.,(4,1,1,1,4),(0.,0.00315724877205905,0.00631449754411809,
0.00947174631617714,0.0126289950882362),.UNSPECIFIED.);
#200=B_SPLINE_CURVE_WITH_KNOTS('',3,(#7203,#7204,#7205,#7206),
 .UNSPECIFIED.,.F.,.F.,(4,4),(0.,0.0580135042356626),.UNSPECIFIED.);
#201=B_SPLINE_CURVE_WITH_KNOTS('',3,(#7210,#7211,#7212,#7213,#7214,#7215,
#7216),.UNSPECIFIED.,.F.,.F.,(4,1,1,1,4),(0.,0.00316455375661685,0.00632910751323371,
0.00949366126985056,0.0126582150264674),.UNSPECIFIED.);
#202=B_SPLINE_CURVE_WITH_KNOTS('',3,(#7220,#7221,#7222,#7223,#7224,#7225,
#7226),.UNSPECIFIED.,.F.,.F.,(4,1,1,1,4),(0.,0.0109305975085987,0.0218611950171975,
0.0327917925257962,0.0437223900343949),.UNSPECIFIED.);
#203=B_SPLINE_CURVE_WITH_KNOTS('',3,(#7228,#7229,#7230,#7231),
 .UNSPECIFIED.,.F.,.F.,(4,4),(0.,0.00126960504321031),.UNSPECIFIED.);
#204=B_SPLINE_CURVE_WITH_KNOTS('',3,(#7233,#7234,#7235,#7236,#7237,#7238,
#7239,#7240),.UNSPECIFIED.,.F.,.F.,(4,1,1,1,1,4),(0.,0.0107748388760603,
0.0161622583140905,0.0215496777521206,0.0323245166281809,0.0430993555042412),
 .UNSPECIFIED.);
#205=B_SPLINE_CURVE_WITH_KNOTS('',3,(#7244,#7245,#7246,#7247),
 .UNSPECIFIED.,.F.,.F.,(4,4),(0.,0.0044023560020335),.UNSPECIFIED.);
#206=ELLIPSE('',#1100,0.00196299091524473,0.0017);
#207=ELLIPSE('',#1174,0.00196299091524473,0.0017);
#208=CYLINDRICAL_SURFACE('',#1099,0.0017);
#209=CYLINDRICAL_SURFACE('',#1105,0.00275);
#210=CYLINDRICAL_SURFACE('',#1108,0.00275);
#211=CYLINDRICAL_SURFACE('',#1111,0.00275);
#212=CYLINDRICAL_SURFACE('',#1114,0.00275);
#213=CYLINDRICAL_SURFACE('',#1125,0.008);
#214=CYLINDRICAL_SURFACE('',#1127,0.008);
#215=CYLINDRICAL_SURFACE('',#1129,0.008);
#216=CYLINDRICAL_SURFACE('',#1131,0.008);
#217=CYLINDRICAL_SURFACE('',#1170,0.0075);
#218=CYLINDRICAL_SURFACE('',#1175,0.0017);
#219=CYLINDRICAL_SURFACE('',#1178,0.0165);
#220=CYLINDRICAL_SURFACE('',#1179,0.0165);
#221=ORIENTED_EDGE('',*,*,#515,.F.);
#222=ORIENTED_EDGE('',*,*,#515,.T.);
#223=ORIENTED_EDGE('',*,*,#516,.T.);
#224=ORIENTED_EDGE('',*,*,#517,.F.);
#225=ORIENTED_EDGE('',*,*,#518,.F.);
#226=ORIENTED_EDGE('',*,*,#516,.F.);
#227=ORIENTED_EDGE('',*,*,#519,.T.);
#228=ORIENTED_EDGE('',*,*,#520,.T.);
#229=ORIENTED_EDGE('',*,*,#521,.F.);
#230=ORIENTED_EDGE('',*,*,#518,.T.);
#231=ORIENTED_EDGE('',*,*,#522,.T.);
#232=ORIENTED_EDGE('',*,*,#520,.F.);
#233=ORIENTED_EDGE('',*,*,#522,.F.);
#234=ORIENTED_EDGE('',*,*,#517,.T.);
#235=ORIENTED_EDGE('',*,*,#521,.T.);
#236=ORIENTED_EDGE('',*,*,#519,.F.);
#237=ORIENTED_EDGE('',*,*,#523,.F.);
#238=ORIENTED_EDGE('',*,*,#524,.F.);
#239=ORIENTED_EDGE('',*,*,#525,.F.);
#240=ORIENTED_EDGE('',*,*,#526,.F.);
#241=ORIENTED_EDGE('',*,*,#527,.F.);
#242=ORIENTED_EDGE('',*,*,#528,.F.);
#243=ORIENTED_EDGE('',*,*,#529,.F.);
#244=ORIENTED_EDGE('',*,*,#530,.F.);
#245=ORIENTED_EDGE('',*,*,#531,.F.);
#246=ORIENTED_EDGE('',*,*,#532,.F.);
#247=ORIENTED_EDGE('',*,*,#533,.F.);
#248=ORIENTED_EDGE('',*,*,#534,.F.);
#249=ORIENTED_EDGE('',*,*,#535,.T.);
#250=ORIENTED_EDGE('',*,*,#536,.T.);
#251=ORIENTED_EDGE('',*,*,#537,.T.);
#252=ORIENTED_EDGE('',*,*,#538,.T.);
#253=ORIENTED_EDGE('',*,*,#539,.T.);
#254=ORIENTED_EDGE('',*,*,#540,.T.);
#255=ORIENTED_EDGE('',*,*,#541,.T.);
#256=ORIENTED_EDGE('',*,*,#542,.T.);
#257=ORIENTED_EDGE('',*,*,#543,.T.);
#258=ORIENTED_EDGE('',*,*,#544,.T.);
#259=ORIENTED_EDGE('',*,*,#545,.T.);
#260=ORIENTED_EDGE('',*,*,#546,.T.);
#261=ORIENTED_EDGE('',*,*,#547,.T.);
#262=ORIENTED_EDGE('',*,*,#548,.T.);
#263=ORIENTED_EDGE('',*,*,#549,.T.);
#264=ORIENTED_EDGE('',*,*,#550,.T.);
#265=ORIENTED_EDGE('',*,*,#551,.T.);
#266=ORIENTED_EDGE('',*,*,#552,.T.);
#267=ORIENTED_EDGE('',*,*,#553,.T.);
#268=ORIENTED_EDGE('',*,*,#554,.T.);
#269=ORIENTED_EDGE('',*,*,#555,.T.);
#270=ORIENTED_EDGE('',*,*,#556,.T.);
#271=ORIENTED_EDGE('',*,*,#557,.T.);
#272=ORIENTED_EDGE('',*,*,#558,.T.);
#273=ORIENTED_EDGE('',*,*,#559,.T.);
#274=ORIENTED_EDGE('',*,*,#560,.F.);
#275=ORIENTED_EDGE('',*,*,#561,.F.);
#276=ORIENTED_EDGE('',*,*,#562,.T.);
#277=ORIENTED_EDGE('',*,*,#563,.T.);
#278=ORIENTED_EDGE('',*,*,#564,.T.);
#279=ORIENTED_EDGE('',*,*,#565,.F.);
#280=ORIENTED_EDGE('',*,*,#557,.F.);
#281=ORIENTED_EDGE('',*,*,#566,.F.);
#282=ORIENTED_EDGE('',*,*,#563,.F.);
#283=ORIENTED_EDGE('',*,*,#559,.F.);
#284=ORIENTED_EDGE('',*,*,#567,.T.);
#285=ORIENTED_EDGE('',*,*,#561,.T.);
#286=ORIENTED_EDGE('',*,*,#568,.F.);
#287=ORIENTED_EDGE('',*,*,#569,.T.);
#288=ORIENTED_EDGE('',*,*,#570,.F.);
#289=ORIENTED_EDGE('',*,*,#571,.F.);
#290=ORIENTED_EDGE('',*,*,#572,.T.);
#291=ORIENTED_EDGE('',*,*,#573,.T.);
#292=ORIENTED_EDGE('',*,*,#574,.F.);
#293=ORIENTED_EDGE('',*,*,#575,.F.);
#294=ORIENTED_EDGE('',*,*,#576,.T.);
#295=ORIENTED_EDGE('',*,*,#577,.F.);
#296=ORIENTED_EDGE('',*,*,#569,.F.);
#297=ORIENTED_EDGE('',*,*,#573,.F.);
#298=ORIENTED_EDGE('',*,*,#578,.F.);
#299=ORIENTED_EDGE('',*,*,#579,.F.);
#300=ORIENTED_EDGE('',*,*,#580,.F.);
#301=ORIENTED_EDGE('',*,*,#581,.F.);
#302=ORIENTED_EDGE('',*,*,#582,.F.);
#303=ORIENTED_EDGE('',*,*,#583,.F.);
#304=ORIENTED_EDGE('',*,*,#584,.T.);
#305=ORIENTED_EDGE('',*,*,#585,.F.);
#306=ORIENTED_EDGE('',*,*,#586,.T.);
#307=ORIENTED_EDGE('',*,*,#587,.F.);
#308=ORIENTED_EDGE('',*,*,#571,.T.);
#309=ORIENTED_EDGE('',*,*,#575,.T.);
#310=ORIENTED_EDGE('',*,*,#588,.F.);
#311=ORIENTED_EDGE('',*,*,#589,.T.);
#312=ORIENTED_EDGE('',*,*,#590,.T.);
#313=ORIENTED_EDGE('',*,*,#587,.T.);
#314=ORIENTED_EDGE('',*,*,#591,.F.);
#315=ORIENTED_EDGE('',*,*,#592,.T.);
#316=ORIENTED_EDGE('',*,*,#588,.T.);
#317=ORIENTED_EDGE('',*,*,#586,.F.);
#318=ORIENTED_EDGE('',*,*,#593,.F.);
#319=ORIENTED_EDGE('',*,*,#594,.T.);
#320=ORIENTED_EDGE('',*,*,#591,.T.);
#321=ORIENTED_EDGE('',*,*,#585,.T.);
#322=ORIENTED_EDGE('',*,*,#595,.F.);
#323=ORIENTED_EDGE('',*,*,#596,.T.);
#324=ORIENTED_EDGE('',*,*,#593,.T.);
#325=ORIENTED_EDGE('',*,*,#584,.F.);
#326=ORIENTED_EDGE('',*,*,#583,.T.);
#327=ORIENTED_EDGE('',*,*,#597,.T.);
#328=ORIENTED_EDGE('',*,*,#595,.T.);
#329=ORIENTED_EDGE('',*,*,#590,.F.);
#330=ORIENTED_EDGE('',*,*,#598,.T.);
#331=ORIENTED_EDGE('',*,*,#599,.T.);
#332=ORIENTED_EDGE('',*,*,#578,.T.);
#333=ORIENTED_EDGE('',*,*,#599,.F.);
#334=ORIENTED_EDGE('',*,*,#600,.T.);
#335=ORIENTED_EDGE('',*,*,#579,.T.);
#336=ORIENTED_EDGE('',*,*,#601,.F.);
#337=ORIENTED_EDGE('',*,*,#550,.F.);
#338=ORIENTED_EDGE('',*,*,#602,.F.);
#339=ORIENTED_EDGE('',*,*,#582,.T.);
#340=ORIENTED_EDGE('',*,*,#602,.T.);
#341=ORIENTED_EDGE('',*,*,#549,.F.);
#342=ORIENTED_EDGE('',*,*,#603,.F.);
#343=ORIENTED_EDGE('',*,*,#597,.F.);
#344=ORIENTED_EDGE('',*,*,#601,.T.);
#345=ORIENTED_EDGE('',*,*,#581,.T.);
#346=ORIENTED_EDGE('',*,*,#604,.F.);
#347=ORIENTED_EDGE('',*,*,#541,.F.);
#348=ORIENTED_EDGE('',*,*,#603,.T.);
#349=ORIENTED_EDGE('',*,*,#548,.F.);
#350=ORIENTED_EDGE('',*,*,#605,.F.);
#351=ORIENTED_EDGE('',*,*,#596,.F.);
#352=ORIENTED_EDGE('',*,*,#604,.T.);
#353=ORIENTED_EDGE('',*,*,#580,.T.);
#354=ORIENTED_EDGE('',*,*,#606,.F.);
#355=ORIENTED_EDGE('',*,*,#542,.F.);
#356=ORIENTED_EDGE('',*,*,#605,.T.);
#357=ORIENTED_EDGE('',*,*,#547,.F.);
#358=ORIENTED_EDGE('',*,*,#607,.F.);
#359=ORIENTED_EDGE('',*,*,#594,.F.);
#360=ORIENTED_EDGE('',*,*,#606,.T.);
#361=ORIENTED_EDGE('',*,*,#600,.F.);
#362=ORIENTED_EDGE('',*,*,#608,.F.);
#363=ORIENTED_EDGE('',*,*,#543,.F.);
#364=ORIENTED_EDGE('',*,*,#607,.T.);
#365=ORIENTED_EDGE('',*,*,#546,.F.);
#366=ORIENTED_EDGE('',*,*,#609,.F.);
#367=ORIENTED_EDGE('',*,*,#592,.F.);
#368=ORIENTED_EDGE('',*,*,#608,.T.);
#369=ORIENTED_EDGE('',*,*,#598,.F.);
#370=ORIENTED_EDGE('',*,*,#610,.F.);
#371=ORIENTED_EDGE('',*,*,#544,.F.);
#372=ORIENTED_EDGE('',*,*,#609,.T.);
#373=ORIENTED_EDGE('',*,*,#545,.F.);
#374=ORIENTED_EDGE('',*,*,#610,.T.);
#375=ORIENTED_EDGE('',*,*,#589,.F.);
#376=ORIENTED_EDGE('',*,*,#611,.T.);
#377=ORIENTED_EDGE('',*,*,#612,.F.);
#378=ORIENTED_EDGE('',*,*,#613,.F.);
#379=ORIENTED_EDGE('',*,*,#536,.F.);
#380=ORIENTED_EDGE('',*,*,#614,.T.);
#381=ORIENTED_EDGE('',*,*,#615,.F.);
#382=ORIENTED_EDGE('',*,*,#611,.F.);
#383=ORIENTED_EDGE('',*,*,#535,.F.);
#384=ORIENTED_EDGE('',*,*,#616,.T.);
#385=ORIENTED_EDGE('',*,*,#617,.F.);
#386=ORIENTED_EDGE('',*,*,#614,.F.);
#387=ORIENTED_EDGE('',*,*,#540,.F.);
#388=ORIENTED_EDGE('',*,*,#618,.T.);
#389=ORIENTED_EDGE('',*,*,#619,.F.);
#390=ORIENTED_EDGE('',*,*,#616,.F.);
#391=ORIENTED_EDGE('',*,*,#539,.F.);
#392=ORIENTED_EDGE('',*,*,#620,.T.);
#393=ORIENTED_EDGE('',*,*,#621,.F.);
#394=ORIENTED_EDGE('',*,*,#618,.F.);
#395=ORIENTED_EDGE('',*,*,#538,.F.);
#396=ORIENTED_EDGE('',*,*,#613,.T.);
#397=ORIENTED_EDGE('',*,*,#622,.F.);
#398=ORIENTED_EDGE('',*,*,#620,.F.);
#399=ORIENTED_EDGE('',*,*,#537,.F.);
#400=ORIENTED_EDGE('',*,*,#576,.F.);
#401=ORIENTED_EDGE('',*,*,#612,.T.);
#402=ORIENTED_EDGE('',*,*,#615,.T.);
#403=ORIENTED_EDGE('',*,*,#617,.T.);
#404=ORIENTED_EDGE('',*,*,#619,.T.);
#405=ORIENTED_EDGE('',*,*,#621,.T.);
#406=ORIENTED_EDGE('',*,*,#622,.T.);
#407=ORIENTED_EDGE('',*,*,#623,.T.);
#408=ORIENTED_EDGE('',*,*,#624,.T.);
#409=ORIENTED_EDGE('',*,*,#625,.T.);
#410=ORIENTED_EDGE('',*,*,#626,.T.);
#411=ORIENTED_EDGE('',*,*,#627,.T.);
#412=ORIENTED_EDGE('',*,*,#628,.T.);
#413=ORIENTED_EDGE('',*,*,#574,.T.);
#414=ORIENTED_EDGE('',*,*,#629,.T.);
#415=ORIENTED_EDGE('',*,*,#623,.F.);
#416=ORIENTED_EDGE('',*,*,#630,.F.);
#417=ORIENTED_EDGE('',*,*,#552,.F.);
#418=ORIENTED_EDGE('',*,*,#631,.T.);
#419=ORIENTED_EDGE('',*,*,#624,.F.);
#420=ORIENTED_EDGE('',*,*,#629,.F.);
#421=ORIENTED_EDGE('',*,*,#551,.F.);
#422=ORIENTED_EDGE('',*,*,#632,.T.);
#423=ORIENTED_EDGE('',*,*,#625,.F.);
#424=ORIENTED_EDGE('',*,*,#631,.F.);
#425=ORIENTED_EDGE('',*,*,#556,.F.);
#426=ORIENTED_EDGE('',*,*,#633,.T.);
#427=ORIENTED_EDGE('',*,*,#626,.F.);
#428=ORIENTED_EDGE('',*,*,#632,.F.);
#429=ORIENTED_EDGE('',*,*,#555,.F.);
#430=ORIENTED_EDGE('',*,*,#634,.T.);
#431=ORIENTED_EDGE('',*,*,#627,.F.);
#432=ORIENTED_EDGE('',*,*,#633,.F.);
#433=ORIENTED_EDGE('',*,*,#554,.F.);
#434=ORIENTED_EDGE('',*,*,#630,.T.);
#435=ORIENTED_EDGE('',*,*,#628,.F.);
#436=ORIENTED_EDGE('',*,*,#634,.F.);
#437=ORIENTED_EDGE('',*,*,#553,.F.);
#438=ORIENTED_EDGE('',*,*,#523,.T.);
#439=ORIENTED_EDGE('',*,*,#635,.F.);
#440=ORIENTED_EDGE('',*,*,#636,.F.);
#441=ORIENTED_EDGE('',*,*,#637,.T.);
#442=ORIENTED_EDGE('',*,*,#528,.T.);
#443=ORIENTED_EDGE('',*,*,#638,.F.);
#444=ORIENTED_EDGE('',*,*,#639,.F.);
#445=ORIENTED_EDGE('',*,*,#635,.T.);
#446=ORIENTED_EDGE('',*,*,#527,.T.);
#447=ORIENTED_EDGE('',*,*,#640,.F.);
#448=ORIENTED_EDGE('',*,*,#641,.F.);
#449=ORIENTED_EDGE('',*,*,#638,.T.);
#450=ORIENTED_EDGE('',*,*,#526,.T.);
#451=ORIENTED_EDGE('',*,*,#642,.F.);
#452=ORIENTED_EDGE('',*,*,#643,.F.);
#453=ORIENTED_EDGE('',*,*,#640,.T.);
#454=ORIENTED_EDGE('',*,*,#525,.T.);
#455=ORIENTED_EDGE('',*,*,#644,.F.);
#456=ORIENTED_EDGE('',*,*,#645,.F.);
#457=ORIENTED_EDGE('',*,*,#642,.T.);
#458=ORIENTED_EDGE('',*,*,#524,.T.);
#459=ORIENTED_EDGE('',*,*,#637,.F.);
#460=ORIENTED_EDGE('',*,*,#646,.F.);
#461=ORIENTED_EDGE('',*,*,#644,.T.);
#462=ORIENTED_EDGE('',*,*,#572,.F.);
#463=ORIENTED_EDGE('',*,*,#636,.T.);
#464=ORIENTED_EDGE('',*,*,#639,.T.);
#465=ORIENTED_EDGE('',*,*,#641,.T.);
#466=ORIENTED_EDGE('',*,*,#643,.T.);
#467=ORIENTED_EDGE('',*,*,#645,.T.);
#468=ORIENTED_EDGE('',*,*,#646,.T.);
#469=ORIENTED_EDGE('',*,*,#647,.T.);
#470=ORIENTED_EDGE('',*,*,#648,.T.);
#471=ORIENTED_EDGE('',*,*,#649,.T.);
#472=ORIENTED_EDGE('',*,*,#650,.T.);
#473=ORIENTED_EDGE('',*,*,#651,.T.);
#474=ORIENTED_EDGE('',*,*,#652,.T.);
#475=ORIENTED_EDGE('',*,*,#570,.T.);
#476=ORIENTED_EDGE('',*,*,#529,.T.);
#477=ORIENTED_EDGE('',*,*,#653,.F.);
#478=ORIENTED_EDGE('',*,*,#647,.F.);
#479=ORIENTED_EDGE('',*,*,#654,.T.);
#480=ORIENTED_EDGE('',*,*,#534,.T.);
#481=ORIENTED_EDGE('',*,*,#655,.F.);
#482=ORIENTED_EDGE('',*,*,#648,.F.);
#483=ORIENTED_EDGE('',*,*,#653,.T.);
#484=ORIENTED_EDGE('',*,*,#533,.T.);
#485=ORIENTED_EDGE('',*,*,#656,.F.);
#486=ORIENTED_EDGE('',*,*,#649,.F.);
#487=ORIENTED_EDGE('',*,*,#655,.T.);
#488=ORIENTED_EDGE('',*,*,#532,.T.);
#489=ORIENTED_EDGE('',*,*,#657,.F.);
#490=ORIENTED_EDGE('',*,*,#650,.F.);
#491=ORIENTED_EDGE('',*,*,#656,.T.);
#492=ORIENTED_EDGE('',*,*,#531,.T.);
#493=ORIENTED_EDGE('',*,*,#658,.F.);
#494=ORIENTED_EDGE('',*,*,#651,.F.);
#495=ORIENTED_EDGE('',*,*,#657,.T.);
#496=ORIENTED_EDGE('',*,*,#530,.T.);
#497=ORIENTED_EDGE('',*,*,#654,.F.);
#498=ORIENTED_EDGE('',*,*,#652,.F.);
#499=ORIENTED_EDGE('',*,*,#658,.T.);
#500=ORIENTED_EDGE('',*,*,#659,.F.);
#501=ORIENTED_EDGE('',*,*,#577,.T.);
#502=ORIENTED_EDGE('',*,*,#659,.T.);
#503=ORIENTED_EDGE('',*,*,#560,.T.);
#504=ORIENTED_EDGE('',*,*,#568,.T.);
#505=ORIENTED_EDGE('',*,*,#660,.T.);
#506=ORIENTED_EDGE('',*,*,#660,.F.);
#507=ORIENTED_EDGE('',*,*,#661,.F.);
#508=ORIENTED_EDGE('',*,*,#661,.T.);
#509=ORIENTED_EDGE('',*,*,#565,.T.);
#510=ORIENTED_EDGE('',*,*,#562,.F.);
#511=ORIENTED_EDGE('',*,*,#567,.F.);
#512=ORIENTED_EDGE('',*,*,#558,.F.);
#513=ORIENTED_EDGE('',*,*,#566,.T.);
#514=ORIENTED_EDGE('',*,*,#564,.F.);
#515=EDGE_CURVE('',#662,#662,#762,.T.);
#516=EDGE_CURVE('',#663,#663,#206,.T.);
#517=EDGE_CURVE('',#664,#665,#150,.T.);
#518=EDGE_CURVE('',#665,#664,#151,.T.);
#519=EDGE_CURVE('',#666,#667,#152,.F.);
#520=EDGE_CURVE('',#667,#666,#28,.F.);
#521=EDGE_CURVE('',#665,#667,#153,.T.);
#522=EDGE_CURVE('',#664,#666,#154,.T.);
#523=EDGE_CURVE('',#668,#669,#155,.T.);
#524=EDGE_CURVE('',#670,#668,#156,.T.);
#525=EDGE_CURVE('',#671,#670,#157,.T.);
#526=EDGE_CURVE('',#672,#671,#158,.T.);
#527=EDGE_CURVE('',#673,#672,#159,.T.);
#528=EDGE_CURVE('',#669,#673,#160,.T.);
#529=EDGE_CURVE('',#674,#675,#161,.T.);
#530=EDGE_CURVE('',#676,#674,#162,.T.);
#531=EDGE_CURVE('',#677,#676,#163,.T.);
#532=EDGE_CURVE('',#678,#677,#164,.T.);
#533=EDGE_CURVE('',#679,#678,#165,.T.);
#534=EDGE_CURVE('',#675,#679,#166,.T.);
#535=EDGE_CURVE('',#680,#681,#167,.T.);
#536=EDGE_CURVE('',#681,#682,#168,.T.);
#537=EDGE_CURVE('',#682,#683,#169,.T.);
#538=EDGE_CURVE('',#683,#684,#170,.T.);
#539=EDGE_CURVE('',#684,#685,#171,.T.);
#540=EDGE_CURVE('',#685,#680,#172,.T.);
#541=EDGE_CURVE('',#686,#687,#173,.T.);
#542=EDGE_CURVE('',#687,#688,#174,.T.);
#543=EDGE_CURVE('',#688,#689,#175,.T.);
#544=EDGE_CURVE('',#689,#690,#176,.T.);
#545=EDGE_CURVE('',#690,#691,#177,.T.);
#546=EDGE_CURVE('',#691,#692,#178,.T.);
#547=EDGE_CURVE('',#692,#693,#179,.T.);
#548=EDGE_CURVE('',#693,#694,#180,.T.);
#549=EDGE_CURVE('',#694,#695,#181,.T.);
#550=EDGE_CURVE('',#695,#686,#182,.T.);
#551=EDGE_CURVE('',#696,#697,#183,.T.);
#552=EDGE_CURVE('',#697,#698,#184,.T.);
#553=EDGE_CURVE('',#698,#699,#185,.T.);
#554=EDGE_CURVE('',#699,#700,#186,.T.);
#555=EDGE_CURVE('',#700,#701,#187,.T.);
#556=EDGE_CURVE('',#701,#696,#188,.T.);
#557=EDGE_CURVE('',#702,#703,#189,.F.);
#558=EDGE_CURVE('',#703,#704,#190,.T.);
#559=EDGE_CURVE('',#704,#705,#191,.T.);
#560=EDGE_CURVE('',#706,#705,#192,.T.);
#561=EDGE_CURVE('',#707,#706,#193,.T.);
#562=EDGE_CURVE('',#707,#708,#194,.T.);
#563=EDGE_CURVE('',#708,#709,#195,.F.);
#564=EDGE_CURVE('',#709,#702,#196,.T.);
#565=EDGE_CURVE('',#703,#708,#29,.T.);
#566=EDGE_CURVE('',#709,#702,#30,.F.);
#567=EDGE_CURVE('',#704,#707,#197,.T.);
#568=EDGE_CURVE('',#705,#706,#198,.T.);
#569=EDGE_CURVE('',#710,#710,#763,.T.);
#570=EDGE_CURVE('',#711,#711,#764,.F.);
#571=EDGE_CURVE('',#712,#712,#765,.T.);
#572=EDGE_CURVE('',#713,#713,#766,.T.);
#573=EDGE_CURVE('',#714,#714,#767,.T.);
#574=EDGE_CURVE('',#715,#715,#768,.F.);
#575=EDGE_CURVE('',#716,#716,#769,.T.);
#576=EDGE_CURVE('',#717,#717,#770,.T.);
#577=EDGE_CURVE('',#718,#718,#771,.T.);
#578=EDGE_CURVE('',#719,#720,#31,.T.);
#579=EDGE_CURVE('',#721,#719,#772,.T.);
#580=EDGE_CURVE('',#722,#721,#773,.T.);
#581=EDGE_CURVE('',#723,#722,#32,.T.);
#582=EDGE_CURVE('',#724,#723,#774,.T.);
#583=EDGE_CURVE('',#725,#724,#775,.T.);
#584=EDGE_CURVE('',#725,#726,#33,.T.);
#585=EDGE_CURVE('',#727,#726,#776,.T.);
#586=EDGE_CURVE('',#727,#728,#34,.T.);
#587=EDGE_CURVE('',#720,#728,#777,.T.);
#588=EDGE_CURVE('',#729,#728,#35,.T.);
#589=EDGE_CURVE('',#729,#730,#199,.T.);
#590=EDGE_CURVE('',#730,#720,#36,.T.);
#591=EDGE_CURVE('',#731,#727,#37,.T.);
#592=EDGE_CURVE('',#731,#729,#200,.T.);
#593=EDGE_CURVE('',#732,#726,#38,.T.);
#594=EDGE_CURVE('',#732,#731,#201,.T.);
#595=EDGE_CURVE('',#733,#725,#39,.T.);
#596=EDGE_CURVE('',#733,#732,#202,.T.);
#597=EDGE_CURVE('',#724,#733,#203,.T.);
#598=EDGE_CURVE('',#730,#734,#204,.T.);
#599=EDGE_CURVE('',#734,#719,#40,.T.);
#600=EDGE_CURVE('',#734,#721,#205,.T.);
#601=EDGE_CURVE('',#686,#723,#778,.T.);
#602=EDGE_CURVE('',#724,#695,#779,.F.);
#603=EDGE_CURVE('',#733,#694,#780,.T.);
#604=EDGE_CURVE('',#687,#722,#781,.T.);
#605=EDGE_CURVE('',#732,#693,#782,.T.);
#606=EDGE_CURVE('',#688,#721,#783,.T.);
#607=EDGE_CURVE('',#731,#692,#784,.T.);
#608=EDGE_CURVE('',#689,#734,#785,.T.);
#609=EDGE_CURVE('',#729,#691,#786,.T.);
#610=EDGE_CURVE('',#690,#730,#787,.T.);
#611=EDGE_CURVE('',#681,#735,#41,.T.);
#612=EDGE_CURVE('',#736,#735,#42,.T.);
#613=EDGE_CURVE('',#682,#736,#43,.T.);
#614=EDGE_CURVE('',#680,#737,#44,.T.);
#615=EDGE_CURVE('',#735,#737,#45,.T.);
#616=EDGE_CURVE('',#685,#738,#46,.T.);
#617=EDGE_CURVE('',#737,#738,#47,.T.);
#618=EDGE_CURVE('',#684,#739,#48,.T.);
#619=EDGE_CURVE('',#738,#739,#49,.T.);
#620=EDGE_CURVE('',#683,#740,#50,.T.);
#621=EDGE_CURVE('',#739,#740,#51,.T.);
#622=EDGE_CURVE('',#740,#736,#52,.T.);
#623=EDGE_CURVE('',#741,#742,#53,.T.);
#624=EDGE_CURVE('',#742,#743,#54,.T.);
#625=EDGE_CURVE('',#743,#744,#55,.T.);
#626=EDGE_CURVE('',#744,#745,#56,.T.);
#627=EDGE_CURVE('',#745,#746,#57,.T.);
#628=EDGE_CURVE('',#746,#741,#58,.T.);
#629=EDGE_CURVE('',#697,#742,#59,.T.);
#630=EDGE_CURVE('',#698,#741,#60,.T.);
#631=EDGE_CURVE('',#696,#743,#61,.T.);
#632=EDGE_CURVE('',#701,#744,#62,.T.);
#633=EDGE_CURVE('',#700,#745,#63,.T.);
#634=EDGE_CURVE('',#699,#746,#64,.T.);
#635=EDGE_CURVE('',#747,#669,#65,.T.);
#636=EDGE_CURVE('',#748,#747,#66,.T.);
#637=EDGE_CURVE('',#748,#668,#67,.T.);
#638=EDGE_CURVE('',#749,#673,#68,.T.);
#639=EDGE_CURVE('',#747,#749,#69,.T.);
#640=EDGE_CURVE('',#750,#672,#70,.T.);
#641=EDGE_CURVE('',#749,#750,#71,.T.);
#642=EDGE_CURVE('',#751,#671,#72,.T.);
#643=EDGE_CURVE('',#750,#751,#73,.T.);
#644=EDGE_CURVE('',#752,#670,#74,.T.);
#645=EDGE_CURVE('',#751,#752,#75,.T.);
#646=EDGE_CURVE('',#752,#748,#76,.T.);
#647=EDGE_CURVE('',#753,#754,#77,.T.);
#648=EDGE_CURVE('',#754,#755,#78,.T.);
#649=EDGE_CURVE('',#755,#756,#79,.T.);
#650=EDGE_CURVE('',#756,#757,#80,.T.);
#651=EDGE_CURVE('',#757,#758,#81,.T.);
#652=EDGE_CURVE('',#758,#753,#82,.T.);
#653=EDGE_CURVE('',#754,#675,#83,.T.);
#654=EDGE_CURVE('',#753,#674,#84,.T.);
#655=EDGE_CURVE('',#755,#679,#85,.T.);
#656=EDGE_CURVE('',#756,#678,#86,.T.);
#657=EDGE_CURVE('',#757,#677,#87,.T.);
#658=EDGE_CURVE('',#758,#676,#88,.T.);
#659=EDGE_CURVE('',#759,#759,#788,.T.);
#660=EDGE_CURVE('',#760,#760,#207,.T.);
#661=EDGE_CURVE('',#761,#761,#789,.T.);
#662=VERTEX_POINT('',#1412);
#663=VERTEX_POINT('',#1415);
#664=VERTEX_POINT('',#1472);
#665=VERTEX_POINT('',#1473);
#666=VERTEX_POINT('',#1540);
#667=VERTEX_POINT('',#1541);
#668=VERTEX_POINT('',#6676);
#669=VERTEX_POINT('',#6677);
#670=VERTEX_POINT('',#6682);
#671=VERTEX_POINT('',#6687);
#672=VERTEX_POINT('',#6692);
#673=VERTEX_POINT('',#6697);
#674=VERTEX_POINT('',#6706);
#675=VERTEX_POINT('',#6707);
#676=VERTEX_POINT('',#6712);
#677=VERTEX_POINT('',#6717);
#678=VERTEX_POINT('',#6722);
#679=VERTEX_POINT('',#6727);
#680=VERTEX_POINT('',#6736);
#681=VERTEX_POINT('',#6737);
#682=VERTEX_POINT('',#6742);
#683=VERTEX_POINT('',#6747);
#684=VERTEX_POINT('',#6752);
#685=VERTEX_POINT('',#6757);
#686=VERTEX_POINT('',#6767);
#687=VERTEX_POINT('',#6768);
#688=VERTEX_POINT('',#6774);
#689=VERTEX_POINT('',#6779);
#690=VERTEX_POINT('',#6788);
#691=VERTEX_POINT('',#6796);
#692=VERTEX_POINT('',#6801);
#693=VERTEX_POINT('',#6810);
#694=VERTEX_POINT('',#6818);
#695=VERTEX_POINT('',#6823);
#696=VERTEX_POINT('',#6835);
#697=VERTEX_POINT('',#6836);
#698=VERTEX_POINT('',#6841);
#699=VERTEX_POINT('',#6846);
#700=VERTEX_POINT('',#6851);
#701=VERTEX_POINT('',#6856);
#702=VERTEX_POINT('',#6922);
#703=VERTEX_POINT('',#6923);
#704=VERTEX_POINT('',#6931);
#705=VERTEX_POINT('',#6942);
#706=VERTEX_POINT('',#6996);
#707=VERTEX_POINT('',#7007);
#708=VERTEX_POINT('',#7014);
#709=VERTEX_POINT('',#7076);
#710=VERTEX_POINT('',#7147);
#711=VERTEX_POINT('',#7149);
#712=VERTEX_POINT('',#7152);
#713=VERTEX_POINT('',#7154);
#714=VERTEX_POINT('',#7157);
#715=VERTEX_POINT('',#7159);
#716=VERTEX_POINT('',#7162);
#717=VERTEX_POINT('',#7164);
#718=VERTEX_POINT('',#7167);
#719=VERTEX_POINT('',#7169);
#720=VERTEX_POINT('',#7170);
#721=VERTEX_POINT('',#7172);
#722=VERTEX_POINT('',#7174);
#723=VERTEX_POINT('',#7176);
#724=VERTEX_POINT('',#7178);
#725=VERTEX_POINT('',#7180);
#726=VERTEX_POINT('',#7182);
#727=VERTEX_POINT('',#7184);
#728=VERTEX_POINT('',#7186);
#729=VERTEX_POINT('',#7190);
#730=VERTEX_POINT('',#7198);
#731=VERTEX_POINT('',#7202);
#732=VERTEX_POINT('',#7209);
#733=VERTEX_POINT('',#7219);
#734=VERTEX_POINT('',#7241);
#735=VERTEX_POINT('',#7446);
#736=VERTEX_POINT('',#7448);
#737=VERTEX_POINT('',#7452);
#738=VERTEX_POINT('',#7456);
#739=VERTEX_POINT('',#7460);
#740=VERTEX_POINT('',#7464);
#741=VERTEX_POINT('',#7471);
#742=VERTEX_POINT('',#7472);
#743=VERTEX_POINT('',#7474);
#744=VERTEX_POINT('',#7476);
#745=VERTEX_POINT('',#7478);
#746=VERTEX_POINT('',#7480);
#747=VERTEX_POINT('',#7496);
#748=VERTEX_POINT('',#7498);
#749=VERTEX_POINT('',#7502);
#750=VERTEX_POINT('',#7506);
#751=VERTEX_POINT('',#7510);
#752=VERTEX_POINT('',#7514);
#753=VERTEX_POINT('',#7521);
#754=VERTEX_POINT('',#7522);
#755=VERTEX_POINT('',#7524);
#756=VERTEX_POINT('',#7526);
#757=VERTEX_POINT('',#7528);
#758=VERTEX_POINT('',#7530);
#759=VERTEX_POINT('',#7546);
#760=VERTEX_POINT('',#7550);
#761=VERTEX_POINT('',#7553);
#762=CIRCLE('',#1098,0.0017);
#763=CIRCLE('',#1106,0.00275);
#764=CIRCLE('',#1107,0.00275);
#765=CIRCLE('',#1109,0.00275);
#766=CIRCLE('',#1110,0.00275);
#767=CIRCLE('',#1112,0.00275);
#768=CIRCLE('',#1113,0.00275);
#769=CIRCLE('',#1115,0.00275);
#770=CIRCLE('',#1116,0.00275);
#771=CIRCLE('',#1118,0.0075);
#772=CIRCLE('',#1119,0.008);
#773=CIRCLE('',#1120,0.008);
#774=CIRCLE('',#1121,0.008);
#775=CIRCLE('',#1122,0.008);
#776=CIRCLE('',#1123,0.008);
#777=CIRCLE('',#1124,0.008);
#778=CIRCLE('',#1132,0.003);
#779=CIRCLE('',#1133,0.003);
#780=CIRCLE('',#1134,0.003);
#781=CIRCLE('',#1135,0.003);
#782=CIRCLE('',#1136,0.003);
#783=CIRCLE('',#1137,0.003);
#784=CIRCLE('',#1138,0.003);
#785=CIRCLE('',#1139,0.003);
#786=CIRCLE('',#1140,0.003);
#787=CIRCLE('',#1141,0.003);
#788=CIRCLE('',#1171,0.0075);
#789=CIRCLE('',#1176,0.0017);
#790=EDGE_LOOP('',(#221));
#791=EDGE_LOOP('',(#222));
#792=EDGE_LOOP('',(#223));
#793=EDGE_LOOP('',(#224,#225));
#794=EDGE_LOOP('',(#226));
#795=EDGE_LOOP('',(#227,#228));
#796=EDGE_LOOP('',(#229,#230,#231,#232));
#797=EDGE_LOOP('',(#233,#234,#235,#236));
#798=EDGE_LOOP('',(#237,#238,#239,#240,#241,#242));
#799=EDGE_LOOP('',(#243,#244,#245,#246,#247,#248));
#800=EDGE_LOOP('',(#249,#250,#251,#252,#253,#254));
#801=EDGE_LOOP('',(#255,#256,#257,#258,#259,#260,#261,#262,#263,#264));
#802=EDGE_LOOP('',(#265,#266,#267,#268,#269,#270));
#803=EDGE_LOOP('',(#271,#272,#273,#274,#275,#276,#277,#278));
#804=EDGE_LOOP('',(#279,#280,#281,#282));
#805=EDGE_LOOP('',(#283,#284,#285,#286));
#806=EDGE_LOOP('',(#287));
#807=EDGE_LOOP('',(#288));
#808=EDGE_LOOP('',(#289));
#809=EDGE_LOOP('',(#290));
#810=EDGE_LOOP('',(#291));
#811=EDGE_LOOP('',(#292));
#812=EDGE_LOOP('',(#293));
#813=EDGE_LOOP('',(#294));
#814=EDGE_LOOP('',(#295));
#815=EDGE_LOOP('',(#296));
#816=EDGE_LOOP('',(#297));
#817=EDGE_LOOP('',(#298,#299,#300,#301,#302,#303,#304,#305,#306,#307));
#818=EDGE_LOOP('',(#308));
#819=EDGE_LOOP('',(#309));
#820=EDGE_LOOP('',(#310,#311,#312,#313));
#821=EDGE_LOOP('',(#314,#315,#316,#317));
#822=EDGE_LOOP('',(#318,#319,#320,#321));
#823=EDGE_LOOP('',(#322,#323,#324,#325));
#824=EDGE_LOOP('',(#326,#327,#328));
#825=EDGE_LOOP('',(#329,#330,#331,#332));
#826=EDGE_LOOP('',(#333,#334,#335));
#827=EDGE_LOOP('',(#336,#337,#338,#339));
#828=EDGE_LOOP('',(#340,#341,#342,#343));
#829=EDGE_LOOP('',(#344,#345,#346,#347));
#830=EDGE_LOOP('',(#348,#349,#350,#351));
#831=EDGE_LOOP('',(#352,#353,#354,#355));
#832=EDGE_LOOP('',(#356,#357,#358,#359));
#833=EDGE_LOOP('',(#360,#361,#362,#363));
#834=EDGE_LOOP('',(#364,#365,#366,#367));
#835=EDGE_LOOP('',(#368,#369,#370,#371));
#836=EDGE_LOOP('',(#372,#373,#374,#375));
#837=EDGE_LOOP('',(#376,#377,#378,#379));
#838=EDGE_LOOP('',(#380,#381,#382,#383));
#839=EDGE_LOOP('',(#384,#385,#386,#387));
#840=EDGE_LOOP('',(#388,#389,#390,#391));
#841=EDGE_LOOP('',(#392,#393,#394,#395));
#842=EDGE_LOOP('',(#396,#397,#398,#399));
#843=EDGE_LOOP('',(#400));
#844=EDGE_LOOP('',(#401,#402,#403,#404,#405,#406));
#845=EDGE_LOOP('',(#407,#408,#409,#410,#411,#412));
#846=EDGE_LOOP('',(#413));
#847=EDGE_LOOP('',(#414,#415,#416,#417));
#848=EDGE_LOOP('',(#418,#419,#420,#421));
#849=EDGE_LOOP('',(#422,#423,#424,#425));
#850=EDGE_LOOP('',(#426,#427,#428,#429));
#851=EDGE_LOOP('',(#430,#431,#432,#433));
#852=EDGE_LOOP('',(#434,#435,#436,#437));
#853=EDGE_LOOP('',(#438,#439,#440,#441));
#854=EDGE_LOOP('',(#442,#443,#444,#445));
#855=EDGE_LOOP('',(#446,#447,#448,#449));
#856=EDGE_LOOP('',(#450,#451,#452,#453));
#857=EDGE_LOOP('',(#454,#455,#456,#457));
#858=EDGE_LOOP('',(#458,#459,#460,#461));
#859=EDGE_LOOP('',(#462));
#860=EDGE_LOOP('',(#463,#464,#465,#466,#467,#468));
#861=EDGE_LOOP('',(#469,#470,#471,#472,#473,#474));
#862=EDGE_LOOP('',(#475));
#863=EDGE_LOOP('',(#476,#477,#478,#479));
#864=EDGE_LOOP('',(#480,#481,#482,#483));
#865=EDGE_LOOP('',(#484,#485,#486,#487));
#866=EDGE_LOOP('',(#488,#489,#490,#491));
#867=EDGE_LOOP('',(#492,#493,#494,#495));
#868=EDGE_LOOP('',(#496,#497,#498,#499));
#869=EDGE_LOOP('',(#500));
#870=EDGE_LOOP('',(#501));
#871=EDGE_LOOP('',(#502));
#872=EDGE_LOOP('',(#503,#504));
#873=EDGE_LOOP('',(#505));
#874=EDGE_LOOP('',(#506));
#875=EDGE_LOOP('',(#507));
#876=EDGE_LOOP('',(#508));
#877=EDGE_LOOP('',(#509,#510,#511,#512));
#878=EDGE_LOOP('',(#513,#514));
#879=FACE_BOUND('',#790,.T.);
#880=FACE_BOUND('',#791,.T.);
#881=FACE_BOUND('',#792,.T.);
#882=FACE_BOUND('',#793,.T.);
#883=FACE_BOUND('',#794,.T.);
#884=FACE_BOUND('',#795,.T.);
#885=FACE_BOUND('',#796,.T.);
#886=FACE_BOUND('',#797,.T.);
#887=FACE_BOUND('',#798,.T.);
#888=FACE_BOUND('',#799,.T.);
#889=FACE_BOUND('',#800,.T.);
#890=FACE_BOUND('',#801,.T.);
#891=FACE_BOUND('',#802,.T.);
#892=FACE_BOUND('',#803,.T.);
#893=FACE_BOUND('',#804,.T.);
#894=FACE_BOUND('',#805,.T.);
#895=FACE_BOUND('',#806,.T.);
#896=FACE_BOUND('',#807,.T.);
#897=FACE_BOUND('',#808,.T.);
#898=FACE_BOUND('',#809,.T.);
#899=FACE_BOUND('',#810,.T.);
#900=FACE_BOUND('',#811,.T.);
#901=FACE_BOUND('',#812,.T.);
#902=FACE_BOUND('',#813,.T.);
#903=FACE_BOUND('',#814,.T.);
#904=FACE_BOUND('',#815,.T.);
#905=FACE_BOUND('',#816,.T.);
#906=FACE_BOUND('',#817,.T.);
#907=FACE_BOUND('',#818,.T.);
#908=FACE_BOUND('',#819,.T.);
#909=FACE_BOUND('',#820,.T.);
#910=FACE_BOUND('',#821,.T.);
#911=FACE_BOUND('',#822,.T.);
#912=FACE_BOUND('',#823,.T.);
#913=FACE_BOUND('',#824,.T.);
#914=FACE_BOUND('',#825,.T.);
#915=FACE_BOUND('',#826,.T.);
#916=FACE_BOUND('',#827,.T.);
#917=FACE_BOUND('',#828,.T.);
#918=FACE_BOUND('',#829,.T.);
#919=FACE_BOUND('',#830,.T.);
#920=FACE_BOUND('',#831,.T.);
#921=FACE_BOUND('',#832,.T.);
#922=FACE_BOUND('',#833,.T.);
#923=FACE_BOUND('',#834,.T.);
#924=FACE_BOUND('',#835,.T.);
#925=FACE_BOUND('',#836,.T.);
#926=FACE_BOUND('',#837,.T.);
#927=FACE_BOUND('',#838,.T.);
#928=FACE_BOUND('',#839,.T.);
#929=FACE_BOUND('',#840,.T.);
#930=FACE_BOUND('',#841,.T.);
#931=FACE_BOUND('',#842,.T.);
#932=FACE_BOUND('',#843,.T.);
#933=FACE_BOUND('',#844,.T.);
#934=FACE_BOUND('',#845,.T.);
#935=FACE_BOUND('',#846,.T.);
#936=FACE_BOUND('',#847,.T.);
#937=FACE_BOUND('',#848,.T.);
#938=FACE_BOUND('',#849,.T.);
#939=FACE_BOUND('',#850,.T.);
#940=FACE_BOUND('',#851,.T.);
#941=FACE_BOUND('',#852,.T.);
#942=FACE_BOUND('',#853,.T.);
#943=FACE_BOUND('',#854,.T.);
#944=FACE_BOUND('',#855,.T.);
#945=FACE_BOUND('',#856,.T.);
#946=FACE_BOUND('',#857,.T.);
#947=FACE_BOUND('',#858,.T.);
#948=FACE_BOUND('',#859,.T.);
#949=FACE_BOUND('',#860,.T.);
#950=FACE_BOUND('',#861,.T.);
#951=FACE_BOUND('',#862,.T.);
#952=FACE_BOUND('',#863,.T.);
#953=FACE_BOUND('',#864,.T.);
#954=FACE_BOUND('',#865,.T.);
#955=FACE_BOUND('',#866,.T.);
#956=FACE_BOUND('',#867,.T.);
#957=FACE_BOUND('',#868,.T.);
#958=FACE_BOUND('',#869,.T.);
#959=FACE_BOUND('',#870,.T.);
#960=FACE_BOUND('',#871,.T.);
#961=FACE_BOUND('',#872,.T.);
#962=FACE_BOUND('',#873,.T.);
#963=FACE_BOUND('',#874,.T.);
#964=FACE_BOUND('',#875,.T.);
#965=FACE_BOUND('',#876,.T.);
#966=FACE_BOUND('',#877,.T.);
#967=FACE_BOUND('',#878,.T.);
#968=PLANE('',#1097);
#969=PLANE('',#1101);
#970=PLANE('',#1102);
#971=PLANE('',#1104);
#972=PLANE('',#1117);
#973=PLANE('',#1126);
#974=PLANE('',#1128);
#975=PLANE('',#1130);
#976=PLANE('',#1142);
#977=PLANE('',#1143);
#978=PLANE('',#1144);
#979=PLANE('',#1145);
#980=PLANE('',#1146);
#981=PLANE('',#1147);
#982=PLANE('',#1148);
#983=PLANE('',#1149);
#984=PLANE('',#1150);
#985=PLANE('',#1151);
#986=PLANE('',#1152);
#987=PLANE('',#1153);
#988=PLANE('',#1154);
#989=PLANE('',#1155);
#990=PLANE('',#1156);
#991=PLANE('',#1157);
#992=PLANE('',#1158);
#993=PLANE('',#1159);
#994=PLANE('',#1160);
#995=PLANE('',#1161);
#996=PLANE('',#1162);
#997=PLANE('',#1163);
#998=PLANE('',#1164);
#999=PLANE('',#1165);
#1000=PLANE('',#1166);
#1001=PLANE('',#1167);
#1002=PLANE('',#1168);
#1003=PLANE('',#1169);
#1004=PLANE('',#1172);
#1005=PLANE('',#1173);
#1006=PLANE('',#1177);
#1007=ADVANCED_FACE('',(#879),#968,.F.);
#1008=ADVANCED_FACE('',(#880,#881),#208,.F.);
#1009=ADVANCED_FACE('',(#882,#883),#969,.T.);
#1010=ADVANCED_FACE('',(#884),#970,.T.);
#1011=ADVANCED_FACE('',(#885),#24,.T.);
#1012=ADVANCED_FACE('',(#886),#25,.T.);
#1013=ADVANCED_FACE('',(#887,#888,#889,#890,#891,#892),#26,.T.);
#1014=ADVANCED_FACE('',(#893),#971,.F.);
#1015=ADVANCED_FACE('',(#894),#27,.T.);
#1016=ADVANCED_FACE('',(#895,#896),#209,.F.);
#1017=ADVANCED_FACE('',(#897,#898),#210,.F.);
#1018=ADVANCED_FACE('',(#899,#900),#211,.F.);
#1019=ADVANCED_FACE('',(#901,#902),#212,.F.);
#1020=ADVANCED_FACE('',(#903,#904,#905,#906,#907,#908),#972,.F.);
#1021=ADVANCED_FACE('',(#909),#213,.T.);
#1022=ADVANCED_FACE('',(#910),#973,.T.);
#1023=ADVANCED_FACE('',(#911),#214,.T.);
#1024=ADVANCED_FACE('',(#912),#974,.T.);
#1025=ADVANCED_FACE('',(#913),#215,.T.);
#1026=ADVANCED_FACE('',(#914),#975,.F.);
#1027=ADVANCED_FACE('',(#915),#216,.T.);
#1028=ADVANCED_FACE('',(#916),#10,.F.);
#1029=ADVANCED_FACE('',(#917),#11,.F.);
#1030=ADVANCED_FACE('',(#918),#12,.F.);
#1031=ADVANCED_FACE('',(#919),#13,.F.);
#1032=ADVANCED_FACE('',(#920),#14,.F.);
#1033=ADVANCED_FACE('',(#921),#15,.F.);
#1034=ADVANCED_FACE('',(#922),#16,.F.);
#1035=ADVANCED_FACE('',(#923),#17,.F.);
#1036=ADVANCED_FACE('',(#924),#18,.F.);
#1037=ADVANCED_FACE('',(#925),#19,.F.);
#1038=ADVANCED_FACE('',(#926),#976,.T.);
#1039=ADVANCED_FACE('',(#927),#977,.T.);
#1040=ADVANCED_FACE('',(#928),#978,.T.);
#1041=ADVANCED_FACE('',(#929),#979,.T.);
#1042=ADVANCED_FACE('',(#930),#980,.T.);
#1043=ADVANCED_FACE('',(#931),#981,.T.);
#1044=ADVANCED_FACE('',(#932,#933),#982,.T.);
#1045=ADVANCED_FACE('',(#934,#935),#983,.T.);
#1046=ADVANCED_FACE('',(#936),#984,.T.);
#1047=ADVANCED_FACE('',(#937),#985,.T.);
#1048=ADVANCED_FACE('',(#938),#986,.T.);
#1049=ADVANCED_FACE('',(#939),#987,.T.);
#1050=ADVANCED_FACE('',(#940),#988,.T.);
#1051=ADVANCED_FACE('',(#941),#989,.T.);
#1052=ADVANCED_FACE('',(#942),#990,.F.);
#1053=ADVANCED_FACE('',(#943),#991,.F.);
#1054=ADVANCED_FACE('',(#944),#992,.F.);
#1055=ADVANCED_FACE('',(#945),#993,.F.);
#1056=ADVANCED_FACE('',(#946),#994,.F.);
#1057=ADVANCED_FACE('',(#947),#995,.F.);
#1058=ADVANCED_FACE('',(#948,#949),#996,.T.);
#1059=ADVANCED_FACE('',(#950,#951),#997,.T.);
#1060=ADVANCED_FACE('',(#952),#998,.F.);
#1061=ADVANCED_FACE('',(#953),#999,.F.);
#1062=ADVANCED_FACE('',(#954),#1000,.F.);
#1063=ADVANCED_FACE('',(#955),#1001,.F.);
#1064=ADVANCED_FACE('',(#956),#1002,.F.);
#1065=ADVANCED_FACE('',(#957),#1003,.F.);
#1066=ADVANCED_FACE('',(#958,#959),#217,.F.);
#1067=ADVANCED_FACE('',(#960),#1004,.T.);
#1068=ADVANCED_FACE('',(#961,#962),#1005,.F.);
#1069=ADVANCED_FACE('',(#963,#964),#218,.F.);
#1070=ADVANCED_FACE('',(#965),#1006,.T.);
#1071=ADVANCED_FACE('',(#966),#219,.T.);
#1072=ADVANCED_FACE('',(#967),#220,.T.);
#1073=CLOSED_SHELL('',(#1007,#1008,#1009,#1010,#1011,#1012));
#1074=CLOSED_SHELL('',(#1013,#1014,#1015,#1016,#1017,#1018,#1019,#1020,
#1021,#1022,#1023,#1024,#1025,#1026,#1027,#1028,#1029,#1030,#1031,#1032,
#1033,#1034,#1035,#1036,#1037,#1038,#1039,#1040,#1041,#1042,#1043,#1044,
#1045,#1046,#1047,#1048,#1049,#1050,#1051,#1052,#1053,#1054,#1055,#1056,
#1057,#1058,#1059,#1060,#1061,#1062,#1063,#1064,#1065,#1066,#1067,#1068,
#1069,#1070,#1071,#1072));
#1075=STYLED_ITEM('',(#1077),#1090);
#1076=STYLED_ITEM('',(#1078),#1091);
#1077=PRESENTATION_STYLE_ASSIGNMENT((#1079));
#1078=PRESENTATION_STYLE_ASSIGNMENT((#1080));
#1079=SURFACE_STYLE_USAGE(.BOTH.,#1081);
#1080=SURFACE_STYLE_USAGE(.BOTH.,#1082);
#1081=SURFACE_SIDE_STYLE('',(#1083));
#1082=SURFACE_SIDE_STYLE('',(#1084));
#1083=SURFACE_STYLE_FILL_AREA(#1085);
#1084=SURFACE_STYLE_FILL_AREA(#1086);
#1085=FILL_AREA_STYLE('',(#1087));
#1086=FILL_AREA_STYLE('',(#1088));
#1087=FILL_AREA_STYLE_COLOUR('',#1089);
#1088=FILL_AREA_STYLE_COLOUR('',#1089);
#1089=COLOUR_RGB('',0.231372549019608,0.380392156862745,0.705882352941177);
#1090=MANIFOLD_SOLID_BREP('BP-100 segB',#1073);
#1091=MANIFOLD_SOLID_BREP('BP-100 segA',#1074);
#1092=SHAPE_DEFINITION_REPRESENTATION(#7569,#1094);
#1093=SHAPE_DEFINITION_REPRESENTATION(#7570,#1095);
#1094=SHAPE_REPRESENTATION('BP-100 segB',(#1096),#7559);
#1095=SHAPE_REPRESENTATION('BP-100 segA',(#1103),#7560);
#1096=AXIS2_PLACEMENT_3D('',#1409,#1180,#1181);
#1097=AXIS2_PLACEMENT_3D('',#1410,#1182,#1183);
#1098=AXIS2_PLACEMENT_3D('',#1411,#1184,#1185);
#1099=AXIS2_PLACEMENT_3D('',#1413,#1186,#1187);
#1100=AXIS2_PLACEMENT_3D('',#1414,#1188,#1189);
#1101=AXIS2_PLACEMENT_3D('',#1416,#1190,#1191);
#1102=AXIS2_PLACEMENT_3D('',#1478,#1192,#1193);
#1103=AXIS2_PLACEMENT_3D('',#4697,#1195,#1196);
#1104=AXIS2_PLACEMENT_3D('',#7110,#1197,#1198);
#1105=AXIS2_PLACEMENT_3D('',#7145,#1201,#1202);
#1106=AXIS2_PLACEMENT_3D('',#7146,#1203,#1204);
#1107=AXIS2_PLACEMENT_3D('',#7148,#1205,#1206);
#1108=AXIS2_PLACEMENT_3D('',#7150,#1207,#1208);
#1109=AXIS2_PLACEMENT_3D('',#7151,#1209,#1210);
#1110=AXIS2_PLACEMENT_3D('',#7153,#1211,#1212);
#1111=AXIS2_PLACEMENT_3D('',#7155,#1213,#1214);
#1112=AXIS2_PLACEMENT_3D('',#7156,#1215,#1216);
#1113=AXIS2_PLACEMENT_3D('',#7158,#1217,#1218);
#1114=AXIS2_PLACEMENT_3D('',#7160,#1219,#1220);
#1115=AXIS2_PLACEMENT_3D('',#7161,#1221,#1222);
#1116=AXIS2_PLACEMENT_3D('',#7163,#1223,#1224);
#1117=AXIS2_PLACEMENT_3D('',#7165,#1225,#1226);
#1118=AXIS2_PLACEMENT_3D('',#7166,#1227,#1228);
#1119=AXIS2_PLACEMENT_3D('',#7171,#1230,#1231);
#1120=AXIS2_PLACEMENT_3D('',#7173,#1232,#1233);
#1121=AXIS2_PLACEMENT_3D('',#7177,#1235,#1236);
#1122=AXIS2_PLACEMENT_3D('',#7179,#1237,#1238);
#1123=AXIS2_PLACEMENT_3D('',#7183,#1240,#1241);
#1124=AXIS2_PLACEMENT_3D('',#7187,#1243,#1244);
#1125=AXIS2_PLACEMENT_3D('',#7188,#1245,#1246);
#1126=AXIS2_PLACEMENT_3D('',#7200,#1249,#1250);
#1127=AXIS2_PLACEMENT_3D('',#7207,#1252,#1253);
#1128=AXIS2_PLACEMENT_3D('',#7217,#1255,#1256);
#1129=AXIS2_PLACEMENT_3D('',#7227,#1258,#1259);
#1130=AXIS2_PLACEMENT_3D('',#7232,#1260,#1261);
#1131=AXIS2_PLACEMENT_3D('',#7243,#1263,#1264);
#1132=AXIS2_PLACEMENT_3D('',#7269,#1265,#1266);
#1133=AXIS2_PLACEMENT_3D('',#7270,#1267,#1268);
#1134=AXIS2_PLACEMENT_3D('',#7283,#1269,#1270);
#1135=AXIS2_PLACEMENT_3D('',#7299,#1271,#1272);
#1136=AXIS2_PLACEMENT_3D('',#7324,#1273,#1274);
#1137=AXIS2_PLACEMENT_3D('',#7340,#1275,#1276);
#1138=AXIS2_PLACEMENT_3D('',#7365,#1277,#1278);
#1139=AXIS2_PLACEMENT_3D('',#7381,#1279,#1280);
#1140=AXIS2_PLACEMENT_3D('',#7394,#1281,#1282);
#1141=AXIS2_PLACEMENT_3D('',#7419,#1283,#1284);
#1142=AXIS2_PLACEMENT_3D('',#7444,#1285,#1286);
#1143=AXIS2_PLACEMENT_3D('',#7450,#1290,#1291);
#1144=AXIS2_PLACEMENT_3D('',#7454,#1294,#1295);
#1145=AXIS2_PLACEMENT_3D('',#7458,#1298,#1299);
#1146=AXIS2_PLACEMENT_3D('',#7462,#1302,#1303);
#1147=AXIS2_PLACEMENT_3D('',#7466,#1306,#1307);
#1148=AXIS2_PLACEMENT_3D('',#7468,#1309,#1310);
#1149=AXIS2_PLACEMENT_3D('',#7469,#1311,#1312);
#1150=AXIS2_PLACEMENT_3D('',#7482,#1319,#1320);
#1151=AXIS2_PLACEMENT_3D('',#7485,#1323,#1324);
#1152=AXIS2_PLACEMENT_3D('',#7487,#1326,#1327);
#1153=AXIS2_PLACEMENT_3D('',#7489,#1329,#1330);
#1154=AXIS2_PLACEMENT_3D('',#7491,#1332,#1333);
#1155=AXIS2_PLACEMENT_3D('',#7493,#1335,#1336);
#1156=AXIS2_PLACEMENT_3D('',#7494,#1337,#1338);
#1157=AXIS2_PLACEMENT_3D('',#7500,#1342,#1343);
#1158=AXIS2_PLACEMENT_3D('',#7504,#1346,#1347);
#1159=AXIS2_PLACEMENT_3D('',#7508,#1350,#1351);
#1160=AXIS2_PLACEMENT_3D('',#7512,#1354,#1355);
#1161=AXIS2_PLACEMENT_3D('',#7516,#1358,#1359);
#1162=AXIS2_PLACEMENT_3D('',#7518,#1361,#1362);
#1163=AXIS2_PLACEMENT_3D('',#7519,#1363,#1364);
#1164=AXIS2_PLACEMENT_3D('',#7532,#1371,#1372);
#1165=AXIS2_PLACEMENT_3D('',#7535,#1375,#1376);
#1166=AXIS2_PLACEMENT_3D('',#7537,#1378,#1379);
#1167=AXIS2_PLACEMENT_3D('',#7539,#1381,#1382);
#1168=AXIS2_PLACEMENT_3D('',#7541,#1384,#1385);
#1169=AXIS2_PLACEMENT_3D('',#7543,#1387,#1388);
#1170=AXIS2_PLACEMENT_3D('',#7544,#1389,#1390);
#1171=AXIS2_PLACEMENT_3D('',#7545,#1391,#1392);
#1172=AXIS2_PLACEMENT_3D('',#7547,#1393,#1394);
#1173=AXIS2_PLACEMENT_3D('',#7548,#1395,#1396);
#1174=AXIS2_PLACEMENT_3D('',#7549,#1397,#1398);
#1175=AXIS2_PLACEMENT_3D('',#7551,#1399,#1400);
#1176=AXIS2_PLACEMENT_3D('',#7552,#1401,#1402);
#1177=AXIS2_PLACEMENT_3D('',#7554,#1403,#1404);
#1178=AXIS2_PLACEMENT_3D('',#7555,#1405,#1406);
#1179=AXIS2_PLACEMENT_3D('',#7556,#1407,#1408);
#1180=DIRECTION('',(0.,0.,1.));
#1181=DIRECTION('',(1.,0.,0.));
#1182=DIRECTION('',(1.,0.,0.));
#1183=DIRECTION('',(0.,1.,0.));
#1184=DIRECTION('',(1.,0.,0.));
#1185=DIRECTION('',(0.,0.,-1.));
#1186=DIRECTION('',(-1.,0.,0.));
#1187=DIRECTION('',(0.,0.,1.));
#1188=DIRECTION('',(-0.866025403784439,0.5,0.));
#1189=DIRECTION('',(-0.5,-0.866025403784439,0.));
#1190=DIRECTION('',(-0.866025403784439,0.5,0.));
#1191=DIRECTION('',(-0.5,-0.866025403784439,0.));
#1192=DIRECTION('',(1.,0.,0.));
#1193=DIRECTION('',(0.,1.,0.));
#1194=DIRECTION('',(0.,-0.338901020951844,0.940822033116677));
#1195=DIRECTION('',(0.,0.,1.));
#1196=DIRECTION('',(1.,0.,0.));
#1197=DIRECTION('',(1.,0.,0.));
#1198=DIRECTION('',(0.,1.,0.));
#1199=DIRECTION('',(0.,0.,-1.));
#1200=DIRECTION('',(0.,0.,-1.));
#1201=DIRECTION('',(0.,0.,-1.));
#1202=DIRECTION('',(-1.,0.,0.));
#1203=DIRECTION('',(0.,0.,-1.));
#1204=DIRECTION('',(-1.,0.,0.));
#1205=DIRECTION('',(0.,0.,1.));
#1206=DIRECTION('',(1.,0.,0.));
#1207=DIRECTION('',(0.,0.,-1.));
#1208=DIRECTION('',(-1.,0.,0.));
#1209=DIRECTION('',(0.,0.,1.));
#1210=DIRECTION('',(-1.,0.,0.));
#1211=DIRECTION('',(0.,0.,1.));
#1212=DIRECTION('',(1.,0.,0.));
#1213=DIRECTION('',(0.,0.,-1.));
#1214=DIRECTION('',(-1.,0.,0.));
#1215=DIRECTION('',(0.,0.,-1.));
#1216=DIRECTION('',(-1.,0.,0.));
#1217=DIRECTION('',(0.,0.,1.));
#1218=DIRECTION('',(1.,0.,0.));
#1219=DIRECTION('',(0.,0.,-1.));
#1220=DIRECTION('',(-1.,0.,0.));
#1221=DIRECTION('',(0.,0.,1.));
#1222=DIRECTION('',(-1.,0.,0.));
#1223=DIRECTION('',(0.,0.,1.));
#1224=DIRECTION('',(1.,0.,0.));
#1225=DIRECTION('',(0.,0.,1.));
#1226=DIRECTION('',(1.,0.,0.));
#1227=DIRECTION('',(0.,0.,-1.));
#1228=DIRECTION('',(-1.,0.,0.));
#1229=DIRECTION('',(0.,1.,0.));
#1230=DIRECTION('',(0.,0.,1.));
#1231=DIRECTION('',(1.,0.,0.));
#1232=DIRECTION('',(0.,0.,1.));
#1233=DIRECTION('',(1.,0.,0.));
#1234=DIRECTION('',(1.,0.,0.));
#1235=DIRECTION('',(0.,0.,1.));
#1236=DIRECTION('',(1.,0.,0.));
#1237=DIRECTION('',(0.,0.,1.));
#1238=DIRECTION('',(1.,0.,0.));
#1239=DIRECTION('',(-3.30423519233678E-16,1.,0.));
#1240=DIRECTION('',(0.,0.,1.));
#1241=DIRECTION('',(1.,0.,0.));
#1242=DIRECTION('',(1.,0.,0.));
#1243=DIRECTION('',(0.,0.,1.));
#1244=DIRECTION('',(1.,0.,0.));
#1245=DIRECTION('',(0.,0.,-1.));
#1246=DIRECTION('',(-1.,0.,0.));
#1247=DIRECTION('',(0.,0.,-1.));
#1248=DIRECTION('',(0.,0.,-1.));
#1249=DIRECTION('',(0.,1.,0.));
#1250=DIRECTION('',(0.,0.,1.));
#1251=DIRECTION('',(0.,0.,-1.));
#1252=DIRECTION('',(0.,0.,-1.));
#1253=DIRECTION('',(-1.,0.,0.));
#1254=DIRECTION('',(0.,0.,-1.));
#1255=DIRECTION('',(-1.,-3.30423519233678E-16,0.));
#1256=DIRECTION('',(3.30423519233678E-16,-1.,0.));
#1257=DIRECTION('',(0.,0.,-1.));
#1258=DIRECTION('',(0.,0.,-1.));
#1259=DIRECTION('',(-1.,0.,0.));
#1260=DIRECTION('',(-1.,0.,0.));
#1261=DIRECTION('',(0.,0.,1.));
#1262=DIRECTION('',(0.,0.,-1.));
#1263=DIRECTION('',(0.,0.,-1.));
#1264=DIRECTION('',(-1.,0.,0.));
#1265=DIRECTION('',(-0.999457074371793,0.0297001647708466,-0.014263824899436));
#1266=DIRECTION('',(-0.0297031865807282,-0.999558763008434,0.));
#1267=DIRECTION('',(-0.132684832836012,0.92963151674715,0.343773149337865));
#1268=DIRECTION('',(0.,-0.346839809976021,0.937924381928414));
#1269=DIRECTION('',(2.17155948649507E-15,-0.938864111442437,-0.344287932180904));
#1270=DIRECTION('',(0.,0.344287932180904,-0.938864111442437));
#1271=DIRECTION('',(-0.999752657905298,0.0131644355944663,-0.0179254190124405));
#1272=DIRECTION('',(-0.0179269724731072,0.,0.999839298916555));
#1273=DIRECTION('',(5.69030390550138E-16,-0.984071061060132,-0.177775551704912));
#1274=DIRECTION('',(0.,0.177775551704912,-0.984071061060132));
#1275=DIRECTION('',(-0.474858664657132,-0.839283530254703,-0.264787470329035));
#1276=DIRECTION('',(0.870349078013837,-0.492435257064788,0.));
#1277=DIRECTION('',(-0.999744732641335,0.,0.0225935733319472));
#1278=DIRECTION('',(0.0225935733319472,0.,0.999744732641335));
#1279=DIRECTION('',(-8.88552842485506E-15,-0.960404700076004,-0.278608707817829));
#1280=DIRECTION('',(0.,0.278608707817829,-0.960404700076004));
#1281=DIRECTION('',(-0.999749787217755,0.,0.0223687942914662));
#1282=DIRECTION('',(0.0223687942914662,0.,0.999749787217755));
#1283=DIRECTION('',(9.24838870096946E-14,-0.989406763617408,-0.14516974928726));
#1284=DIRECTION('',(0.,0.14516974928726,-0.989406763617408));
#1285=DIRECTION('',(-0.866025403784439,0.5,0.));
#1286=DIRECTION('',(-0.5,-0.866025403784439,0.));
#1287=DIRECTION('',(0.,0.,-1.));
#1288=DIRECTION('',(0.5,0.866025403784439,0.));
#1289=DIRECTION('',(0.,0.,-1.));
#1290=DIRECTION('',(-0.866025403784439,-0.5,0.));
#1291=DIRECTION('',(0.5,-0.866025403784439,0.));
#1292=DIRECTION('',(0.,0.,-1.));
#1293=DIRECTION('',(-0.5,0.866025403784439,0.));
#1294=DIRECTION('',(4.23103286823612E-16,-1.,0.));
#1295=DIRECTION('',(1.,4.23103286823612E-16,0.));
#1296=DIRECTION('',(0.,0.,-1.));
#1297=DIRECTION('',(-1.,-4.23103286823612E-16,0.));
#1298=DIRECTION('',(0.866025403784438,-0.5,0.));
#1299=DIRECTION('',(0.5,0.866025403784438,0.));
#1300=DIRECTION('',(0.,0.,-1.));
#1301=DIRECTION('',(-0.5,-0.866025403784438,0.));
#1302=DIRECTION('',(0.866025403784439,0.5,0.));
#1303=DIRECTION('',(-0.5,0.866025403784439,0.));
#1304=DIRECTION('',(0.,0.,-1.));
#1305=DIRECTION('',(0.5,-0.866025403784439,0.));
#1306=DIRECTION('',(0.,1.,0.));
#1307=DIRECTION('',(0.,0.,1.));
#1308=DIRECTION('',(1.,0.,0.));
#1309=DIRECTION('',(0.,0.,1.));
#1310=DIRECTION('',(1.,0.,0.));
#1311=DIRECTION('',(0.,0.,1.));
#1312=DIRECTION('',(1.,0.,0.));
#1313=DIRECTION('',(0.5,0.866025403784439,0.));
#1314=DIRECTION('',(-0.5,0.866025403784438,0.));
#1315=DIRECTION('',(-1.,-4.23103286823612E-16,0.));
#1316=DIRECTION('',(-0.5,-0.866025403784439,0.));
#1317=DIRECTION('',(0.5,-0.866025403784438,0.));
#1318=DIRECTION('',(1.,-2.11551643411804E-16,0.));
#1319=DIRECTION('',(-0.866025403784439,0.5,0.));
#1320=DIRECTION('',(-0.5,-0.866025403784439,0.));
#1321=DIRECTION('',(0.,0.,-1.));
#1322=DIRECTION('',(0.,0.,-1.));
#1323=DIRECTION('',(-0.866025403784438,-0.5,0.));
#1324=DIRECTION('',(0.5,-0.866025403784438,0.));
#1325=DIRECTION('',(0.,0.,-1.));
#1326=DIRECTION('',(4.23103286823612E-16,-1.,0.));
#1327=DIRECTION('',(1.,4.23103286823612E-16,0.));
#1328=DIRECTION('',(0.,0.,-1.));
#1329=DIRECTION('',(0.866025403784439,-0.5,0.));
#1330=DIRECTION('',(0.5,0.866025403784439,0.));
#1331=DIRECTION('',(0.,0.,-1.));
#1332=DIRECTION('',(0.866025403784438,0.5,0.));
#1333=DIRECTION('',(-0.5,0.866025403784438,0.));
#1334=DIRECTION('',(0.,0.,-1.));
#1335=DIRECTION('',(2.11551643411804E-16,1.,0.));
#1336=DIRECTION('',(-1.,2.11551643411804E-16,0.));
#1337=DIRECTION('',(0.866025403784448,-0.499999999999985,0.));
#1338=DIRECTION('',(0.499999999999985,0.866025403784448,0.));
#1339=DIRECTION('',(0.,0.,1.));
#1340=DIRECTION('',(0.499999999999985,0.866025403784448,0.));
#1341=DIRECTION('',(0.,0.,1.));
#1342=DIRECTION('',(0.86602540378443,0.500000000000015,0.));
#1343=DIRECTION('',(-0.500000000000015,0.86602540378443,0.));
#1344=DIRECTION('',(0.,0.,1.));
#1345=DIRECTION('',(-0.500000000000015,0.86602540378443,0.));
#1346=DIRECTION('',(-1.69241314729445E-14,1.,0.));
#1347=DIRECTION('',(-1.,-1.69241314729445E-14,0.));
#1348=DIRECTION('',(0.,0.,1.));
#1349=DIRECTION('',(-1.,-1.69241314729445E-14,0.));
#1350=DIRECTION('',(-0.866025403784447,0.499999999999986,0.));
#1351=DIRECTION('',(-0.499999999999986,-0.866025403784447,0.));
#1352=DIRECTION('',(0.,0.,1.));
#1353=DIRECTION('',(-0.499999999999986,-0.866025403784447,0.));
#1354=DIRECTION('',(-0.86602540378443,-0.500000000000015,0.));
#1355=DIRECTION('',(0.500000000000015,-0.86602540378443,0.));
#1356=DIRECTION('',(0.,0.,1.));
#1357=DIRECTION('',(0.500000000000015,-0.86602540378443,0.));
#1358=DIRECTION('',(0.,-1.,0.));
#1359=DIRECTION('',(0.,0.,-1.));
#1360=DIRECTION('',(1.,0.,0.));
#1361=DIRECTION('',(0.,0.,1.));
#1362=DIRECTION('',(1.,0.,0.));
#1363=DIRECTION('',(0.,0.,1.));
#1364=DIRECTION('',(1.,0.,0.));
#1365=DIRECTION('',(0.5,0.86602540378444,0.));
#1366=DIRECTION('',(-0.5,0.866025403784439,0.));
#1367=DIRECTION('',(-1.,-8.46206573647225E-16,0.));
#1368=DIRECTION('',(-0.5,-0.866025403784438,0.));
#1369=DIRECTION('',(0.5,-0.866025403784439,0.));
#1370=DIRECTION('',(1.,0.,0.));
#1371=DIRECTION('',(0.86602540378444,-0.5,0.));
#1372=DIRECTION('',(0.5,0.86602540378444,0.));
#1373=DIRECTION('',(0.,0.,1.));
#1374=DIRECTION('',(0.,0.,1.));
#1375=DIRECTION('',(0.866025403784439,0.5,0.));
#1376=DIRECTION('',(-0.5,0.866025403784439,0.));
#1377=DIRECTION('',(0.,0.,1.));
#1378=DIRECTION('',(-8.46206573647225E-16,1.,0.));
#1379=DIRECTION('',(-1.,-8.46206573647225E-16,0.));
#1380=DIRECTION('',(0.,0.,1.));
#1381=DIRECTION('',(-0.866025403784438,0.5,0.));
#1382=DIRECTION('',(-0.5,-0.866025403784438,0.));
#1383=DIRECTION('',(0.,0.,1.));
#1384=DIRECTION('',(-0.866025403784439,-0.5,0.));
#1385=DIRECTION('',(0.5,-0.866025403784439,0.));
#1386=DIRECTION('',(0.,0.,1.));
#1387=DIRECTION('',(0.,-1.,0.));
#1388=DIRECTION('',(0.,0.,-1.));
#1389=DIRECTION('',(0.,0.,-1.));
#1390=DIRECTION('',(-1.,0.,0.));
#1391=DIRECTION('',(0.,0.,-1.));
#1392=DIRECTION('',(-1.,0.,0.));
#1393=DIRECTION('',(0.,0.,-1.));
#1394=DIRECTION('',(1.,0.,0.));
#1395=DIRECTION('',(-0.866025403784439,0.5,0.));
#1396=DIRECTION('',(-0.5,-0.866025403784439,0.));
#1397=DIRECTION('',(-0.866025403784439,0.5,0.));
#1398=DIRECTION('',(-0.5,-0.866025403784439,0.));
#1399=DIRECTION('',(-1.,0.,0.));
#1400=DIRECTION('',(0.,0.,1.));
#1401=DIRECTION('',(1.,0.,0.));
#1402=DIRECTION('',(0.,0.,-1.));
#1403=DIRECTION('',(1.,0.,0.));
#1404=DIRECTION('',(0.,1.,0.));
#1405=DIRECTION('',(0.,0.,-1.));
#1406=DIRECTION('',(-1.,0.,0.));
#1407=DIRECTION('',(0.,0.,-1.));
#1408=DIRECTION('',(-1.,0.,0.));
#1409=CARTESIAN_POINT('',(0.,0.,0.));
#1410=CARTESIAN_POINT('',(0.43,0.,-0.2235));
#1411=CARTESIAN_POINT('',(0.43,0.,-0.2235));
#1412=CARTESIAN_POINT('',(0.43,0.,-0.2252));
#1413=CARTESIAN_POINT('',(0.43,0.,-0.2235));
#1414=CARTESIAN_POINT('',(0.330115470053838,0.,-0.2235));
#1415=CARTESIAN_POINT('',(0.329133974596216,-0.0017,-0.2235));
#1416=CARTESIAN_POINT('',(0.330086602540379,-5.E-5,-0.0325));
#1417=CARTESIAN_POINT('',(0.284358857641189,-0.0792527774809447,-0.247801746884818));
#1418=CARTESIAN_POINT('',(0.287049576901287,-0.0745923150135514,-0.246122476879812));
#1419=CARTESIAN_POINT('',(0.292455534173327,-0.0652289223548307,-0.242915163202312));
#1420=CARTESIAN_POINT('',(0.300626969640059,-0.0510755809556809,-0.238600972060745));
#1421=CARTESIAN_POINT('',(0.30886253750547,-0.0368111589836077,-0.23479997534));
#1422=CARTESIAN_POINT('',(0.315774490508819,-0.0248393052022796,-0.232052402952823));
#1423=CARTESIAN_POINT('',(0.321322233938738,-0.0152303317143029,-0.230099286594805));
#1424=CARTESIAN_POINT('',(0.325489816243763,-0.00801186741727403,-0.228712754508057));
#1425=CARTESIAN_POINT('',(0.329680707560784,-0.000753030727195306,-0.227598314708007));
#1426=CARTESIAN_POINT('',(0.33319049284246,0.00532609570432512,-0.22689551293244));
#1427=CARTESIAN_POINT('',(0.336001170936941,0.0101943329676867,-0.226443167962431));
#1428=CARTESIAN_POINT('',(0.338111206645545,0.0138490220207749,-0.226150140805865));
#1429=CARTESIAN_POINT('',(0.340222566890894,0.0175060052387991,-0.225891790474451));
#1430=CARTESIAN_POINT('',(0.341982587803269,0.0205544508814162,-0.225690745418627));
#1431=CARTESIAN_POINT('',(0.343390378928288,0.0229928166363941,-0.225523476271385));
#1432=CARTESIAN_POINT('',(0.344445905053515,0.0248210415140049,-0.225388150887852));
#1433=CARTESIAN_POINT('',(0.345500796449099,0.0266481670076227,-0.225233404548084));
#1434=CARTESIAN_POINT('',(0.346378958849722,0.0281691889027984,-0.225075919379118));
#1435=CARTESIAN_POINT('',(0.347079123231929,0.0293819091864314,-0.224917752259557));
#1436=CARTESIAN_POINT('',(0.347602615457015,0.0302886243176463,-0.224773658835245));
#1437=CARTESIAN_POINT('',(0.348123166101305,0.0311902444814698,-0.22459091355058));
#1438=CARTESIAN_POINT('',(0.348554581242739,0.0319374774255878,-0.224389527097407));
#1439=CARTESIAN_POINT('',(0.348889530499251,0.0325176265558247,-0.224169759479819));
#1440=CARTESIAN_POINT('',(0.349091147487023,0.0328668374223144,-0.223972712212026));
#1441=CARTESIAN_POINT('',(0.34923001812626,0.0331073684251527,-0.223755341082878));
#1442=CARTESIAN_POINT('',(0.349317549580582,0.0332589773512983,-0.223547384072593));
#1443=CARTESIAN_POINT('',(0.349350422898535,0.0333159156082062,-0.223278559762766));
#1444=CARTESIAN_POINT('',(0.349286587247552,0.0332053490173696,-0.222935671914774));
#1445=CARTESIAN_POINT('',(0.349131532131512,0.0329367856784149,-0.222610983226024));
#1446=CARTESIAN_POINT('',(0.348914120401918,0.0325602175165969,-0.222319716980412));
#1447=CARTESIAN_POINT('',(0.348679368554918,0.0321536153904224,-0.222079655821914));
#1448=CARTESIAN_POINT('',(0.348357872663724,0.0315967681724488,-0.221794582632249));
#1449=CARTESIAN_POINT('',(0.347946524253967,0.0308842918271371,-0.221488836616942));
#1450=CARTESIAN_POINT('',(0.347444151238046,0.030014156239212,-0.221174740916983));
#1451=CARTESIAN_POINT('',(0.346935784199498,0.0291336386995518,-0.220899389326336));
#1452=CARTESIAN_POINT('',(0.346254977974957,0.0279544477285377,-0.22057285646513));
#1453=CARTESIAN_POINT('',(0.345398368004138,0.0264707557368106,-0.220222959505477));
#1454=CARTESIAN_POINT('',(0.344363956885782,0.0246791031239019,-0.219874841703271));
#1455=CARTESIAN_POINT('',(0.343324079842609,0.022877983251503,-0.219586065212975));
#1456=CARTESIAN_POINT('',(0.341931204586112,0.0204654525386449,-0.219270060106723));
#1457=CARTESIAN_POINT('',(0.340193794493389,0.0174561699844656,-0.218993508531458));
#1458=CARTESIAN_POINT('',(0.338111521439608,0.0138495672600857,-0.218822296043868));
#1459=CARTESIAN_POINT('',(0.336032271176334,0.0102482001624434,-0.218796442488597));
#1460=CARTESIAN_POINT('',(0.333955701663022,0.00665147625993831,-0.218905060339378));
#1461=CARTESIAN_POINT('',(0.331190104125212,0.00186132081116503,-0.219222027754611));
#1462=CARTESIAN_POINT('',(0.327740909651119,-0.00411285926315139,-0.219917278265331));
#1463=CARTESIAN_POINT('',(0.323603134211682,-0.0112796965545669,-0.22124809560373));
#1464=CARTESIAN_POINT('',(0.319514364002183,-0.0183616542978932,-0.222936999801794));
#1465=CARTESIAN_POINT('',(0.315461474312062,-0.0253814651586528,-0.224831368758101));
#1466=CARTESIAN_POINT('',(0.311443634103094,-0.0323405685372796,-0.226945356938133));
#1467=CARTESIAN_POINT('',(0.306130579138433,-0.0415430496794786,-0.230033557857481));
#1468=CARTESIAN_POINT('',(0.299568952463752,-0.0529081204603248,-0.23438456993384));
#1469=CARTESIAN_POINT('',(0.291818509947508,-0.0663322806796023,-0.240364320837098));
#1470=CARTESIAN_POINT('',(0.286735415558842,-0.0751364584204406,-0.244868628244953));
#1471=CARTESIAN_POINT('',(0.28421649744893,-0.0794993525669129,-0.247258060709018));
#1472=CARTESIAN_POINT('',(0.284358857641189,-0.0792527774809446,-0.247801746884818));
#1473=CARTESIAN_POINT('',(0.28421649744893,-0.0794993525669128,-0.247258060709018));
#1474=CARTESIAN_POINT('',(0.28421649744893,-0.0794993525669128,-0.247258060709018));
#1475=CARTESIAN_POINT('',(0.284263951045683,-0.0794171605263344,-0.247439289225508));
#1476=CARTESIAN_POINT('',(0.284311404446476,-0.0793349688251695,-0.247620517947243));
#1477=CARTESIAN_POINT('',(0.284358857641189,-0.0792527774809447,-0.247801746884818));
#1478=CARTESIAN_POINT('',(0.5575,-0.0126948943903708,-0.216453904902482));
#1479=CARTESIAN_POINT('',(0.5575,-0.0196776258559678,-0.217445135611533));
#1480=CARTESIAN_POINT('',(0.5575,-0.0196663223062054,-0.217440259095973));
#1481=CARTESIAN_POINT('',(0.5575,-0.0196354815314184,-0.217426953937744));
#1482=CARTESIAN_POINT('',(0.5575,-0.0195139957132584,-0.217374872372557));
#1483=CARTESIAN_POINT('',(0.5575,-0.0193254506641691,-0.217295192100184));
#1484=CARTESIAN_POINT('',(0.5575,-0.0190586822250394,-0.217184683879066));
#1485=CARTESIAN_POINT('',(0.5575,-0.0187216179140739,-0.217048827697949));
#1486=CARTESIAN_POINT('',(0.5575,-0.0183158901382637,-0.216890723378462));
#1487=CARTESIAN_POINT('',(0.5575,-0.0178461570651234,-0.216714954811651));
#1488=CARTESIAN_POINT('',(0.5575,-0.0173171076308479,-0.216526139544107));
#1489=CARTESIAN_POINT('',(0.5575,-0.0167343711907716,-0.216329170647602));
#1490=CARTESIAN_POINT('',(0.5575,-0.0161042033467372,-0.216128946129126));
#1491=CARTESIAN_POINT('',(0.5575,-0.0154335122178411,-0.215930266725365));
#1492=CARTESIAN_POINT('',(0.5575,-0.0147297885739849,-0.215737704775656));
#1493=CARTESIAN_POINT('',(0.5575,-0.0140009754192365,-0.215555492440129));
#1494=CARTESIAN_POINT('',(0.5575,-0.0132556302622969,-0.215387442809372));
#1495=CARTESIAN_POINT('',(0.5575,-0.0125019125505398,-0.215236780421392));
#1496=CARTESIAN_POINT('',(0.5575,-0.0117495628259642,-0.215106110592314));
#1497=CARTESIAN_POINT('',(0.5575,-0.0109989075665759,-0.214996748044777));
#1498=CARTESIAN_POINT('',(0.5575,-0.0102610789391037,-0.214928797594007));
#1499=CARTESIAN_POINT('',(0.5575,-0.00955075918785695,-0.214898180973561));
#1500=CARTESIAN_POINT('',(0.5575,-0.00887763480247673,-0.214902787645247));
#1501=CARTESIAN_POINT('',(0.5575,-0.00825119515760333,-0.214938175774196));
#1502=CARTESIAN_POINT('',(0.5575,-0.00767995203672373,-0.214999121664205));
#1503=CARTESIAN_POINT('',(0.5575,-0.00717160050243956,-0.215079648713775));
#1504=CARTESIAN_POINT('',(0.5575,-0.00673274603972108,-0.215173402947571));
#1505=CARTESIAN_POINT('',(0.5575,-0.00636889975903772,-0.215274248798079));
#1506=CARTESIAN_POINT('',(0.5575,-0.00608400508814414,-0.215375869913524));
#1507=CARTESIAN_POINT('',(0.5575,-0.00588107644904532,-0.215474532731991));
#1508=CARTESIAN_POINT('',(0.5575,-0.0057573343060404,-0.215563320591371));
#1509=CARTESIAN_POINT('',(0.5575,-0.00571216292477375,-0.215660579659057));
#1510=CARTESIAN_POINT('',(0.5575,-0.00578267644626727,-0.21574096493066));
#1511=CARTESIAN_POINT('',(0.5575,-0.00592425641561196,-0.215792584798693));
#1512=CARTESIAN_POINT('',(0.5575,-0.00614179211935552,-0.2158358086252));
#1513=CARTESIAN_POINT('',(0.5575,-0.00643508424447567,-0.215868296691314));
#1514=CARTESIAN_POINT('',(0.5575,-0.00680001716527842,-0.215893775358906));
#1515=CARTESIAN_POINT('',(0.5575,-0.00723142766965646,-0.215914884057876));
#1516=CARTESIAN_POINT('',(0.5575,-0.00772336393191938,-0.215935477257714));
#1517=CARTESIAN_POINT('',(0.5575,-0.00826936797961861,-0.215959612100658));
#1518=CARTESIAN_POINT('',(0.5575,-0.00886260831242669,-0.215991615036382));
#1519=CARTESIAN_POINT('',(0.5575,-0.00949592487306896,-0.216035693992172));
#1520=CARTESIAN_POINT('',(0.5575,-0.0101621246662953,-0.216096102891387));
#1521=CARTESIAN_POINT('',(0.5575,-0.0108538887787499,-0.216175511625605));
#1522=CARTESIAN_POINT('',(0.5575,-0.0115670718336795,-0.216280495156589));
#1523=CARTESIAN_POINT('',(0.5575,-0.012300404593799,-0.216395315287324));
#1524=CARTESIAN_POINT('',(0.5575,-0.0130371332770526,-0.216518408179546));
#1525=CARTESIAN_POINT('',(0.5575,-0.0137694530817699,-0.216649431838444));
#1526=CARTESIAN_POINT('',(0.5575,-0.0144883486720975,-0.216787096026335));
#1527=CARTESIAN_POINT('',(0.5575,-0.0151856709267579,-0.216929639673663));
#1528=CARTESIAN_POINT('',(0.5575,-0.015853329780154,-0.217074708567915));
#1529=CARTESIAN_POINT('',(0.5575,-0.0164836242311012,-0.217219506961618));
#1530=CARTESIAN_POINT('',(0.5575,-0.0170692547369861,-0.217360916387021));
#1531=CARTESIAN_POINT('',(0.5575,-0.0176034395699364,-0.217495657403355));
#1532=CARTESIAN_POINT('',(0.5575,-0.0180798977517259,-0.217620420208262));
#1533=CARTESIAN_POINT('',(0.5575,-0.0184932045040105,-0.217732096823464));
#1534=CARTESIAN_POINT('',(0.5575,-0.0188378985488575,-0.217827634661572));
#1535=CARTESIAN_POINT('',(0.5575,-0.0191116238883213,-0.21790504323521));
#1536=CARTESIAN_POINT('',(0.5575,-0.0193055890676984,-0.217960687785256));
#1537=CARTESIAN_POINT('',(0.5575,-0.0194308068473619,-0.217996974091093));
#1538=CARTESIAN_POINT('',(0.5575,-0.0194626232167812,-0.218006234503834));
#1539=CARTESIAN_POINT('',(0.5575,-0.0194742852433967,-0.218009628831403));
#1540=CARTESIAN_POINT('',(0.5575,-0.0194742852433967,-0.218009628831403));
#1541=CARTESIAN_POINT('',(0.5575,-0.0196776258559678,-0.217445135611533));
#1542=CARTESIAN_POINT('',(0.5575,-0.0195759555496822,-0.217727382221468));
#1543=CARTESIAN_POINT('',(0.282533052190487,-0.0795719548397756,-0.247330530789694));
#1544=CARTESIAN_POINT('',(0.298229547362212,-0.0789303660850091,-0.246662516447553));
#1545=CARTESIAN_POINT('',(0.344005508593403,-0.0741493280205527,-0.244075691770523));
#1546=CARTESIAN_POINT('',(0.419798090884738,-0.0672250635017771,-0.241933445950937));
#1547=CARTESIAN_POINT('',(0.483235672645631,-0.0461530733746212,-0.230286772050342));
#1548=CARTESIAN_POINT('',(0.555347454711814,-0.0575374152428501,-0.234271149976912));
#1549=CARTESIAN_POINT('',(0.557223008596618,-0.0245494565447705,-0.219610321802027));
#1550=CARTESIAN_POINT('',(0.5575,-0.0196776258559678,-0.217445135611533));
#1551=CARTESIAN_POINT('',(0.282533052190487,-0.0794918153344943,-0.247513779402161));
#1552=CARTESIAN_POINT('',(0.298229547362212,-0.0788511655769809,-0.246846176859195));
#1553=CARTESIAN_POINT('',(0.344005508593403,-0.0740724751774441,-0.244260345770283));
#1554=CARTESIAN_POINT('',(0.419798090884738,-0.0671525792814079,-0.242119867787415));
#1555=CARTESIAN_POINT('',(0.483235672645631,-0.0460832480975434,-0.230474194181856));
#1556=CARTESIAN_POINT('',(0.555347454711814,-0.0574696914045804,-0.234459334841986));
#1557=CARTESIAN_POINT('',(0.557223008596618,-0.024481683593796,-0.219798488841261));
#1558=CARTESIAN_POINT('',(0.5575,-0.0196098456517774,-0.217633300018156));
#1559=CARTESIAN_POINT('',(0.282533052190487,-0.0794116758292129,-0.247697028014628));
#1560=CARTESIAN_POINT('',(0.298229547362212,-0.0787719650689526,-0.247029837270836));
#1561=CARTESIAN_POINT('',(0.344005508593403,-0.0739956223343354,-0.244444999770043));
#1562=CARTESIAN_POINT('',(0.419798090884738,-0.0670800950610385,-0.242306289623894));
#1563=CARTESIAN_POINT('',(0.483235672645631,-0.0460134228204651,-0.230661616313372));
#1564=CARTESIAN_POINT('',(0.555347454711814,-0.0574019675663113,-0.234647519707057));
#1565=CARTESIAN_POINT('',(0.557223008596618,-0.0244139106428215,-0.219986655880496));
#1566=CARTESIAN_POINT('',(0.5575,-0.019542065447587,-0.217821464424779));
#1567=CARTESIAN_POINT('',(0.282533052190487,-0.0793315363239317,-0.247880276627094));
#1568=CARTESIAN_POINT('',(0.298229547362212,-0.0786927645609244,-0.247213497682478));
#1569=CARTESIAN_POINT('',(0.344005508593403,-0.0739187694912268,-0.244629653769803));
#1570=CARTESIAN_POINT('',(0.419798090884738,-0.0670076108406691,-0.242492711460371));
#1571=CARTESIAN_POINT('',(0.483235672645631,-0.0459435975433873,-0.230849038444885));
#1572=CARTESIAN_POINT('',(0.555347454711814,-0.0573342437280416,-0.23483570457213));
#1573=CARTESIAN_POINT('',(0.557223008596618,-0.0243461376918469,-0.22017482291973));
#1574=CARTESIAN_POINT('',(0.5575,-0.0194742852433967,-0.218009628831403));
#1575=CARTESIAN_POINT('',(0.11,-0.0510737310720678,-0.243395163648145));
#1576=CARTESIAN_POINT('',(0.133317959439292,-0.0560280064194483,-0.244594221329515));
#1577=CARTESIAN_POINT('',(0.179937398934324,-0.0659330558042475,-0.246991489288284));
#1578=CARTESIAN_POINT('',(0.253442687658965,-0.0837197222922898,-0.249434381721579));
#1579=CARTESIAN_POINT('',(0.332608036401448,-0.0751905791551179,-0.24439783658231));
#1580=CARTESIAN_POINT('',(0.419798090884738,-0.0672250635017771,-0.241933445950937));
#1581=CARTESIAN_POINT('',(0.483235672645631,-0.0461530733746212,-0.230286772050342));
#1582=CARTESIAN_POINT('',(0.555347454711814,-0.0575374152428501,-0.234271149976912));
#1583=CARTESIAN_POINT('',(0.557223008596618,-0.0245494565447705,-0.219610321802027));
#1584=CARTESIAN_POINT('',(0.5575,-0.0196776258559678,-0.217445135611533));
#1585=CARTESIAN_POINT('',(0.11,-0.0507891865701536,-0.243923400741154));
#1586=CARTESIAN_POINT('',(0.133317959439292,-0.0557494966218356,-0.245125645076882));
#1587=CARTESIAN_POINT('',(0.179937398934324,-0.0656666111503618,-0.247529284092278));
#1588=CARTESIAN_POINT('',(0.253442687658965,-0.0834753925312686,-0.249982488033961));
#1589=CARTESIAN_POINT('',(0.332608036401448,-0.0749580498027372,-0.24495100105487));
#1590=CARTESIAN_POINT('',(0.419798090884738,-0.0670076108406691,-0.242492711460371));
#1591=CARTESIAN_POINT('',(0.483235672645631,-0.0459435975433873,-0.230849038444885));
#1592=CARTESIAN_POINT('',(0.555347454711814,-0.0573342437280416,-0.23483570457213));
#1593=CARTESIAN_POINT('',(0.557223008596618,-0.0243461376918469,-0.22017482291973));
#1594=CARTESIAN_POINT('',(0.5575,-0.0194742852433967,-0.218009628831403));
#1595=CARTESIAN_POINT('',(0.282533051931748,-0.0793315363344611,-0.247880276638085));
#1596=CARTESIAN_POINT('',(0.298229547189006,-0.0786927645789882,-0.247213497692254));
#1597=CARTESIAN_POINT('',(0.344005508502849,-0.073918769499484,-0.244629653772356));
#1598=CARTESIAN_POINT('',(0.419798090884738,-0.0670076108406691,-0.242492711460371));
#1599=CARTESIAN_POINT('',(0.483235672645631,-0.0459435975433873,-0.230849038444885));
#1600=CARTESIAN_POINT('',(0.555347454711814,-0.0573342437280416,-0.23483570457213));
#1601=CARTESIAN_POINT('',(0.557223008596618,-0.0243461376918469,-0.22017482291973));
#1602=CARTESIAN_POINT('',(0.5575,-0.0194742852433967,-0.218009628831403));
#1603=CARTESIAN_POINT('',(0.55754808555006,-0.0186285344297036,-0.217633752369342));
#1604=CARTESIAN_POINT('',(0.557596171100121,-0.0177827836160105,-0.217257875907281));
#1605=CARTESIAN_POINT('',(0.557644256650181,-0.0169370328023174,-0.21688199944522));
#1606=CARTESIAN_POINT('',(0.282533051931748,-0.0792586487670759,-0.247855138088868));
#1607=CARTESIAN_POINT('',(0.298229547189006,-0.078620454407495,-0.247188969107873));
#1608=CARTESIAN_POINT('',(0.344005508502849,-0.0738508121825625,-0.244607665992361));
#1609=CARTESIAN_POINT('',(0.419798090884738,-0.0669457571918848,-0.242474352364501));
#1610=CARTESIAN_POINT('',(0.483235672645631,-0.0459018082269128,-0.230837091629689));
#1611=CARTESIAN_POINT('',(0.555347454711814,-0.057280565543827,-0.234821089538637));
#1612=CARTESIAN_POINT('',(0.557223008596618,-0.0243316199014752,-0.220170727165607));
#1613=CARTESIAN_POINT('',(0.5575,-0.0194655508605481,-0.218007086618331));
#1614=CARTESIAN_POINT('',(0.55754808555006,-0.0186208040431112,-0.217631479850113));
#1615=CARTESIAN_POINT('',(0.557596171100121,-0.0177760572256742,-0.217255873081895));
#1616=CARTESIAN_POINT('',(0.557644256650181,-0.0169313104082372,-0.216880266313677));
#1617=CARTESIAN_POINT('',(0.282533051931748,-0.079185761199691,-0.24782999953965));
#1618=CARTESIAN_POINT('',(0.298229547189006,-0.0785481442360021,-0.247164440523492));
#1619=CARTESIAN_POINT('',(0.344005508502849,-0.0737828548656412,-0.244585678212366));
#1620=CARTESIAN_POINT('',(0.419798090884738,-0.0668839035431001,-0.242455993268631));
#1621=CARTESIAN_POINT('',(0.483235672645631,-0.0458600189104383,-0.230825144814493));
#1622=CARTESIAN_POINT('',(0.555347454711814,-0.0572268873596125,-0.234806474505143));
#1623=CARTESIAN_POINT('',(0.557223008596618,-0.0243171021111035,-0.220166631411483));
#1624=CARTESIAN_POINT('',(0.5575,-0.0194568164776996,-0.21800454440526));
#1625=CARTESIAN_POINT('',(0.55754808555006,-0.0186130736565188,-0.217629207330885));
#1626=CARTESIAN_POINT('',(0.557596171100121,-0.017769330835338,-0.21725387025651));
#1627=CARTESIAN_POINT('',(0.557644256650181,-0.0169255880141571,-0.216878533182135));
#1628=CARTESIAN_POINT('',(0.282533051931748,-0.0790729084960669,-0.247791130854282));
#1629=CARTESIAN_POINT('',(0.298229547189006,-0.0784361855781974,-0.247126515661332));
#1630=CARTESIAN_POINT('',(0.344005508502849,-0.0736776350599638,-0.244551683376616));
#1631=CARTESIAN_POINT('',(0.419798090884738,-0.0667881331060011,-0.242427611459525));
#1632=CARTESIAN_POINT('',(0.483235672645631,-0.0457953078568093,-0.230806674519729));
#1633=CARTESIAN_POINT('',(0.555347454711814,-0.0571437730443815,-0.234783883244787));
#1634=CARTESIAN_POINT('',(0.557223008596618,-0.0242946065529017,-0.220160295164616));
#1635=CARTESIAN_POINT('',(0.5575,-0.0194432734079958,-0.218000608782035));
#1636=CARTESIAN_POINT('',(0.55754808555006,-0.0186010847337255,-0.217625688454559));
#1637=CARTESIAN_POINT('',(0.557596171100121,-0.0177588960594553,-0.217250768127082));
#1638=CARTESIAN_POINT('',(0.557644256650181,-0.0169167073851851,-0.216875847799606));
#1639=CARTESIAN_POINT('',(0.282533051931748,-0.0790492507931226,-0.247782984842266));
#1640=CARTESIAN_POINT('',(0.298229547189006,-0.0784127152994646,-0.247118567482316));
#1641=CARTESIAN_POINT('',(0.344005508502849,-0.073655577440852,-0.244544558903927));
#1642=CARTESIAN_POINT('',(0.419798090884738,-0.0667680563497754,-0.242421663450741));
#1643=CARTESIAN_POINT('',(0.483235672645631,-0.0457817419256818,-0.230802803621989));
#1644=CARTESIAN_POINT('',(0.555347454711814,-0.0571263493520871,-0.234779148869291));
#1645=CARTESIAN_POINT('',(0.557223008596618,-0.0242898900252496,-0.220158967087532));
#1646=CARTESIAN_POINT('',(0.5575,-0.0194404335394978,-0.217999783764546));
#1647=CARTESIAN_POINT('',(0.55754808555006,-0.0185985706521892,-0.217624950767929));
#1648=CARTESIAN_POINT('',(0.557596171100121,-0.0177567077648807,-0.217250117771312));
#1649=CARTESIAN_POINT('',(0.557644256650181,-0.0169148448775721,-0.216875284774695));
#1650=CARTESIAN_POINT('',(0.282533051931748,-0.0790117258095441,-0.247770067808725));
#1651=CARTESIAN_POINT('',(0.298229547189006,-0.0783754876054179,-0.247105964201446));
#1652=CARTESIAN_POINT('',(0.344005508502849,-0.0736205904034788,-0.244533261872012));
#1653=CARTESIAN_POINT('',(0.419798090884738,-0.0667362112114257,-0.242412232099507));
#1654=CARTESIAN_POINT('',(0.483235672645631,-0.0457602235532371,-0.230796665702649));
#1655=CARTESIAN_POINT('',(0.555347454711814,-0.0570987122588053,-0.234771642074627));
#1656=CARTESIAN_POINT('',(0.557223008596618,-0.024282407578749,-0.220156860919948));
#1657=CARTESIAN_POINT('',(0.5575,-0.0194359276344563,-0.217998475189228));
#1658=CARTESIAN_POINT('',(0.55754808555006,-0.0185945814730518,-0.217623780654175));
#1659=CARTESIAN_POINT('',(0.557596171100121,-0.0177532353116472,-0.217249086119122));
#1660=CARTESIAN_POINT('',(0.557644256650181,-0.0169118891502427,-0.216874391584069));
#1661=CARTESIAN_POINT('',(0.282533051931748,-0.0789988749880964,-0.247765644846739));
#1662=CARTESIAN_POINT('',(0.298229547189006,-0.0783627385936455,-0.247101648680279));
#1663=CARTESIAN_POINT('',(0.344005508502849,-0.0736086087139812,-0.244529393642664));
#1664=CARTESIAN_POINT('',(0.419798090884738,-0.066725305478654,-0.242409002729722));
#1665=CARTESIAN_POINT('',(0.483235672645631,-0.0457528542293395,-0.2307945640042));
#1666=CARTESIAN_POINT('',(0.555347454711814,-0.0570892475820715,-0.234769071715669));
#1667=CARTESIAN_POINT('',(0.557223008596618,-0.0242798448640566,-0.22015613967967));
#1668=CARTESIAN_POINT('',(0.5575,-0.0194343842368665,-0.217998027036267));
#1669=CARTESIAN_POINT('',(0.55754808555006,-0.0185932150283312,-0.217623379909017));
#1670=CARTESIAN_POINT('',(0.557596171100121,-0.0177520458197959,-0.217248732781767));
#1671=CARTESIAN_POINT('',(0.557644256650181,-0.0169108766112605,-0.216874085654517));
#1672=CARTESIAN_POINT('',(0.282533051931748,-0.0789724390649144,-0.247756547506903));
#1673=CARTESIAN_POINT('',(0.298229547189006,-0.0783365121133236,-0.247092772348358));
#1674=CARTESIAN_POINT('',(0.344005508502849,-0.0735839607355383,-0.244521437367109));
#1675=CARTESIAN_POINT('',(0.419798090884738,-0.0667028709057508,-0.242402360555959));
#1676=CARTESIAN_POINT('',(0.483235672645631,-0.0457376945421019,-0.230790241252073));
#1677=CARTESIAN_POINT('',(0.555347454711814,-0.0570697774480198,-0.234763785059734));
#1678=CARTESIAN_POINT('',(0.557223008596618,-0.0242745729932137,-0.220154656235231));
#1679=CARTESIAN_POINT('',(0.5575,-0.0194312092382509,-0.21799710526958));
#1680=CARTESIAN_POINT('',(0.55754808555006,-0.0185904040455415,-0.217622555649268));
#1681=CARTESIAN_POINT('',(0.557596171100121,-0.017749598852832,-0.217248006028956));
#1682=CARTESIAN_POINT('',(0.557644256650181,-0.0169087936601225,-0.216873456408644));
#1683=CARTESIAN_POINT('',(0.282533051931748,-0.078958861118951,-0.247751875591643));
#1684=CARTESIAN_POINT('',(0.298229547189006,-0.0783230417441459,-0.247088213940472));
#1685=CARTESIAN_POINT('',(0.344005508502849,-0.0735713011210333,-0.244517351475533));
#1686=CARTESIAN_POINT('',(0.419798090884738,-0.0666913481474444,-0.242398949552604));
#1687=CARTESIAN_POINT('',(0.483235672645631,-0.0457299082901702,-0.230788021371177));
#1688=CARTESIAN_POINT('',(0.555347454711814,-0.0570597772851376,-0.234761070199916));
#1689=CARTESIAN_POINT('',(0.557223008596618,-0.0242718652868003,-0.220153894439112));
#1690=CARTESIAN_POINT('',(0.5575,-0.0194295785191572,-0.217996631911911));
#1691=CARTESIAN_POINT('',(0.55754808555006,-0.0185889602908338,-0.21762213236435));
#1692=CARTESIAN_POINT('',(0.557596171100121,-0.0177483420625103,-0.217247632816789));
#1693=CARTESIAN_POINT('',(0.557644256650181,-0.0169077238341869,-0.216873133269228));
#1694=CARTESIAN_POINT('',(0.282533051931748,-0.0788892484951131,-0.247727926587826));
#1695=CARTESIAN_POINT('',(0.298229547189006,-0.0782539806727415,-0.247064846844012));
#1696=CARTESIAN_POINT('',(0.344005508502849,-0.0735063967494653,-0.244496406702926));
#1697=CARTESIAN_POINT('',(0.419798090884738,-0.0666322723850743,-0.242381464553563));
#1698=CARTESIAN_POINT('',(0.483235672645631,-0.0456899891934135,-0.230776642209698));
#1699=CARTESIAN_POINT('',(0.555347454711814,-0.0570085077520065,-0.234747153858597));
#1700=CARTESIAN_POINT('',(0.557223008596618,-0.0242579833083875,-0.220149989480995));
#1701=CARTESIAN_POINT('',(0.5575,-0.0194212181263061,-0.217994205486139));
#1702=CARTESIAN_POINT('',(0.55754808555006,-0.0185815584420952,-0.217619962610952));
#1703=CARTESIAN_POINT('',(0.557596171100121,-0.0177418987578843,-0.217245719735764));
#1704=CARTESIAN_POINT('',(0.557644256650181,-0.0169022390736735,-0.216871476860577));
#1705=CARTESIAN_POINT('',(0.282533051931748,-0.0788280451351743,-0.247706881216724));
#1706=CARTESIAN_POINT('',(0.298229547189006,-0.0781932622939679,-0.247044312984349));
#1707=CARTESIAN_POINT('',(0.344005508502849,-0.0734493330952745,-0.244478001877709));
#1708=CARTESIAN_POINT('',(0.419798090884738,-0.0665803334684968,-0.242366100611077));
#1709=CARTESIAN_POINT('',(0.48323567264563,-0.0456548928372938,-0.230766643658109));
#1710=CARTESIAN_POINT('',(0.555347454711814,-0.0569634322255979,-0.234734926250397));
#1711=CARTESIAN_POINT('',(0.557223008596618,-0.0242457786973516,-0.220146558386421));
#1712=CARTESIAN_POINT('',(0.5575,-0.0194138680604013,-0.217992073505749));
#1713=CARTESIAN_POINT('',(0.55754808555006,-0.0185750511224636,-0.217618056156045));
#1714=CARTESIAN_POINT('',(0.557596171100121,-0.017736234184526,-0.217244038806341));
#1715=CARTESIAN_POINT('',(0.557644256650181,-0.0168974172465883,-0.216870021456637));
#1716=CARTESIAN_POINT('',(0.282533051931748,-0.0786308531418156,-0.247639115688507));
#1717=CARTESIAN_POINT('',(0.298229547189006,-0.0779976331041239,-0.246978195117635));
#1718=CARTESIAN_POINT('',(0.344005508502849,-0.0732654798331115,-0.244418741024302));
#1719=CARTESIAN_POINT('',(0.419798090884738,-0.0664129927146705,-0.24231663359763));
#1720=CARTESIAN_POINT('',(0.48323567264563,-0.0455418179842993,-0.230734452594931));
#1721=CARTESIAN_POINT('',(0.555347454711814,-0.0568182055522434,-0.234695559513727));
#1722=CARTESIAN_POINT('',(0.557223008596618,-0.0242064594701245,-0.220135512370108));
#1723=CARTESIAN_POINT('',(0.5575,-0.0193901897872247,-0.217985210038463));
#1724=CARTESIAN_POINT('',(0.55754808555006,-0.0185540881100128,-0.217611918776891));
#1725=CARTESIAN_POINT('',(0.557596171100121,-0.017717986432801,-0.217238627515319));
#1726=CARTESIAN_POINT('',(0.557644256650181,-0.0168818847555891,-0.216865336253747));
#1727=CARTESIAN_POINT('',(0.282533051931748,-0.0784812825948536,-0.247587766116478));
#1728=CARTESIAN_POINT('',(0.298229547189006,-0.0778492482395307,-0.246928094822859));
#1729=CARTESIAN_POINT('',(0.344005508502849,-0.0731260279255492,-0.244373838618356));
#1730=CARTESIAN_POINT('',(0.419798090884738,-0.0662860668733281,-0.242279155340682));
#1731=CARTESIAN_POINT('',(0.483235672645631,-0.0454560537027892,-0.230710064674935));
#1732=CARTESIAN_POINT('',(0.555347454711814,-0.0567080543111688,-0.23466573647319));
#1733=CARTESIAN_POINT('',(0.557223008596618,-0.0241766394598139,-0.220127144715776));
#1734=CARTESIAN_POINT('',(0.5575,-0.0193722335044908,-0.21798001102545));
#1735=CARTESIAN_POINT('',(0.55754808555006,-0.0185381913636376,-0.217607269838208));
#1736=CARTESIAN_POINT('',(0.557596171100121,-0.0177041492227843,-0.217234528650966));
#1737=CARTESIAN_POINT('',(0.557644256650181,-0.0168701070819311,-0.216861787463725));
#1738=CARTESIAN_POINT('',(0.282533051931748,-0.0782415944235774,-0.247505599285537));
#1739=CARTESIAN_POINT('',(0.298229547189006,-0.0776114608813044,-0.246847928844279));
#1740=CARTESIAN_POINT('',(0.344005508502849,-0.0729025581499035,-0.244301994828472));
#1741=CARTESIAN_POINT('',(0.419798090884738,-0.0660826737669298,-0.242219198158394));
#1742=CARTESIAN_POINT('',(0.483235672645631,-0.0453186255172855,-0.230671053013376));
#1743=CARTESIAN_POINT('',(0.555347454711814,-0.0565315456836295,-0.234618032861719));
#1744=CARTESIAN_POINT('',(0.557223008596618,-0.0241288654193003,-0.220113762375679));
#1745=CARTESIAN_POINT('',(0.5575,-0.019343471647105,-0.217971697426487));
#1746=CARTESIAN_POINT('',(0.55754808555006,-0.0185127300104277,-0.217599836169822));
#1747=CARTESIAN_POINT('',(0.557596171100121,-0.0176819883737503,-0.217227974913158));
#1748=CARTESIAN_POINT('',(0.557644256650181,-0.016851246737073,-0.216856113656494));
#1749=CARTESIAN_POINT('',(0.282533051931748,-0.0781591429746799,-0.247477353263074));
#1750=CARTESIAN_POINT('',(0.298229547189006,-0.0775296634183395,-0.246820370928683));
#1751=CARTESIAN_POINT('',(0.344005508502849,-0.0728256862389711,-0.244277298535017));
#1752=CARTESIAN_POINT('',(0.419798090884738,-0.0660127086740662,-0.242198589131487));
#1753=CARTESIAN_POINT('',(0.483235672645631,-0.0452713524949112,-0.230657644162596));
#1754=CARTESIAN_POINT('',(0.555347454711814,-0.0564708291801285,-0.234601636816118));
#1755=CARTESIAN_POINT('',(0.557223008596618,-0.0241124334016211,-0.220109163119214));
#1756=CARTESIAN_POINT('',(0.5575,-0.0193335797890956,-0.217968840380258));
#1757=CARTESIAN_POINT('',(0.55754808555006,-0.0185039735204166,-0.2175972815703));
#1758=CARTESIAN_POINT('',(0.557596171100121,-0.0176743672517375,-0.217225722760342));
#1759=CARTESIAN_POINT('',(0.557644256650181,-0.0168447609830585,-0.216854163950384));
#1760=CARTESIAN_POINT('',(0.282533051931748,-0.0780331116481568,-0.24743421315577));
#1761=CARTESIAN_POINT('',(0.298229547189006,-0.0774046319642719,-0.246778282301064));
#1762=CARTESIAN_POINT('',(0.344005508502849,-0.0727081844796067,-0.244239581871412));
#1763=CARTESIAN_POINT('',(0.419798090884738,-0.0659057654066501,-0.242167116963798));
#1764=CARTESIAN_POINT('',(0.483235672645631,-0.045199096246294,-0.230637168570441));
#1765=CARTESIAN_POINT('',(0.555347454711814,-0.0563780237861864,-0.234576600331735));
#1766=CARTESIAN_POINT('',(0.557223008596618,-0.0240873202142393,-0.22010214084569));
#1767=CARTESIAN_POINT('',(0.5575,-0.0193184637334651,-0.217964478537653));
#1768=CARTESIAN_POINT('',(0.55754808555006,-0.0184905929611712,-0.21759338157699));
#1769=CARTESIAN_POINT('',(0.557596171100121,-0.0176627221888774,-0.217222284616326));
#1770=CARTESIAN_POINT('',(0.557644256650181,-0.0168348514165835,-0.216851187655662));
#1771=CARTESIAN_POINT('',(0.282533051931748,-0.0779907198544615,-0.24741970841081));
#1772=CARTESIAN_POINT('',(0.298229547189006,-0.0773625765261593,-0.246764131178099));
#1773=CARTESIAN_POINT('',(0.344005508502849,-0.0726686618636984,-0.2442269009478));
#1774=CARTESIAN_POINT('',(0.419798090884738,-0.0658697944418512,-0.242156535930331));
#1775=CARTESIAN_POINT('',(0.483235672645631,-0.0451747928219577,-0.230630284837104));
#1776=CARTESIAN_POINT('',(0.555347454711813,-0.0563468084225809,-0.234568183333692));
#1777=CARTESIAN_POINT('',(0.557223008596618,-0.0240788740709569,-0.220099780215696));
#1778=CARTESIAN_POINT('',(0.5575,-0.019313380265253,-0.217963012343111));
#1779=CARTESIAN_POINT('',(0.55754808555006,-0.0184860932514384,-0.217592070655933));
#1780=CARTESIAN_POINT('',(0.557596171100121,-0.0176588062376239,-0.217221128968754));
#1781=CARTESIAN_POINT('',(0.557644256650181,-0.0168315192238093,-0.216850187281576));
#1782=CARTESIAN_POINT('',(0.282533051931748,-0.0779053408388691,-0.247390507891315));
#1783=CARTESIAN_POINT('',(0.298229547189006,-0.0772778750056947,-0.246735642745193));
#1784=CARTESIAN_POINT('',(0.344005508502849,-0.0725890616988218,-0.244201372739489));
#1785=CARTESIAN_POINT('',(0.419798090884738,-0.0657973476864653,-0.242135235848031));
#1786=CARTESIAN_POINT('',(0.483235672645631,-0.0451258447552289,-0.23061642775343));
#1787=CARTESIAN_POINT('',(0.555347454711813,-0.0562839398332819,-0.234551240259796));
#1788=CARTESIAN_POINT('',(0.557223008596618,-0.0240618629035111,-0.220095028158895));
#1789=CARTESIAN_POINT('',(0.5575,-0.0193031415567258,-0.217960060718151));
#1790=CARTESIAN_POINT('',(0.55754808555006,-0.0184770302379271,-0.217589431584916));
#1791=CARTESIAN_POINT('',(0.557596171100121,-0.0176509189191283,-0.217218802451681));
#1792=CARTESIAN_POINT('',(0.557644256650181,-0.0168248076003295,-0.216848173318446));
#1793=CARTESIAN_POINT('',(0.282533051931748,-0.0778623352154712,-0.24737580575884));
#1794=CARTESIAN_POINT('',(0.298229547189006,-0.0772352106682974,-0.246721299231668));
#1795=CARTESIAN_POINT('',(0.344005508502849,-0.0725489669970932,-0.244188519894614));
#1796=CARTESIAN_POINT('',(0.419798090884738,-0.0657608562780006,-0.242124512154117));
#1797=CARTESIAN_POINT('',(0.483235672645631,-0.0451011896149549,-0.230609451396688));
#1798=CARTESIAN_POINT('',(0.555347454711814,-0.0562522730237727,-0.234542710475088));
#1799=CARTESIAN_POINT('',(0.557223008596618,-0.0240532942842648,-0.22009263571613));
#1800=CARTESIAN_POINT('',(0.5575,-0.0192979841965153,-0.217958574669477));
#1801=CARTESIAN_POINT('',(0.55754808555006,-0.0184724650703446,-0.21758810288574));
#1802=CARTESIAN_POINT('',(0.557596171100121,-0.0176469459441739,-0.217217631102004));
#1803=CARTESIAN_POINT('',(0.557644256650181,-0.0168214268180032,-0.216847159318268));
#1804=CARTESIAN_POINT('',(0.282533051931748,-0.0774724185726717,-0.247242565127926));
#1805=CARTESIAN_POINT('',(0.298229547189006,-0.0768483886248827,-0.246591309502119));
#1806=CARTESIAN_POINT('',(0.344005508502849,-0.0721854435815991,-0.244072041750965));
#1807=CARTESIAN_POINT('',(0.419798090884738,-0.0654300036039623,-0.242027332965652));
#1808=CARTESIAN_POINT('',(0.483235672645631,-0.0448776514250411,-0.230546231902493));
#1809=CARTESIAN_POINT('',(0.555347454711814,-0.0559651637654837,-0.234465415884066));
#1810=CARTESIAN_POINT('',(0.557223008596618,-0.023975605221106,-0.220070955334738));
#1811=CARTESIAN_POINT('',(0.5575,-0.0192512233803216,-0.217945107679392));
#1812=CARTESIAN_POINT('',(0.55754808555006,-0.0184310733802305,-0.217576061735714));
#1813=CARTESIAN_POINT('',(0.557596171100121,-0.0176109233801394,-0.217207015792037));
#1814=CARTESIAN_POINT('',(0.557644256650181,-0.0167907733800483,-0.216837969848359));
#1815=CARTESIAN_POINT('',(0.282533051931748,-0.0771054453277338,-0.247117576559025));
#1816=CARTESIAN_POINT('',(0.298229547189006,-0.0764843298709842,-0.246469376531372));
#1817=CARTESIAN_POINT('',(0.344005508502849,-0.0718433171682764,-0.243962798673818));
#1818=CARTESIAN_POINT('',(0.419798090884738,-0.0651186323533953,-0.241936215868397));
#1819=CARTESIAN_POINT('',(0.483235672645631,-0.0446672748832625,-0.230486962780355));
#1820=CARTESIAN_POINT('',(0.555347454711814,-0.0556949655077607,-0.234392965377174));
#1821=CARTESIAN_POINT('',(0.557223008596618,-0.0239024843475981,-0.220050628620537));
#1822=CARTESIAN_POINT('',(0.5575,-0.0192072079042491,-0.217932478873847));
#1823=CARTESIAN_POINT('',(0.55754808555006,-0.0183921105845961,-0.217564769282733));
#1824=CARTESIAN_POINT('',(0.557596171100121,-0.0175770132649432,-0.217197059691619));
#1825=CARTESIAN_POINT('',(0.557644256650181,-0.0167619159452902,-0.216829350100506));
#1826=CARTESIAN_POINT('',(0.282533051931748,-0.0766197601790046,-0.246952824302449));
#1827=CARTESIAN_POINT('',(0.298229547189006,-0.0760025052669352,-0.246308661819141));
#1828=CARTESIAN_POINT('',(0.344005508502849,-0.0713905275025012,-0.243818835707013));
#1829=CARTESIAN_POINT('',(0.419798090884738,-0.0647065581555901,-0.241816181806123));
#1830=CARTESIAN_POINT('',(0.483235672645631,-0.0443888584322778,-0.230408895233866));
#1831=CARTESIAN_POINT('',(0.555347454711814,-0.0553373893793064,-0.234297558517412));
#1832=CARTESIAN_POINT('',(0.557223008596618,-0.0238057067953063,-0.220023853699873));
#1833=CARTESIAN_POINT('',(0.5575,-0.0191489464213683,-0.217915839869449));
#1834=CARTESIAN_POINT('',(0.55754808555006,-0.0183405354694552,-0.217549889867633));
#1835=CARTESIAN_POINT('',(0.557596171100121,-0.0175321245175421,-0.217183939865817));
#1836=CARTESIAN_POINT('',(0.557644256650181,-0.016723713565629,-0.216817989864001));
#1837=CARTESIAN_POINT('',(0.282533051931748,-0.0765212747196309,-0.246919448023862));
#1838=CARTESIAN_POINT('',(0.298229547189006,-0.0759048027880416,-0.246276103951755));
#1839=CARTESIAN_POINT('',(0.344005508502849,-0.07129871298689,-0.243789672657634));
#1840=CARTESIAN_POINT('',(0.419798090884738,-0.0646230003092992,-0.241791868109133));
#1841=CARTESIAN_POINT('',(0.48323567264563,-0.0443324028533928,-0.230393082667376));
#1842=CARTESIAN_POINT('',(0.555347454711814,-0.0552648827383006,-0.234278234959152));
#1843=CARTESIAN_POINT('',(0.557223008596618,-0.0237860824618276,-0.220018430389344));
#1844=CARTESIAN_POINT('',(0.5575,-0.0191371320179026,-0.217912469418696));
#1845=CARTESIAN_POINT('',(0.55754808555006,-0.0183300768653971,-0.217546875792169));
#1846=CARTESIAN_POINT('',(0.557596171100121,-0.0175230217128916,-0.217181282165643));
#1847=CARTESIAN_POINT('',(0.557644256650181,-0.0167159665603861,-0.216815688539116));
#1848=CARTESIAN_POINT('',(0.282533051931748,-0.0763215696228628,-0.246851835662647));
#1849=CARTESIAN_POINT('',(0.298229547189006,-0.0757066857143428,-0.246210150484148));
#1850=CARTESIAN_POINT('',(0.344005508502849,-0.0711125360772913,-0.243730598760998));
#1851=CARTESIAN_POINT('',(0.419798090884738,-0.0644535670994165,-0.241742621491202));
#1852=CARTESIAN_POINT('',(0.48323567264563,-0.0442179258466689,-0.230361055954428));
#1853=CARTESIAN_POINT('',(0.555347454711814,-0.0551178593563804,-0.234239099383232));
#1854=CARTESIAN_POINT('',(0.557223008596618,-0.0237462887350842,-0.220007445929301));
#1855=CARTESIAN_POINT('',(0.5575,-0.0191131745158139,-0.217905642459623));
#1856=CARTESIAN_POINT('',(0.55754808555006,-0.0183088685228999,-0.217540770572899));
#1857=CARTESIAN_POINT('',(0.557596171100121,-0.017504562529986,-0.217175898686176));
#1858=CARTESIAN_POINT('',(0.557644256650181,-0.016700256537072,-0.216811026799452));
#1859=CARTESIAN_POINT('',(0.282533051931748,-0.0762203370576483,-0.24681759517481));
#1860=CARTESIAN_POINT('',(0.298229547189006,-0.075606258295341,-0.246176750586702));
#1861=CARTESIAN_POINT('',(0.344005508502849,-0.0710181616367808,-0.24370068406543));
#1862=CARTESIAN_POINT('',(0.419798090884738,-0.0643676807699783,-0.24171768535943));
#1863=CARTESIAN_POINT('',(0.483235672645631,-0.0441598970687729,-0.230344839737343));
#1864=CARTESIAN_POINT('',(0.555347454711814,-0.0550433330760075,-0.234219284803419));
#1865=CARTESIAN_POINT('',(0.557223008596618,-0.0237261168532826,-0.220001884088037));
#1866=CARTESIAN_POINT('',(0.5575,-0.0191010299699701,-0.217902185535782));
#1867=CARTESIAN_POINT('',(0.55754808555006,-0.0182981175180121,-0.217537679061525));
#1868=CARTESIAN_POINT('',(0.557596171100121,-0.0174952050660541,-0.21717317258727));
#1869=CARTESIAN_POINT('',(0.557644256650181,-0.016692292614096,-0.216808666113014));
#1870=CARTESIAN_POINT('',(0.282533051931748,-0.0759126664616558,-0.246713634596112));
#1871=CARTESIAN_POINT('',(0.298229547189006,-0.0753010352701858,-0.246075343758993));
#1872=CARTESIAN_POINT('',(0.344005508502849,-0.0707313364776402,-0.243609862920764));
#1873=CARTESIAN_POINT('',(0.419798090884738,-0.0641066550880244,-0.241641985859917));
#1874=CARTESIAN_POINT('',(0.483235672645631,-0.0439835368443623,-0.230295613652049));
#1875=CARTESIAN_POINT('',(0.555347454711814,-0.0548168346594927,-0.234159138804977));
#1876=CARTESIAN_POINT('',(0.557223008596618,-0.0236648112962234,-0.219985000828408));
#1877=CARTESIAN_POINT('',(0.5575,-0.0190641209404327,-0.217891691538991));
#1878=CARTESIAN_POINT('',(0.55754808555006,-0.0182654437117745,-0.21752829423713));
#1879=CARTESIAN_POINT('',(0.557596171100121,-0.0174667664831163,-0.217164896935268));
#1880=CARTESIAN_POINT('',(0.557644256650181,-0.016668089254458,-0.216801499633406));
#1881=CARTESIAN_POINT('',(0.282533051931748,-0.0757022743152385,-0.246642681791136));
#1882=CARTESIAN_POINT('',(0.298229547189006,-0.0750923175243016,-0.246006135935533));
#1883=CARTESIAN_POINT('',(0.344005508502849,-0.0705352013791493,-0.243547884989598));
#1884=CARTESIAN_POINT('',(0.419798090884738,-0.0639281648486492,-0.241590336017789));
#1885=CARTESIAN_POINT('',(0.48323567264563,-0.0438629419638059,-0.230262029288159));
#1886=CARTESIAN_POINT('',(0.555347454711814,-0.0546619565296304,-0.234118108787126));
#1887=CARTESIAN_POINT('',(0.557223008596618,-0.0236228908528016,-0.219973482545908));
#1888=CARTESIAN_POINT('',(0.5575,-0.0190388826666587,-0.217884531700712));
#1889=CARTESIAN_POINT('',(0.55754808555006,-0.0182431014531617,-0.217521891022288));
#1890=CARTESIAN_POINT('',(0.557596171100121,-0.0174473202396647,-0.217159250343864));
#1891=CARTESIAN_POINT('',(0.557644256650181,-0.0166515390261677,-0.21679660966544));
#1892=CARTESIAN_POINT('',(0.282533051931748,-0.0750569789007449,-0.246425525742816));
#1893=CARTESIAN_POINT('',(0.298229547189006,-0.0744521600317797,-0.245794327456389));
#1894=CARTESIAN_POINT('',(0.344005508502849,-0.0699336422570076,-0.243358221648403));
#1895=CARTESIAN_POINT('',(0.419798090884738,-0.0633807332479337,-0.241432308208832));
#1896=CARTESIAN_POINT('',(0.483235672645631,-0.0434930793123098,-0.230159283656639));
#1897=CARTESIAN_POINT('',(0.555347454711814,-0.0541869512907229,-0.233992599236364));
#1898=CARTESIAN_POINT('',(0.557223008596618,-0.0234943230482016,-0.219938245506678));
#1899=CARTESIAN_POINT('',(0.5575,-0.0189614785166412,-0.217862626568318));
#1900=CARTESIAN_POINT('',(0.55754808555006,-0.0181745792844752,-0.217502300301336));
#1901=CARTESIAN_POINT('',(0.557596171100121,-0.0173876800523092,-0.217141974034354));
#1902=CARTESIAN_POINT('',(0.557644256650181,-0.0166007808201432,-0.216781647767373));
#1903=CARTESIAN_POINT('',(0.282533051931748,-0.0746079566574268,-0.246275024866076));
#1904=CARTESIAN_POINT('',(0.298229547189006,-0.0740067160302731,-0.245647541791943));
#1905=CARTESIAN_POINT('',(0.344005508502849,-0.0695150644066881,-0.243226806690674));
#1906=CARTESIAN_POINT('',(0.419798090884738,-0.0629998310040037,-0.241322851959428));
#1907=CARTESIAN_POINT('',(0.483235672645631,-0.0432357335315433,-0.230088129849161));
#1908=CARTESIAN_POINT('',(0.555347454711814,-0.0538564533323572,-0.233905700206244));
#1909=CARTESIAN_POINT('',(0.557223008596618,-0.0234048692126888,-0.219913844558218));
#1910=CARTESIAN_POINT('',(0.5575,-0.018907623311702,-0.217847455656643));
#1911=CARTESIAN_POINT('',(0.55754808555006,-0.0181269039815532,-0.217488731718797));
#1912=CARTESIAN_POINT('',(0.557596171100121,-0.0173461846514045,-0.21713000778095));
#1913=CARTESIAN_POINT('',(0.557644256650181,-0.0165654653212558,-0.216771283843104));
#1914=CARTESIAN_POINT('',(0.282533051931748,-0.0736814150209452,-0.245965974085615));
#1915=CARTESIAN_POINT('',(0.298229547189006,-0.0730875656541326,-0.245346142739413));
#1916=CARTESIAN_POINT('',(0.344005508502848,-0.0686513713043851,-0.242957028415837));
#1917=CARTESIAN_POINT('',(0.419798090884738,-0.062213909344586,-0.241098249345924));
#1918=CARTESIAN_POINT('',(0.483235672645631,-0.0427047602532532,-0.229942153494525));
#1919=CARTESIAN_POINT('',(0.555347454711813,-0.0531745575893669,-0.233727469137236));
#1920=CARTESIAN_POINT('',(0.557223008596618,-0.0232203108997705,-0.219863789544763));
#1921=CARTESIAN_POINT('',(0.5575,-0.0187965143375769,-0.217816330339526));
#1922=CARTESIAN_POINT('',(0.55754808555006,-0.018028545770861,-0.217460892586196));
#1923=CARTESIAN_POINT('',(0.557596171100121,-0.0172605772041451,-0.217105454832866));
#1924=CARTESIAN_POINT('',(0.557644256650181,-0.0164926086374291,-0.216750017079536));
#1925=CARTESIAN_POINT('',(0.282533051931748,-0.0732040850585669,-0.245807490457848));
#1926=CARTESIAN_POINT('',(0.298229547189006,-0.0726140471542287,-0.245191594011709));
#1927=CARTESIAN_POINT('',(0.344005508502849,-0.0682064322390191,-0.242818722958399));
#1928=CARTESIAN_POINT('',(0.419798090884738,-0.0618090497935387,-0.240983151217433));
#1929=CARTESIAN_POINT('',(0.48323567264563,-0.0424312385023493,-0.229867361607071));
#1930=CARTESIAN_POINT('',(0.555347454711814,-0.0528232979630939,-0.23363617551475));
#1931=CARTESIAN_POINT('',(0.557223008596618,-0.0231252390139685,-0.219838144804523));
#1932=CARTESIAN_POINT('',(0.5575,-0.0187392775693568,-0.217800380962438));
#1933=CARTESIAN_POINT('',(0.55754808555006,-0.0179778771575305,-0.217446626318636));
#1934=CARTESIAN_POINT('',(0.557596171100121,-0.0172164767457042,-0.217092871674834));
#1935=CARTESIAN_POINT('',(0.557644256650181,-0.0164550763338779,-0.216739117031032));
#1936=CARTESIAN_POINT('',(0.282533051931748,-0.0722239543068749,-0.245483741870868));
#1937=CARTESIAN_POINT('',(0.298229547189006,-0.0716417511063117,-0.244875908985124));
#1938=CARTESIAN_POINT('',(0.344005508502849,-0.0672928411412658,-0.242536283623719));
#1939=CARTESIAN_POINT('',(0.419798090884738,-0.0609777872022681,-0.240748213557858));
#1940=CARTESIAN_POINT('',(0.48323567264563,-0.0418696482990649,-0.229714728980064));
#1941=CARTESIAN_POINT('',(0.555347454711814,-0.0521021135464178,-0.233449922299029));
#1942=CARTESIAN_POINT('',(0.557223008596618,-0.0229300370230798,-0.21978581223018));
#1943=CARTESIAN_POINT('',(0.5575,-0.0186217553569342,-0.21776782647429));
#1944=CARTESIAN_POINT('',(0.55754808555006,-0.0178738401104615,-0.217417505295001));
#1945=CARTESIAN_POINT('',(0.557596171100121,-0.0171259248639887,-0.217067184115712));
#1946=CARTESIAN_POINT('',(0.557644256650181,-0.016378009617516,-0.216716862936423));
#1947=CARTESIAN_POINT('',(0.282533051931748,-0.0717211401491784,-0.245318472234433));
#1948=CARTESIAN_POINT('',(0.298229547189006,-0.0711429603042055,-0.244714768124648));
#1949=CARTESIAN_POINT('',(0.344005508502849,-0.0668241767142446,-0.242392145677036));
#1950=CARTESIAN_POINT('',(0.419798090884738,-0.060551373008052,-0.240628370659975));
#1951=CARTESIAN_POINT('',(0.483235672645631,-0.0415815725213768,-0.229636886122482));
#1952=CARTESIAN_POINT('',(0.555347454711814,-0.0517321793310211,-0.233354960076777));
#1953=CARTESIAN_POINT('',(0.557223008596618,-0.0228299049735308,-0.219759123841374));
#1954=CARTESIAN_POINT('',(0.5575,-0.018561469073033,-0.217751221114874));
#1955=CARTESIAN_POINT('',(0.55754808555006,-0.0178204710288104,-0.217402650343751));
#1956=CARTESIAN_POINT('',(0.557596171100121,-0.0170794729845878,-0.217054079572627));
#1957=CARTESIAN_POINT('',(0.557644256650181,-0.0163384749403652,-0.216705508801504));
#1958=CARTESIAN_POINT('',(0.282533051931748,-0.0706925796340813,-0.244982248695746));
#1959=CARTESIAN_POINT('',(0.298229547189006,-0.0701226393243329,-0.24438697252776));
#1960=CARTESIAN_POINT('',(0.344005508502849,-0.0658655060533097,-0.242099012456061));
#1961=CARTESIAN_POINT('',(0.419798090884738,-0.0596791642992894,-0.240384768299238));
#1962=CARTESIAN_POINT('',(0.483235672645631,-0.0409923381586414,-0.229478692883335));
#1963=CARTESIAN_POINT('',(0.555347454711813,-0.0509755274135888,-0.233162038480143));
#1964=CARTESIAN_POINT('',(0.557223008596618,-0.0226250941034117,-0.219704890838453));
#1965=CARTESIAN_POINT('',(0.5575,-0.0184381569150425,-0.217717470353766));
#1966=CARTESIAN_POINT('',(0.55754808555006,-0.0177113070008848,-0.217372455288171));
#1967=CARTESIAN_POINT('',(0.557596171100121,-0.0169844570867271,-0.217027440222576));
#1968=CARTESIAN_POINT('',(0.557644256650181,-0.0162576071725693,-0.21668242515698));
#1969=CARTESIAN_POINT('',(0.282533051931748,-0.07016683759611,-0.24481129670076));
#1970=CARTESIAN_POINT('',(0.298229547189006,-0.0696011134295049,-0.244220319656487));
#1971=CARTESIAN_POINT('',(0.344005508502848,-0.0653755038217023,-0.241950018857034));
#1972=CARTESIAN_POINT('',(0.419798090884738,-0.0592333733996304,-0.240261010248262));
#1973=CARTESIAN_POINT('',(0.483235672645631,-0.0406911818497384,-0.229398343358162));
#1974=CARTESIAN_POINT('',(0.555347454711813,-0.050588812816068,-0.233064080246865));
#1975=CARTESIAN_POINT('',(0.557223008596618,-0.0225204157706857,-0.219677346404948));
#1976=CARTESIAN_POINT('',(0.5575,-0.018375131142354,-0.217700324990838));
#1977=CARTESIAN_POINT('',(0.55754808555006,-0.0176555120889246,-0.217357115197979));
#1978=CARTESIAN_POINT('',(0.557596171100121,-0.0169358930354953,-0.21701390540512));
#1979=CARTESIAN_POINT('',(0.557644256650181,-0.0162162739820659,-0.216670695612261));
#1980=CARTESIAN_POINT('',(0.282533051931748,-0.0690947057859225,-0.244464690842354));
#1981=CARTESIAN_POINT('',(0.298229547189006,-0.0685375896214758,-0.243882461441504));
#1982=CARTESIAN_POINT('',(0.344005508502848,-0.0643762910184442,-0.241648043645473));
#1983=CARTESIAN_POINT('',(0.419798090884738,-0.0583243571566116,-0.240010315631175));
#1984=CARTESIAN_POINT('',(0.483235672645631,-0.040077102499668,-0.229235620818524));
#1985=CARTESIAN_POINT('',(0.555347454711814,-0.0498002920721839,-0.232865764736174));
#1986=CARTESIAN_POINT('',(0.557223008596618,-0.0223069702934458,-0.219621567841742));
#1987=CARTESIAN_POINT('',(0.5575,-0.0182466157257477,-0.217665597014042));
#1988=CARTESIAN_POINT('',(0.55754808555006,-0.0175417404825318,-0.217326041591009));
#1989=CARTESIAN_POINT('',(0.557596171100121,-0.0168368652393159,-0.216986486167976));
#1990=CARTESIAN_POINT('',(0.557644256650181,-0.0161319899961001,-0.216646930744943));
#1991=CARTESIAN_POINT('',(0.282533051931748,-0.0685483158719734,-0.244289036916356));
#1992=CARTESIAN_POINT('',(0.298229547189006,-0.0679955915678209,-0.243711256036637));
#1993=CARTESIAN_POINT('',(0.344005508502849,-0.063867080316532,-0.241495061978451));
#1994=CARTESIAN_POINT('',(0.419798090884738,-0.0578611317005787,-0.239883379021013));
#1995=CARTESIAN_POINT('',(0.483235672645631,-0.0397641793816147,-0.229153247775234));
#1996=CARTESIAN_POINT('',(0.555347454711814,-0.0493984858434097,-0.232765407428419));
#1997=CARTESIAN_POINT('',(0.557223008596618,-0.02219820313781,-0.219593333707939));
#1998=CARTESIAN_POINT('',(0.5575,-0.0181811260812363,-0.217648014399947));
#1999=CARTESIAN_POINT('',(0.55754808555006,-0.0174837637893332,-0.217310308074677));
#2000=CARTESIAN_POINT('',(0.557596171100121,-0.0167864014974301,-0.216972601749406));
#2001=CARTESIAN_POINT('',(0.557644256650181,-0.016089039205527,-0.216634895424135));
#2002=CARTESIAN_POINT('',(0.282533051931748,-0.0674371629932664,-0.243934005274039));
#2003=CARTESIAN_POINT('',(0.298229547189006,-0.0668933811007056,-0.243365249934425));
#2004=CARTESIAN_POINT('',(0.344005508502849,-0.0628315749843303,-0.241185976155011));
#2005=CARTESIAN_POINT('',(0.419798090884738,-0.0569191840832616,-0.23962706215648));
#2006=CARTESIAN_POINT('',(0.483235672645631,-0.039127877315785,-0.228986960288733));
#2007=CARTESIAN_POINT('',(0.555347454711814,-0.0485814669022768,-0.232562889350274));
#2008=CARTESIAN_POINT('',(0.557223008596618,-0.02197703690877,-0.219536341879003));
#2009=CARTESIAN_POINT('',(0.5575,-0.0180479584323859,-0.217612514632809));
#2010=CARTESIAN_POINT('',(0.55754808555006,-0.0173658726439456,-0.217278539317241));
#2011=CARTESIAN_POINT('',(0.557596171100121,-0.0166837868555053,-0.216944564001673));
#2012=CARTESIAN_POINT('',(0.557644256650181,-0.0160017010670651,-0.216610588686104));
#2013=CARTESIAN_POINT('',(0.282533051931748,-0.0668724512349479,-0.243754646883954));
#2014=CARTESIAN_POINT('',(0.298229547189006,-0.066333219489524,-0.243190468116055));
#2015=CARTESIAN_POINT('',(0.344005508502849,-0.0623053280771567,-0.241029888969394));
#2016=CARTESIAN_POINT('',(0.419798090884738,-0.0564405053525955,-0.239497696165191));
#2017=CARTESIAN_POINT('',(0.483235672645631,-0.0388045274169085,-0.228903055051149));
#2018=CARTESIAN_POINT('',(0.555347454711814,-0.0481662919003187,-0.232460740037975));
#2019=CARTESIAN_POINT('',(0.557223008596618,-0.0218646474514468,-0.219507587191908));
#2020=CARTESIAN_POINT('',(0.5575,-0.0179802858950146,-0.217594599239856));
#2021=CARTESIAN_POINT('',(0.55754808555006,-0.0173059629384407,-0.217262505619585));
#2022=CARTESIAN_POINT('',(0.557596171100121,-0.0166316399818668,-0.216930411999314));
#2023=CARTESIAN_POINT('',(0.557644256650181,-0.0159573170252929,-0.216598318379042));
#2024=CARTESIAN_POINT('',(0.282533051931748,-0.0657262608487421,-0.243392932109275));
#2025=CARTESIAN_POINT('',(0.298229547189006,-0.0651962761971465,-0.24283801986905));
#2026=CARTESIAN_POINT('',(0.344005508502849,-0.061237250671635,-0.240715235700512));
#2027=CARTESIAN_POINT('',(0.419798090884738,-0.0554690198985878,-0.23923706858074));
#2028=CARTESIAN_POINT('',(0.483235672645631,-0.0381482963719404,-0.228734062664621));
#2029=CARTESIAN_POINT('',(0.555347454711814,-0.0473237254482554,-0.232255083473899));
#2030=CARTESIAN_POINT('',(0.557223008596618,-0.0216365556439805,-0.219449677203228));
#2031=CARTESIAN_POINT('',(0.5575,-0.0178429428501025,-0.217558509222117));
#2032=CARTESIAN_POINT('',(0.55754808555006,-0.0171843738270854,-0.217230203536389));
#2033=CARTESIAN_POINT('',(0.557596171100121,-0.0165258048040684,-0.21690189785066));
#2034=CARTESIAN_POINT('',(0.557644256650181,-0.0158672357810514,-0.216573592164932));
#2035=CARTESIAN_POINT('',(0.282533051931748,-0.06514477091665,-0.243210571458218));
#2036=CARTESIAN_POINT('',(0.298229547189006,-0.064619483303988,-0.242660349273848));
#2037=CARTESIAN_POINT('',(0.344005508502849,-0.0606954096627895,-0.240556665880193));
#2038=CARTESIAN_POINT('',(0.419798090884738,-0.0549762036572903,-0.239105803860981));
#2039=CARTESIAN_POINT('',(0.483235672645631,-0.0378154089278459,-0.228648973523732));
#2040=CARTESIAN_POINT('',(0.555347454711814,-0.0468963258305482,-0.232151573734301));
#2041=CARTESIAN_POINT('',(0.557223008596618,-0.0215208514194342,-0.219420521316419));
#2042=CARTESIAN_POINT('',(0.5575,-0.0177732713975704,-0.217540334293091));
#2043=CARTESIAN_POINT('',(0.55754808555006,-0.0171226936375892,-0.217213934895387));
#2044=CARTESIAN_POINT('',(0.557596171100121,-0.016472115877608,-0.216887535497684));
#2045=CARTESIAN_POINT('',(0.557644256650181,-0.0158215381176269,-0.21656113609998));
#2046=CARTESIAN_POINT('',(0.282533051931748,-0.0639664325263008,-0.242843503289394));
#2047=CARTESIAN_POINT('',(0.298229547189006,-0.0634506754877876,-0.242302761225641));
#2048=CARTESIAN_POINT('',(0.344005508502849,-0.0595974602307517,-0.240237625449622));
#2049=CARTESIAN_POINT('',(0.419798090884738,-0.0539776447243486,-0.238841871954336));
#2050=CARTESIAN_POINT('',(0.483235672645631,-0.0371409161442843,-0.228477937604449));
#2051=CARTESIAN_POINT('',(0.555347454711814,-0.0460303559129152,-0.231943597949509));
#2052=CARTESIAN_POINT('',(0.557223008596618,-0.0212864141390318,-0.21936192094787));
#2053=CARTESIAN_POINT('',(0.5575,-0.0176321020914369,-0.217503794451042));
#2054=CARTESIAN_POINT('',(0.55754808555006,-0.0169977155987333,-0.217181224748189));
#2055=CARTESIAN_POINT('',(0.557596171100121,-0.0163633291060297,-0.216858655045337));
#2056=CARTESIAN_POINT('',(0.557644256650181,-0.0157289426133261,-0.216536085342484));
#2057=CARTESIAN_POINT('',(0.282533051931748,-0.0633696041299829,-0.242658804582894));
#2058=CARTESIAN_POINT('',(0.298229547189006,-0.0628586804793427,-0.242122852398611));
#2059=CARTESIAN_POINT('',(0.344005508502849,-0.0590413705624392,-0.240077162650754));
#2060=CARTESIAN_POINT('',(0.419798090884738,-0.0534719191690714,-0.238709211417865));
#2061=CARTESIAN_POINT('',(0.483235672645631,-0.0367993224489623,-0.228391995212255));
#2062=CARTESIAN_POINT('',(0.555347454711814,-0.0455918005666902,-0.231839137315868));
#2063=CARTESIAN_POINT('',(0.557223008596618,-0.021167685271814,-0.219332478024509));
#2064=CARTESIAN_POINT('',(0.5575,-0.0175606068366345,-0.217485430527339));
#2065=CARTESIAN_POINT('',(0.55754808555006,-0.0169344200721773,-0.217164784132525));
#2066=CARTESIAN_POINT('',(0.557596171100121,-0.0163082333077201,-0.216844137737711));
#2067=CARTESIAN_POINT('',(0.557644256650181,-0.0156820465432629,-0.216523491342897));
#2068=CARTESIAN_POINT('',(0.282533051931748,-0.0615580435347539,-0.242102096821919));
#2069=CARTESIAN_POINT('',(0.298229547189006,-0.0610618103972164,-0.241580645619958));
#2070=CARTESIAN_POINT('',(0.344005508502849,-0.0573535340728757,-0.239593729735426));
#2071=CARTESIAN_POINT('',(0.419798090884738,-0.0519370263154424,-0.238309814115448));
#2072=CARTESIAN_POINT('',(0.483235672645631,-0.0357625958225447,-0.228133333408427));
#2073=CARTESIAN_POINT('',(0.555347454711814,-0.0442608343386375,-0.231524881214909));
#2074=CARTESIAN_POINT('',(0.557223008596618,-0.0208073473978122,-0.219243871355331));
#2075=CARTESIAN_POINT('',(0.5575,-0.017343616329045,-0.217430148921913));
#2076=CARTESIAN_POINT('',(0.55754808555006,-0.0167423145858537,-0.21711528773921));
#2077=CARTESIAN_POINT('',(0.557596171100121,-0.0161410128426624,-0.216800426556506));
#2078=CARTESIAN_POINT('',(0.557644256650181,-0.0155397110994711,-0.216485565373803));
#2079=CARTESIAN_POINT('',(0.282533051931748,-0.0603221614058984,-0.241727443454847));
#2080=CARTESIAN_POINT('',(0.298229547189006,-0.0598359763092865,-0.241215835395678));
#2081=CARTESIAN_POINT('',(0.344005508502848,-0.0562021502393617,-0.239268686201489));
#2082=CARTESIAN_POINT('',(0.419798090884738,-0.050890079477683,-0.238041637117019));
#2083=CARTESIAN_POINT('',(0.48323567264563,-0.0350554749736541,-0.227959763469889));
#2084=CARTESIAN_POINT('',(0.555347454711814,-0.0433530682169149,-0.231314191624621));
#2085=CARTESIAN_POINT('',(0.557223008596618,-0.0205615731540592,-0.219184424543397));
#2086=CARTESIAN_POINT('',(0.5575,-0.0171956084362307,-0.217393038418078));
#2087=CARTESIAN_POINT('',(0.55754808555006,-0.0166112788759479,-0.217082054805755));
#2088=CARTESIAN_POINT('',(0.557596171100121,-0.0160269493156651,-0.216771071193431));
#2089=CARTESIAN_POINT('',(0.557644256650181,-0.0154426197553823,-0.216460087581107));
#2090=CARTESIAN_POINT('',(0.282533051931748,-0.057802986846612,-0.240975282487557));
#2091=CARTESIAN_POINT('',(0.298229547189006,-0.057337341292929,-0.240483627016127));
#2092=CARTESIAN_POINT('',(0.344005508502849,-0.0538554184785052,-0.238616797923906));
#2093=CARTESIAN_POINT('',(0.419798090884738,-0.0487564432181559,-0.237504624126235));
#2094=CARTESIAN_POINT('',(0.483235672645631,-0.0336144543041487,-0.227612447139517));
#2095=CARTESIAN_POINT('',(0.555347454711814,-0.0415032633232437,-0.230893020883354));
#2096=CARTESIAN_POINT('',(0.557223008596618,-0.0200607234924674,-0.219065496850032));
#2097=CARTESIAN_POINT('',(0.5575,-0.0168939793920047,-0.217318747525969));
#2098=CARTESIAN_POINT('',(0.55754808555006,-0.0163442344175697,-0.217015512836952));
#2099=CARTESIAN_POINT('',(0.557596171100121,-0.0157944894431348,-0.216712278147934));
#2100=CARTESIAN_POINT('',(0.557644256650181,-0.0152447444686998,-0.216409043458917));
#2101=CARTESIAN_POINT('',(0.282533051931748,-0.0565196609568339,-0.240597758674887));
#2102=CARTESIAN_POINT('',(0.298229547189006,-0.0560645071214025,-0.240116212961273));
#2103=CARTESIAN_POINT('',(0.344005508502849,-0.0526600390751104,-0.238289938663411));
#2104=CARTESIAN_POINT('',(0.419798090884738,-0.0476697247490814,-0.237235775597943));
#2105=CARTESIAN_POINT('',(0.483235672645631,-0.0328805340605857,-0.227438692142409));
#2106=CARTESIAN_POINT('',(0.555347454711813,-0.0405611987460338,-0.230682529336228));
#2107=CARTESIAN_POINT('',(0.557223008596618,-0.0198056392236548,-0.219006012286682));
#2108=CARTESIAN_POINT('',(0.5575,-0.016740351893515,-0.217281564447368));
#2109=CARTESIAN_POINT('',(0.55754808555006,-0.0162082197566943,-0.216982201283416));
#2110=CARTESIAN_POINT('',(0.557596171100121,-0.0156760876198736,-0.216682838119465));
#2111=CARTESIAN_POINT('',(0.557644256650181,-0.015143955483053,-0.216383474955514));
#2112=CARTESIAN_POINT('',(0.282533051931748,-0.0545643578344904,-0.240031755741795));
#2113=CARTESIAN_POINT('',(0.298229547189006,-0.0541252357283544,-0.239565524571487));
#2114=CARTESIAN_POINT('',(0.344005508502849,-0.0508388965562383,-0.237800450289909));
#2115=CARTESIAN_POINT('',(0.419798090884738,-0.0460143120579973,-0.236833843442612));
#2116=CARTESIAN_POINT('',(0.483235672645631,-0.0317625942072297,-0.227179133051826));
#2117=CARTESIAN_POINT('',(0.555347454711814,-0.0391262879398762,-0.230368442383245));
#2118=CARTESIAN_POINT('',(0.557223008596618,-0.0194170878410595,-0.218917174765716));
#2119=CARTESIAN_POINT('',(0.5575,-0.0165063322295351,-0.21722599291614));
#2120=CARTESIAN_POINT('',(0.55754808555006,-0.0160010267111606,-0.216932404709083));
#2121=CARTESIAN_POINT('',(0.557596171100121,-0.015495721192786,-0.216638816502027));
#2122=CARTESIAN_POINT('',(0.557644256650181,-0.0149904156744115,-0.216345228294971));
#2123=CARTESIAN_POINT('',(0.282533051931748,-0.0539075468245079,-0.239843140816963));
#2124=CARTESIAN_POINT('',(0.298229547189006,-0.0534738175950139,-0.239382039379798));
#2125=CARTESIAN_POINT('',(0.344005508502849,-0.0502271786650272,-0.237637425938472));
#2126=CARTESIAN_POINT('',(0.419798090884738,-0.0454582931497121,-0.236700093851934));
#2127=CARTESIAN_POINT('',(0.483235672645631,-0.0313871096625177,-0.227092795150175));
#2128=CARTESIAN_POINT('',(0.555347454711814,-0.0386443555444075,-0.2302640254114));
#2129=CARTESIAN_POINT('',(0.557223008596618,-0.0192865851442354,-0.218887628183701));
#2130=CARTESIAN_POINT('',(0.5575,-0.0164277304704587,-0.217207503576744));
#2131=CARTESIAN_POINT('',(0.55754808555006,-0.0159314349253533,-0.216915834900717));
#2132=CARTESIAN_POINT('',(0.557596171100121,-0.0154351393802479,-0.21662416622469));
#2133=CARTESIAN_POINT('',(0.557644256650181,-0.0149388438351424,-0.216332497548662));
#2134=CARTESIAN_POINT('',(0.282533051931748,-0.052584645686672,-0.23946637833557));
#2135=CARTESIAN_POINT('',(0.298229547189006,-0.0521617941573761,-0.239015578565612));
#2136=CARTESIAN_POINT('',(0.344005508502849,-0.048995156384034,-0.23731197493344));
#2137=CARTESIAN_POINT('',(0.419798090884738,-0.0443385140809281,-0.23643332329809));
#2138=CARTESIAN_POINT('',(0.483235672645631,-0.0306309297336654,-0.226920661986232));
#2139=CARTESIAN_POINT('',(0.555347454711814,-0.0376738314888506,-0.230055970639982));
#2140=CARTESIAN_POINT('',(0.557223008596618,-0.0190237694863992,-0.218828728055552));
#2141=CARTESIAN_POINT('',(0.5575,-0.016269432813336,-0.217170631370211));
#2142=CARTESIAN_POINT('',(0.55754808555006,-0.0157912815336992,-0.216882786728846));
#2143=CARTESIAN_POINT('',(0.557596171100121,-0.0153131302540624,-0.21659494208748));
#2144=CARTESIAN_POINT('',(0.557644256650181,-0.0148349789744256,-0.216307097446115));
#2145=CARTESIAN_POINT('',(0.282533051931748,-0.0519185474420252,-0.239278225782531));
#2146=CARTESIAN_POINT('',(0.298229547189006,-0.0515011807909141,-0.238832598036669));
#2147=CARTESIAN_POINT('',(0.344005508502849,-0.0483748443976822,-0.237149543802864));
#2148=CARTESIAN_POINT('',(0.419798090884738,-0.0437747469727962,-0.236300298465224));
#2149=CARTESIAN_POINT('',(0.483235672645631,-0.0302502296987785,-0.226834864197564));
#2150=CARTESIAN_POINT('',(0.555347454711814,-0.0371852337752197,-0.229952329643518));
#2151=CARTESIAN_POINT('',(0.557223008596618,-0.0188914550064882,-0.218799373692621));
#2152=CARTESIAN_POINT('',(0.5575,-0.01618973606609,-0.21715224803778));
#2153=CARTESIAN_POINT('',(0.55754808555006,-0.0157207191949122,-0.216866307961069));
#2154=CARTESIAN_POINT('',(0.557596171100121,-0.0152517023237344,-0.216580367884357));
#2155=CARTESIAN_POINT('',(0.557644256650181,-0.0147826854525567,-0.216294427807646));
#2156=CARTESIAN_POINT('',(0.282533051931748,-0.0505777998730226,-0.238902701067196));
#2157=CARTESIAN_POINT('',(0.298229547189006,-0.0501714894768398,-0.238467452884222));
#2158=CARTESIAN_POINT('',(0.344005508502849,-0.0471263138727521,-0.236825556256021));
#2159=CARTESIAN_POINT('',(0.419798090884738,-0.0426400917030956,-0.236035212642793));
#2160=CARTESIAN_POINT('',(0.483235672645631,-0.0294840384093527,-0.226663965654725));
#2161=CARTESIAN_POINT('',(0.555347454711813,-0.036201918397968,-0.229746017466854));
#2162=CARTESIAN_POINT('',(0.557223008596618,-0.0186251620956056,-0.218740911359623));
#2163=CARTESIAN_POINT('',(0.5575,-0.0160293367052808,-0.217115620926909));
#2164=CARTESIAN_POINT('',(0.55754808555006,-0.0155787028941582,-0.216833471432338));
#2165=CARTESIAN_POINT('',(0.557596171100121,-0.0151280690830356,-0.216551321937767));
#2166=CARTESIAN_POINT('',(0.557644256650181,-0.0146774352719129,-0.216269172443196));
#2167=CARTESIAN_POINT('',(0.282533051931748,-0.0499031505486668,-0.238715328904898));
#2168=CARTESIAN_POINT('',(0.298229547189006,-0.0495024115292276,-0.238285288260719));
#2169=CARTESIAN_POINT('',(0.344005508502848,-0.0464980953341739,-0.236663999839753));
#2170=CARTESIAN_POINT('',(0.419798090884738,-0.0420692035415268,-0.235903151653228));
#2171=CARTESIAN_POINT('',(0.483235672645631,-0.0290985471548139,-0.226578864900553));
#2172=CARTESIAN_POINT('',(0.555347454711814,-0.0357072007343471,-0.229643346286654));
#2173=CARTESIAN_POINT('',(0.557223008596618,-0.0184911836646339,-0.218711803389555));
#2174=CARTESIAN_POINT('',(0.5575,-0.0159486340917177,-0.217097377148468));
#2175=CARTESIAN_POINT('',(0.55754808555006,-0.0155072489321912,-0.216817113671384));
#2176=CARTESIAN_POINT('',(0.557596171100121,-0.0150658637726646,-0.216536850194299));
#2177=CARTESIAN_POINT('',(0.557644256650181,-0.0146244786131381,-0.216256586717215));
#2178=CARTESIAN_POINT('',(0.282533051931748,-0.0485460450919943,-0.23834168798647));
#2179=CARTESIAN_POINT('',(0.298229547189006,-0.0481565297669885,-0.237922091068294));
#2180=CARTESIAN_POINT('',(0.344005508502848,-0.045234446844275,-0.236342047691957));
#2181=CARTESIAN_POINT('',(0.419798090884738,-0.0409209402589946,-0.235640236472589));
#2182=CARTESIAN_POINT('',(0.483235672645631,-0.0283232023473543,-0.226409519874591));
#2183=CARTESIAN_POINT('',(0.555347454711814,-0.0347121968788296,-0.229439170780291));
#2184=CARTESIAN_POINT('',(0.557223008596618,-0.0182217122025555,-0.218653888832859));
#2185=CARTESIAN_POINT('',(0.5575,-0.0157863129693262,-0.217061063157897));
#2186=CARTESIAN_POINT('',(0.55754808555006,-0.0153635290478167,-0.216784549526805));
#2187=CARTESIAN_POINT('',(0.557596171100121,-0.0149407451263073,-0.216508035895712));
#2188=CARTESIAN_POINT('',(0.557644256650181,-0.0145179612047978,-0.216231522264619));
#2189=CARTESIAN_POINT('',(0.282533051931748,-0.0478635930781629,-0.238155422500046));
#2190=CARTESIAN_POINT('',(0.298229547189006,-0.0474797300450091,-0.237741061714723));
#2191=CARTESIAN_POINT('',(0.344005508502849,-0.0445990207481714,-0.236181654901405));
#2192=CARTESIAN_POINT('',(0.419798090884738,-0.0403435686731493,-0.235509384844774));
#2193=CARTESIAN_POINT('',(0.483235672645631,-0.0279333510723812,-0.226325277214976));
#2194=CARTESIAN_POINT('',(0.555347454711814,-0.0342119137925426,-0.229337668606539));
#2195=CARTESIAN_POINT('',(0.557223008596618,-0.018086219785554,-0.218625082675685));
#2196=CARTESIAN_POINT('',(0.5575,-0.015704694706645,-0.217042993120764));
#2197=CARTESIAN_POINT('',(0.55754808555006,-0.0152912633076792,-0.216768343274003));
#2198=CARTESIAN_POINT('',(0.557596171100121,-0.0148778319087134,-0.216493693427242));
#2199=CARTESIAN_POINT('',(0.557644256650181,-0.0144644005097476,-0.216219043580481));
#2200=CARTESIAN_POINT('',(0.282533051931748,-0.0458055206636393,-0.237598668369701));
#2201=CARTESIAN_POINT('',(0.298229547189006,-0.0454387282592284,-0.237200050202054));
#2202=CARTESIAN_POINT('',(0.344005508502849,-0.0426828526732021,-0.235702558479341));
#2203=CARTESIAN_POINT('',(0.419798090884738,-0.0386025683066819,-0.235118927520467));
#2204=CARTESIAN_POINT('',(0.483235672645631,-0.0267578245478534,-0.226074021594702));
#2205=CARTESIAN_POINT('',(0.555347454711814,-0.0327034454228331,-0.229035143407717));
#2206=CARTESIAN_POINT('',(0.557223008596618,-0.0176776682927134,-0.218539180266459));
#2207=CARTESIAN_POINT('',(0.5575,-0.0154585845714194,-0.216989082674543));
#2208=CARTESIAN_POINT('',(0.55754808555006,-0.0150733528997306,-0.21671998661436));
#2209=CARTESIAN_POINT('',(0.557596171100121,-0.0146881212280418,-0.216450890554178));
#2210=CARTESIAN_POINT('',(0.557644256650181,-0.014302889556353,-0.216181794493996));
#2211=CARTESIAN_POINT('',(0.282533051931748,-0.0444191832528635,-0.237230222193478));
#2212=CARTESIAN_POINT('',(0.298229547189006,-0.0440639229494248,-0.236842144735661));
#2213=CARTESIAN_POINT('',(0.344005508502849,-0.0413922203527713,-0.2353859369689));
#2214=CARTESIAN_POINT('',(0.419798090884738,-0.0374300534810646,-0.234861419595598));
#2215=CARTESIAN_POINT('',(0.483235672645631,-0.0259661764070306,-0.225908481253058));
#2216=CARTESIAN_POINT('',(0.555347454711814,-0.031687640781491,-0.228836101969579));
#2217=CARTESIAN_POINT('',(0.557223008596618,-0.0174025351995735,-0.21848260042208));
#2218=CARTESIAN_POINT('',(0.5575,-0.0152928376458772,-0.216953542287948));
#2219=CARTESIAN_POINT('',(0.55754808555006,-0.014926595350659,-0.216688098665669));
#2220=CARTESIAN_POINT('',(0.557596171100121,-0.0145603530554407,-0.21642265504339));
#2221=CARTESIAN_POINT('',(0.557644256650181,-0.0141941107602225,-0.216157211421111));
#2222=CARTESIAN_POINT('',(0.282533051931748,-0.041623129762332,-0.236500757425329));
#2223=CARTESIAN_POINT('',(0.298229547189006,-0.0412911967931408,-0.236133807329875));
#2224=CARTESIAN_POINT('',(0.344005508502849,-0.0387894331676672,-0.234759988689514));
#2225=CARTESIAN_POINT('',(0.419798090884738,-0.0350657475909169,-0.234353464491811));
#2226=CARTESIAN_POINT('',(0.483235672645631,-0.0243699398670309,-0.225582285571771));
#2227=CARTESIAN_POINT('',(0.555347454711814,-0.0296395521946967,-0.228444481256983));
#2228=CARTESIAN_POINT('',(0.557223008596618,-0.0168477769639108,-0.218371146940637));
#2229=CARTESIAN_POINT('',(0.5575,-0.0149586220845808,-0.216883465338083));
#2230=CARTESIAN_POINT('',(0.55754808555006,-0.0146306658721767,-0.216625204658148));
#2231=CARTESIAN_POINT('',(0.557596171100121,-0.0143027096597726,-0.216366943978214));
#2232=CARTESIAN_POINT('',(0.557644256650181,-0.0139747534473684,-0.21610868329828));
#2233=CARTESIAN_POINT('',(0.282533051931748,-0.0402133985951282,-0.236139720124004));
#2234=CARTESIAN_POINT('',(0.298229547189006,-0.0398932609048535,-0.235783356929968));
#2235=CARTESIAN_POINT('',(0.344005508502849,-0.037477263948814,-0.234450644797719));
#2236=CARTESIAN_POINT('',(0.419798090884738,-0.0338739430976793,-0.234103002071102));
#2237=CARTESIAN_POINT('',(0.483235672645631,-0.023565342169266,-0.225421619844286));
#2238=CARTESIAN_POINT('',(0.555347454711814,-0.0286072561941494,-0.228251888943693));
#2239=CARTESIAN_POINT('',(0.557223008596618,-0.0165681481560259,-0.218316269208709));
#2240=CARTESIAN_POINT('',(0.5575,-0.0147901510225034,-0.216848926000837));
#2241=CARTESIAN_POINT('',(0.55754808555006,-0.0144814917315393,-0.21659419605465));
#2242=CARTESIAN_POINT('',(0.557596171100121,-0.0141728324405751,-0.216339466108463));
#2243=CARTESIAN_POINT('',(0.557644256650181,-0.013864173149611,-0.216084736162276));
#2244=CARTESIAN_POINT('',(0.282533051931748,-0.0373753212555008,-0.235426513610321));
#2245=CARTESIAN_POINT('',(0.298229547189006,-0.0370789985184445,-0.235091332255227));
#2246=CARTESIAN_POINT('',(0.344005508502849,-0.0348358409488619,-0.233840501290558));
#2247=CARTESIAN_POINT('',(0.419798090884738,-0.0314750932848783,-0.233610168570051));
#2248=CARTESIAN_POINT('',(0.483235672645631,-0.0219459325487475,-0.225105840404674));
#2249=CARTESIAN_POINT('',(0.555347454711814,-0.0265296837558411,-0.227873975702345));
#2250=CARTESIAN_POINT('',(0.557223008596618,-0.0160053467106913,-0.218208448273481));
#2251=CARTESIAN_POINT('',(0.5575,-0.014451058715331,-0.216780993680659));
#2252=CARTESIAN_POINT('',(0.55754808555006,-0.0141812352034947,-0.216533188375354));
#2253=CARTESIAN_POINT('',(0.557596171100121,-0.0139114116916583,-0.216285383070049));
#2254=CARTESIAN_POINT('',(0.557644256650181,-0.013641588179822,-0.216037577764744));
#2255=CARTESIAN_POINT('',(0.282533051931748,-0.035947006420582,-0.23507438407889));
#2256=CARTESIAN_POINT('',(0.298229547189006,-0.0356627032575718,-0.234749797119034));
#2257=CARTESIAN_POINT('',(0.344005508502849,-0.0335066169206314,-0.233539737865196));
#2258=CARTESIAN_POINT('',(0.419798090884738,-0.0302680756764075,-0.233367829525751));
#2259=CARTESIAN_POINT('',(0.483235672645631,-0.021131139550434,-0.224950747991415));
#2260=CARTESIAN_POINT('',(0.555347454711814,-0.0254844319309461,-0.227688681898395));
#2261=CARTESIAN_POINT('',(0.557223008596618,-0.0157221808359156,-0.218155512349414));
#2262=CARTESIAN_POINT('',(0.5575,-0.0142804415967023,-0.216747605046165));
#2263=CARTESIAN_POINT('',(0.55754808555006,-0.0140301564849096,-0.216503193139211));
#2264=CARTESIAN_POINT('',(0.557596171100121,-0.0137798713731169,-0.216258781232256));
#2265=CARTESIAN_POINT('',(0.557644256650181,-0.0135295862613242,-0.216014369325302));
#2266=CARTESIAN_POINT('',(0.282533051931748,-0.0330762818291687,-0.234380124397257));
#2267=CARTESIAN_POINT('',(0.298229547189006,-0.0328162042157459,-0.234076700546893));
#2268=CARTESIAN_POINT('',(0.344005508502849,-0.0308352907929471,-0.232947722573711));
#2269=CARTESIAN_POINT('',(0.419798090884738,-0.0278426193763575,-0.232892023383982));
#2270=CARTESIAN_POINT('',(0.483235672645631,-0.0194939163114738,-0.224646614476459));
#2271=CARTESIAN_POINT('',(0.555347454711814,-0.0233842555369182,-0.227325963435655));
#2272=CARTESIAN_POINT('',(0.557223008596618,-0.0151531979220427,-0.218051743899287));
#2273=CARTESIAN_POINT('',(0.5575,-0.0139375931780066,-0.216682079660117));
#2274=CARTESIAN_POINT('',(0.55754808555006,-0.0137265648859398,-0.216444306727332));
#2275=CARTESIAN_POINT('',(0.557596171100121,-0.0135155365938731,-0.216206533794547));
#2276=CARTESIAN_POINT('',(0.557644256650181,-0.0133045083018063,-0.215968760861762));
#2277=CARTESIAN_POINT('',(0.282533051931748,-0.0316338448922128,-0.234037986599589));
#2278=CARTESIAN_POINT('',(0.298229547189006,-0.0313859734701209,-0.233745131681181));
#2279=CARTESIAN_POINT('',(0.344005508502848,-0.0294931633235367,-0.232656464159718));
#2280=CARTESIAN_POINT('',(0.419798090884738,-0.0266241575894045,-0.232658551001152));
#2281=CARTESIAN_POINT('',(0.483235672645631,-0.0186714701255535,-0.224497570224021));
#2282=CARTESIAN_POINT('',(0.555347454711814,-0.0223293109726799,-0.227148534772883));
#2283=CARTESIAN_POINT('',(0.557223008596618,-0.0148673748176624,-0.218000910797774));
#2284=CARTESIAN_POINT('',(0.5575,-0.0137653578698839,-0.216649942839452));
#2285=CARTESIAN_POINT('',(0.55754808555006,-0.0135740483546329,-0.216415415570386));
#2286=CARTESIAN_POINT('',(0.557596171100121,-0.013382738839382,-0.216180888301321));
#2287=CARTESIAN_POINT('',(0.557644256650181,-0.013191429324131,-0.215946361032256));
#2288=CARTESIAN_POINT('',(0.282533051931748,-0.0287392841450263,-0.233364569832168));
#2289=CARTESIAN_POINT('',(0.298229547189006,-0.0285159732977691,-0.233092796600114));
#2290=CARTESIAN_POINT('',(0.344005508502849,-0.0268001287062547,-0.232084176612904));
#2291=CARTESIAN_POINT('',(0.419798090884738,-0.0241795299266699,-0.232201036106491));
#2292=CARTESIAN_POINT('',(0.483235672645631,-0.0170214500316232,-0.224205883891202));
#2293=CARTESIAN_POINT('',(0.555347454711814,-0.0202129637823266,-0.226801954814548));
#2294=CARTESIAN_POINT('',(0.557223008596618,-0.0142939514921091,-0.21790146720694));
#2295=CARTESIAN_POINT('',(0.5575,-0.0134198014427894,-0.216586997613083));
#2296=CARTESIAN_POINT('',(0.55754808555006,-0.0132680494914886,-0.216358806439327));
#2297=CARTESIAN_POINT('',(0.557596171100121,-0.0131162975401878,-0.21613061526557));
#2298=CARTESIAN_POINT('',(0.557644256650181,-0.012964545588887,-0.215902424091814));
#2299=CARTESIAN_POINT('',(0.282533051931748,-0.0272871929478312,-0.233033269548198));
#2300=CARTESIAN_POINT('',(0.298229547189006,-0.0270762360752568,-0.232772009112349));
#2301=CARTESIAN_POINT('',(0.344005508502849,-0.0254492514908315,-0.231803127160251));
#2302=CARTESIAN_POINT('',(0.419798090884738,-0.0229533907808586,-0.231976974578745));
#2303=CARTESIAN_POINT('',(0.483235672645631,-0.0161938944328216,-0.224063228813771));
#2304=CARTESIAN_POINT('',(0.555347454711814,-0.0191515840546518,-0.226632786575694));
#2305=CARTESIAN_POINT('',(0.557223008596618,-0.014006358526965,-0.217852852143167));
#2306=CARTESIAN_POINT('',(0.5575,-0.0132464852696951,-0.21655618645962));
#2307=CARTESIAN_POINT('',(0.55754808555006,-0.0131145717044877,-0.216331086034566));
#2308=CARTESIAN_POINT('',(0.557596171100121,-0.0129826581392802,-0.216105985609511));
#2309=CARTESIAN_POINT('',(0.557644256650181,-0.0128507445740728,-0.215880885184457));
#2310=CARTESIAN_POINT('',(0.282533051931748,-0.0243781995535838,-0.232382132322577));
#2311=CARTESIAN_POINT('',(0.298229547189006,-0.0241920549542307,-0.232141810924555));
#2312=CARTESIAN_POINT('',(0.344005508502849,-0.0227432456761482,-0.231251730934241));
#2313=CARTESIAN_POINT('',(0.419798090884738,-0.0204975099468074,-0.231538609370632));
#2314=CARTESIAN_POINT('',(0.483235672645631,-0.0145364268033937,-0.223784514244025));
#2315=CARTESIAN_POINT('',(0.555347454711814,-0.0170259111098829,-0.226302930173979));
#2316=CARTESIAN_POINT('',(0.557223008596618,-0.0134303699509311,-0.217757909189404));
#2317=CARTESIAN_POINT('',(0.5575,-0.0128993620179651,-0.216495936726963));
#2318=CARTESIAN_POINT('',(0.55754808555006,-0.0128071793428665,-0.216276859025358));
#2319=CARTESIAN_POINT('',(0.557596171100121,-0.012714996667768,-0.216057781323752));
#2320=CARTESIAN_POINT('',(0.557644256650181,-0.0126228139926695,-0.215838703622147));
#2321=CARTESIAN_POINT('',(0.282533051931748,-0.0229213935169337,-0.232062344793057));
#2322=CARTESIAN_POINT('',(0.298229547189006,-0.0227477065197451,-0.23183244865586));
#2323=CARTESIAN_POINT('',(0.344005508502849,-0.0213882069493932,-0.230981428083278));
#2324=CARTESIAN_POINT('',(0.419798090884738,-0.0192678506969092,-0.231324343291562));
#2325=CARTESIAN_POINT('',(0.483235672645631,-0.0137065689213668,-0.223648478661433));
#2326=CARTESIAN_POINT('',(0.555347454711814,-0.0159616909590071,-0.226142272891538));
#2327=CARTESIAN_POINT('',(0.557223008596618,-0.0131419919881193,-0.217711588273969));
#2328=CARTESIAN_POINT('',(0.5575,-0.0127255644029727,-0.216466501591783));
#2329=CARTESIAN_POINT('',(0.55754808555006,-0.0126532728110765,-0.216250355252024));
#2330=CARTESIAN_POINT('',(0.557596171100121,-0.0125809812191803,-0.216034208912265));
#2331=CARTESIAN_POINT('',(0.557644256650181,-0.0125086896272841,-0.215818062572506));
#2332=CARTESIAN_POINT('',(0.282533051931748,-0.0207347865568583,-0.231591028335313));
#2333=CARTESIAN_POINT('',(0.298229547189006,-0.0205798412404576,-0.231376696223596));
#2334=CARTESIAN_POINT('',(0.344005508502849,-0.019354500173294,-0.230583745475144));
#2335=CARTESIAN_POINT('',(0.419798090884738,-0.0174224927446888,-0.231009986299507));
#2336=CARTESIAN_POINT('',(0.483235672645631,-0.0124612306422994,-0.223449172570817));
#2337=CARTESIAN_POINT('',(0.555347454711814,-0.0143647463191639,-0.225907371923588));
#2338=CARTESIAN_POINT('',(0.557223008596618,-0.0127092145643965,-0.217643749124143));
#2339=CARTESIAN_POINT('',(0.5575,-0.0124647171560245,-0.216423334986867));
#2340=CARTESIAN_POINT('',(0.55754808555006,-0.0124222725450137,-0.21621147178687));
#2341=CARTESIAN_POINT('',(0.557596171100121,-0.0123798279340029,-0.215999608586873));
#2342=CARTESIAN_POINT('',(0.557644256650181,-0.0123373833229921,-0.215787745386875));
#2343=CARTESIAN_POINT('',(0.282533051931748,-0.0200056814564287,-0.231435315381116));
#2344=CARTESIAN_POINT('',(0.298229547189006,-0.019856992603427,-0.231226158999494));
#2345=CARTESIAN_POINT('',(0.344005508502849,-0.0186764035547078,-0.230452478461555));
#2346=CARTESIAN_POINT('',(0.419798090884738,-0.0168072259747038,-0.230906373127763));
#2347=CARTESIAN_POINT('',(0.483235672645631,-0.0120460241751963,-0.223383527645977));
#2348=CARTESIAN_POINT('',(0.555347454711814,-0.0138323269198599,-0.225830084837546));
#2349=CARTESIAN_POINT('',(0.557223008596618,-0.0125649198488865,-0.21762140959298));
#2350=CARTESIAN_POINT('',(0.5575,-0.012377742681603,-0.216409110392022));
#2351=CARTESIAN_POINT('',(0.55754808555006,-0.0123452488318384,-0.216198655940354));
#2352=CARTESIAN_POINT('',(0.557596171100121,-0.0123127549820739,-0.215988201488685));
#2353=CARTESIAN_POINT('',(0.557644256650181,-0.0122802611323094,-0.215777747037017));
#2354=CARTESIAN_POINT('',(0.282533051931748,-0.0185473335980702,-0.231126618374836));
#2355=CARTESIAN_POINT('',(0.298229547189006,-0.0184111725714898,-0.230927787753175));
#2356=CARTESIAN_POINT('',(0.344005508502849,-0.0173201300146318,-0.230192474161254));
#2357=CARTESIAN_POINT('',(0.419798090884738,-0.0155766739610955,-0.23070143254228));
#2358=CARTESIAN_POINT('',(0.483235672645631,-0.0112156081062475,-0.223253777163319));
#2359=CARTESIAN_POINT('',(0.555347454711814,-0.0127675146586384,-0.225677480477454));
#2360=CARTESIAN_POINT('',(0.557223008596618,-0.0122763190469644,-0.217577263132414));
#2361=CARTESIAN_POINT('',(0.5575,-0.0122037767633675,-0.216380981549528));
#2362=CARTESIAN_POINT('',(0.55754808555006,-0.0121911834642009,-0.216173307747245));
#2363=CARTESIAN_POINT('',(0.557596171100121,-0.0121785901650342,-0.215965633944961));
#2364=CARTESIAN_POINT('',(0.557644256650181,-0.0121659968658675,-0.215757960142678));
#2365=CARTESIAN_POINT('',(0.282533051931748,-0.0178180621551543,-0.230973627071078));
#2366=CARTESIAN_POINT('',(0.298229547189006,-0.0176881727845139,-0.23077994670672));
#2367=CARTESIAN_POINT('',(0.344005508502849,-0.016641926717528,-0.230063730759696));
#2368=CARTESIAN_POINT('',(0.419798090884738,-0.0149613645887468,-0.230600100230416));
#2369=CARTESIAN_POINT('',(0.483235672645631,-0.010800385551074,-0.223189668992841));
#2370=CARTESIAN_POINT('',(0.555347454711814,-0.0122350994422173,-0.225602159342184));
#2371=CARTESIAN_POINT('',(0.557223008596618,-0.012132012109236,-0.217555456028894));
#2372=CARTESIAN_POINT('',(0.5575,-0.0121167876439382,-0.216367077672289));
#2373=CARTESIAN_POINT('',(0.55754808555006,-0.0121141446854229,-0.216160775865592));
#2374=CARTESIAN_POINT('',(0.557596171100121,-0.0121115017269077,-0.215954474058896));
#2375=CARTESIAN_POINT('',(0.557644256650181,-0.0121088587683924,-0.215748172252199));
#2376=CARTESIAN_POINT('',(0.282533051931748,-0.0163606530028508,-0.230670553801467));
#2377=CARTESIAN_POINT('',(0.298229547189006,-0.0162433108490672,-0.23048714015198));
#2378=CARTESIAN_POINT('',(0.344005508502849,-0.0152866234305173,-0.229808918600001));
#2379=CARTESIAN_POINT('',(0.419798090884738,-0.0137318026569965,-0.230399826702501));
#2380=CARTESIAN_POINT('',(0.483235672645631,-0.00997067637253677,-0.223063056250041));
#2381=CARTESIAN_POINT('',(0.555347454711814,-0.0111712281913175,-0.225453557420744));
#2382=CARTESIAN_POINT('',(0.557223008596618,-0.0118436692211681,-0.217512397531602));
#2383=CARTESIAN_POINT('',(0.5575,-0.0119429787563721,-0.216339606368417));
#2384=CARTESIAN_POINT('',(0.55754808555006,-0.0119602188351912,-0.216136010489631));
#2385=CARTESIAN_POINT('',(0.557596171100121,-0.0119774589140103,-0.215932414610846));
#2386=CARTESIAN_POINT('',(0.557644256650181,-0.0119946989928294,-0.215728818732061));
#2387=CARTESIAN_POINT('',(0.282533051931748,-0.0156325173059993,-0.230520472343912));
#2388=CARTESIAN_POINT('',(0.298229547189006,-0.0155214506918877,-0.23034217513565));
#2389=CARTESIAN_POINT('',(0.344005508502849,-0.0146095252644036,-0.229682850263365));
#2390=CARTESIAN_POINT('',(0.419798090884738,-0.0131175515605406,-0.230300885787481));
#2391=CARTESIAN_POINT('',(0.483235672645631,-0.00955619091115204,-0.223000551899719));
#2392=CARTESIAN_POINT('',(0.555347454711814,-0.0106397728860365,-0.225380276762618));
#2393=CARTESIAN_POINT('',(0.557223008596618,-0.0116996333646624,-0.217491146154308));
#2394=CARTESIAN_POINT('',(0.5575,-0.0118561589882355,-0.216326038941785));
#2395=CARTESIAN_POINT('',(0.55754808555006,-0.011883331747448,-0.216123776992463));
#2396=CARTESIAN_POINT('',(0.557596171100121,-0.0119105045066605,-0.215921515043141));
#2397=CARTESIAN_POINT('',(0.557644256650181,-0.0119376772658731,-0.215719253093819));
#2398=CARTESIAN_POINT('',(0.282533051931748,-0.0141787247887189,-0.230223417843369));
#2399=CARTESIAN_POINT('',(0.298229547189006,-0.01408020140509,-0.230055311030284));
#2400=CARTESIAN_POINT('',(0.344005508502848,-0.0132576834420476,-0.229433548809673));
#2401=CARTESIAN_POINT('',(0.419798090884738,-0.01189124161623,-0.23010551263435));
#2402=CARTESIAN_POINT('',(0.483235672645631,-0.00872873034847027,-0.222877218059794));
#2403=CARTESIAN_POINT('',(0.555347454711814,-0.00957880470250459,-0.225235835089517));
#2404=CARTESIAN_POINT('',(0.557223008596618,-0.0114121174580901,-0.217449222698813));
#2405=CARTESIAN_POINT('',(0.5575,-0.0116828704751707,-0.216299255901715));
#2406=CARTESIAN_POINT('',(0.55754808555006,-0.0117298730449178,-0.216099622319898));
#2407=CARTESIAN_POINT('',(0.557596171100121,-0.0117768756146649,-0.215899988738081));
#2408=CARTESIAN_POINT('',(0.557644256650181,-0.011823878184412,-0.215700355156265));
#2409=CARTESIAN_POINT('',(0.282533051931748,-0.0134530764961812,-0.230076434691921));
#2410=CARTESIAN_POINT('',(0.298229547189006,-0.0133608206982553,-0.229913401860131));
#2411=CARTESIAN_POINT('',(0.344005508502849,-0.012582947680959,-0.229310305995691));
#2412=CARTESIAN_POINT('',(0.419798090884738,-0.0112791895949199,-0.230009071413943));
#2413=CARTESIAN_POINT('',(0.483235672645631,-0.00831576149184163,-0.222816381002556));
#2414=CARTESIAN_POINT('',(0.555347454711814,-0.00904929674689284,-0.225164666494122));
#2415=CARTESIAN_POINT('',(0.557223008596618,-0.011268641378488,-0.217428546005895));
#2416=CARTESIAN_POINT('',(0.5575,-0.0115964055600851,-0.216286036111549));
#2417=CARTESIAN_POINT('',(0.55754808555006,-0.0116533052355614,-0.216087697043808));
#2418=CARTESIAN_POINT('',(0.557596171100121,-0.0117102049110377,-0.215889357976068));
#2419=CARTESIAN_POINT('',(0.557644256650181,-0.011767104586514,-0.215691018908327));
#2420=CARTESIAN_POINT('',(0.282533051931748,-0.0112818072684844,-0.229640509358661));
#2421=CARTESIAN_POINT('',(0.298229547189006,-0.0112083255434025,-0.229492621597596));
#2422=CARTESIAN_POINT('',(0.344005508502849,-0.0105640931384953,-0.228945131822137));
#2423=CARTESIAN_POINT('',(0.419798090884738,-0.00944797751861991,-0.229723743142857));
#2424=CARTESIAN_POINT('',(0.483235672645631,-0.00708023747688294,-0.22263653796484));
#2425=CARTESIAN_POINT('',(0.555347454711814,-0.0074651296356681,-0.224954505301455));
#2426=CARTESIAN_POINT('',(0.557223008596618,-0.0108394472522807,-0.217367451002597));
#2427=CARTESIAN_POINT('',(0.5575,-0.0113377837595147,-0.216246955966542));
#2428=CARTESIAN_POINT('',(0.55754808555006,-0.0114242946936913,-0.216052438665678));
#2429=CARTESIAN_POINT('',(0.557596171100121,-0.011510805627868,-0.215857921364813));
#2430=CARTESIAN_POINT('',(0.557644256650181,-0.0115973165620446,-0.215663404063949));
#2431=CARTESIAN_POINT('',(0.282533051931748,-0.00984158564160363,-0.229356919023671));
#2432=CARTESIAN_POINT('',(0.298229547189006,-0.00978058573084664,-0.22921902395978));
#2433=CARTESIAN_POINT('',(0.344005508502849,-0.00922507451003001,-0.228708065407704));
#2434=CARTESIAN_POINT('',(0.419798090884738,-0.00823353635537607,-0.229539142963962));
#2435=CARTESIAN_POINT('',(0.48323567264563,-0.00626090713349509,-0.222520401122624));
#2436=CARTESIAN_POINT('',(0.555347454711814,-0.00641463214717626,-0.224819125528968));
#2437=CARTESIAN_POINT('',(0.557223008596618,-0.0105548890427338,-0.217328055908963));
#2438=CARTESIAN_POINT('',(0.5575,-0.0111663433854506,-0.216221736381868));
#2439=CARTESIAN_POINT('',(0.55754808555006,-0.0112724915115199,-0.216029679941295));
#2440=CARTESIAN_POINT('',(0.557596171100121,-0.0113786396375892,-0.215837623500722));
#2441=CARTESIAN_POINT('',(0.557644256650181,-0.0114847877636584,-0.215645567060149));
#2442=CARTESIAN_POINT('',(0.282533051931748,-0.00804918123683927,-0.229021630556079));
#2443=CARTESIAN_POINT('',(0.298229547189006,-0.00800380445482627,-0.228896002009558));
#2444=CARTESIAN_POINT('',(0.344005508502849,-0.00755893607399917,-0.228429381147712));
#2445=CARTESIAN_POINT('',(0.419798090884738,-0.00672277224039921,-0.229324169977333));
#2446=CARTESIAN_POINT('',(0.48323567264563,-0.00524176407380123,-0.222385832710896));
#2447=CARTESIAN_POINT('',(0.555347454711814,-0.00510810995264465,-0.224663369360615));
#2448=CARTESIAN_POINT('',(0.557223008596618,-0.0102009622110689,-0.217282535399524));
#2449=CARTESIAN_POINT('',(0.5575,-0.0109531007157038,-0.216192496039111));
#2450=CARTESIAN_POINT('',(0.55754808555006,-0.0110836715322537,-0.216003265826213));
#2451=CARTESIAN_POINT('',(0.557596171100121,-0.0112142423488036,-0.215814035613315));
#2452=CARTESIAN_POINT('',(0.557644256650181,-0.0113448131653535,-0.215624805400418));
#2453=CARTESIAN_POINT('',(0.282533051931748,-0.0076910939873282,-0.228955532835117));
#2454=CARTESIAN_POINT('',(0.298229547189006,-0.00764884287410589,-0.228832346374366));
#2455=CARTESIAN_POINT('',(0.344005508502848,-0.0072260901292705,-0.228374526733616));
#2456=CARTESIAN_POINT('',(0.419798090884738,-0.00642098378435772,-0.229281964241858));
#2457=CARTESIAN_POINT('',(0.48323567264563,-0.00503818645533949,-0.222359449160602));
#2458=CARTESIAN_POINT('',(0.555347454711814,-0.00484713549704246,-0.224632891554306));
#2459=CARTESIAN_POINT('',(0.557223008596618,-0.0101302653912494,-0.217273617465517));
#2460=CARTESIAN_POINT('',(0.5575,-0.0109105050716461,-0.216186762177464));
#2461=CARTESIAN_POINT('',(0.55754808555006,-0.0110459542363229,-0.215998084717717));
#2462=CARTESIAN_POINT('',(0.557596171100121,-0.0111814034009997,-0.21580940725797));
#2463=CARTESIAN_POINT('',(0.557644256650181,-0.0113168525656765,-0.215620729798222));
#2464=CARTESIAN_POINT('',(0.282533051931748,-0.0069756757171737,-0.22882551774478));
#2465=CARTESIAN_POINT('',(0.298229547189006,-0.00693967961895744,-0.228707190661825));
#2466=CARTESIAN_POINT('',(0.344005508502848,-0.00656113745851198,-0.228266824530349));
#2467=CARTESIAN_POINT('',(0.419798090884738,-0.0058181188244213,-0.229199349342138));
#2468=CARTESIAN_POINT('',(0.48323567264563,-0.00463152269169456,-0.222307889936513));
#2469=CARTESIAN_POINT('',(0.555347454711814,-0.00432583610913006,-0.224573471769806));
#2470=CARTESIAN_POINT('',(0.557223008596618,-0.00998904401764628,-0.21725620530131));
#2471=CARTESIAN_POINT('',(0.5575,-0.0108254155657708,-0.216175553913765));
#2472=CARTESIAN_POINT('',(0.55754808555006,-0.0109706091907544,-0.215987953447617));
#2473=CARTESIAN_POINT('',(0.557596171100121,-0.0111158028157381,-0.215800352981468));
#2474=CARTESIAN_POINT('',(0.557644256650181,-0.0112609964407218,-0.21561275251532));
#2475=CARTESIAN_POINT('',(0.282533051931748,-0.00661833837601021,-0.228761626737501));
#2476=CARTESIAN_POINT('',(0.298229547189006,-0.00658547181847405,-0.228645716717734));
#2477=CARTESIAN_POINT('',(0.344005508502848,-0.00622902534088796,-0.228214001273259));
#2478=CARTESIAN_POINT('',(0.419798090884738,-0.00551703790288298,-0.229158962838808));
#2479=CARTESIAN_POINT('',(0.483235672645631,-0.00442843395104645,-0.22228272837738));
#2480=CARTESIAN_POINT('',(0.555347454711814,-0.00406550750908675,-0.224544550751647));
#2481=CARTESIAN_POINT('',(0.557223008596618,-0.0099185186072898,-0.217247715603188));
#2482=CARTESIAN_POINT('',(0.5575,-0.0107829212625468,-0.216170081617624));
#2483=CARTESIAN_POINT('',(0.55754808555006,-0.0109329810717832,-0.215983004970744));
#2484=CARTESIAN_POINT('',(0.557596171100121,-0.0110830408810195,-0.215795928323863));
#2485=CARTESIAN_POINT('',(0.557644256650181,-0.0112331006902559,-0.215608851676983));
#2486=CARTESIAN_POINT('',(0.282533051931748,-0.00554748700061094,-0.228573310968451));
#2487=CARTESIAN_POINT('',(0.298229547189006,-0.00552401479358475,-0.2284646137776));
#2488=CARTESIAN_POINT('',(0.344005508502849,-0.00523382393927172,-0.22805861974539));
#2489=CARTESIAN_POINT('',(0.419798090884738,-0.00461488843334447,-0.229040566019239));
#2490=CARTESIAN_POINT('',(0.483235672645631,-0.00381992353956237,-0.222209094878629));
#2491=CARTESIAN_POINT('',(0.555347454711814,-0.00328551878616302,-0.224460145573401));
#2492=CARTESIAN_POINT('',(0.557223008596618,-0.00970720847034573,-0.21722288196033));
#2493=CARTESIAN_POINT('',(0.5575,-0.0106555964916752,-0.216154045804209));
#2494=CARTESIAN_POINT('',(0.55754808555006,-0.0108202361126866,-0.215968496455515));
#2495=CARTESIAN_POINT('',(0.557596171100121,-0.0109848757336979,-0.215782947106821));
#2496=CARTESIAN_POINT('',(0.557644256650181,-0.0111495153547093,-0.215597397758127));
#2497=CARTESIAN_POINT('',(0.282533051931748,-0.00483514736759534,-0.228452186090229));
#2498=CARTESIAN_POINT('',(0.298229547189006,-0.00481794526259658,-0.228348246851441));
#2499=CARTESIAN_POINT('',(0.344005508502849,-0.00457188121178522,-0.227959096846855));
#2500=CARTESIAN_POINT('',(0.419798090884738,-0.00401492238121524,-0.228965271367057));
#2501=CARTESIAN_POINT('',(0.483235672645631,-0.00341526315594193,-0.222162443766342));
#2502=CARTESIAN_POINT('',(0.555347454711814,-0.00276686264779828,-0.224406980608602));
#2503=CARTESIAN_POINT('',(0.557223008596618,-0.00956669095787342,-0.217207167386803));
#2504=CARTESIAN_POINT('',(0.5575,-0.0105709244281167,-0.216143862096268));
#2505=CARTESIAN_POINT('',(0.55754808555006,-0.0107452587872918,-0.215959272902694));
#2506=CARTESIAN_POINT('',(0.557596171100121,-0.0109195931464668,-0.215774683709119));
#2507=CARTESIAN_POINT('',(0.557644256650181,-0.0110939275056419,-0.215590094515544));
#2508=CARTESIAN_POINT('',(0.282533051931748,-0.00341402706393478,-0.228218001695171));
#2509=CARTESIAN_POINT('',(0.298229547189006,-0.00340937137849459,-0.228123482424988));
#2510=CARTESIAN_POINT('',(0.344005508502849,-0.00325143535001017,-0.22776745728545));
#2511=CARTESIAN_POINT('',(0.419798090884738,-0.00281825946694975,-0.22882129336029));
#2512=CARTESIAN_POINT('',(0.483235672645631,-0.00260818743091268,-0.222073569554695));
#2513=CARTESIAN_POINT('',(0.555347454711814,-0.00173249810617531,-0.224306283850625));
#2514=CARTESIAN_POINT('',(0.557223008596618,-0.00928643761517683,-0.217177265387064));
#2515=CARTESIAN_POINT('',(0.5575,-0.0104020420894681,-0.216124415429001));
#2516=CARTESIAN_POINT('',(0.55754808555006,-0.0105957103915924,-0.215941641275197));
#2517=CARTESIAN_POINT('',(0.557596171100121,-0.0107893786937167,-0.215758867121392));
#2518=CARTESIAN_POINT('',(0.557644256650181,-0.010983046995841,-0.215576092967587));
#2519=CARTESIAN_POINT('',(0.282533051931748,-0.00270524639328982,-0.228104942178336));
#2520=CARTESIAN_POINT('',(0.298229547189006,-0.00270686702538077,-0.228015084924695));
#2521=CARTESIAN_POINT('',(0.344005508502849,-0.00259293221572163,-0.227675340622578));
#2522=CARTESIAN_POINT('',(0.419798090884738,-0.00222156260481349,-0.228752610005705));
#2523=CARTESIAN_POINT('',(0.48323567264563,-0.00220577208950388,-0.222031346455335));
#2524=CARTESIAN_POINT('',(0.555347454711814,-0.00121678970291706,-0.224258752057447));
#2525=CARTESIAN_POINT('',(0.557223008596618,-0.00914670178495255,-0.217163077960851));
#2526=CARTESIAN_POINT('',(0.5575,-0.010317831814378,-0.216115152469676));
#2527=CARTESIAN_POINT('',(0.55754808555006,-0.0105211393212879,-0.215933233200521));
#2528=CARTESIAN_POINT('',(0.557596171100121,-0.0107244468281977,-0.215751313931367));
#2529=CARTESIAN_POINT('',(0.557644256650181,-0.0109277543351076,-0.215569394662212));
#2530=CARTESIAN_POINT('',(0.282533051931748,-0.00129168040890641,-0.227886115931822));
#2531=CARTESIAN_POINT('',(0.298229547189006,-0.00130585170369218,-0.227805492041311));
#2532=CARTESIAN_POINT('',(0.344005508502849,-0.00127975538635829,-0.22749779019474));
#2533=CARTESIAN_POINT('',(0.419798090884738,-0.0010317734054005,-0.228621192770007));
#2534=CARTESIAN_POINT('',(0.48323567264563,-0.00140340504303817,-0.221950880508707));
#2535=CARTESIAN_POINT('',(0.555347454711814,-0.000188595679444568,-0.224168744506269));
#2536=CARTESIAN_POINT('',(0.557223008596618,-0.00886808166468583,-0.217136075026296));
#2537=CARTESIAN_POINT('',(0.5575,-0.0101499126070895,-0.216097454379583));
#2538=CARTESIAN_POINT('',(0.55754808555006,-0.01037243772952,-0.215917150426134));
#2539=CARTESIAN_POINT('',(0.557596171100121,-0.0105949628519505,-0.215736846472685));
#2540=CARTESIAN_POINT('',(0.557644256650181,-0.0108174879743811,-0.215556542519236));
#2541=CARTESIAN_POINT('',(0.282533051931748,-0.000586871556265378,-0.227780310981627));
#2542=CARTESIAN_POINT('',(0.298229547189006,-0.00060731722135568,-0.227704258921637));
#2543=CARTESIAN_POINT('',(0.344005508502848,-0.00062505912594667,-0.227412321402603));
#2544=CARTESIAN_POINT('',(0.419798090884738,-0.000438659728027284,-0.228558427579493));
#2545=CARTESIAN_POINT('',(0.483235672645631,-0.00100343861281918,-0.221912616912286));
#2546=CARTESIAN_POINT('',(0.555347454711813,0.000323909385484445,-0.224126241689658));
#2547=CARTESIAN_POINT('',(0.557223008596618,-0.00872919154308786,-0.217123252116495));
#2548=CARTESIAN_POINT('',(0.5575,-0.0100661998537965,-0.216089014750426));
#2549=CARTESIAN_POINT('',(0.55754808555006,-0.0102983037359771,-0.215909471732003));
#2550=CARTESIAN_POINT('',(0.557596171100121,-0.0105304076181577,-0.215729928713581));
#2551=CARTESIAN_POINT('',(0.557644256650181,-0.0107625115003383,-0.215550385695158));
#2552=CARTESIAN_POINT('',(0.282533051931748,0.00152066587635,-0.227473068508514));
#2553=CARTESIAN_POINT('',(0.298229547189006,0.00148141250477481,-0.227410598997671));
#2554=CARTESIAN_POINT('',(0.344005508502848,0.00133246869251272,-0.227165214490283));
#2555=CARTESIAN_POINT('',(0.419798090884738,0.00133455283493064,-0.228378385195702));
#2556=CARTESIAN_POINT('',(0.483235672645631,0.000192279303600378,-0.221803345437333));
#2557=CARTESIAN_POINT('',(0.555347454711814,0.00185598254402829,-0.224005726753302));
#2558=CARTESIAN_POINT('',(0.557223008596618,-0.00831397219217636,-0.217086695376166));
#2559=CARTESIAN_POINT('',(0.5575,-0.00981592319317787,-0.21606485738648));
#2560=CARTESIAN_POINT('',(0.55754808555006,-0.0100766610325655,-0.215887466892744));
#2561=CARTESIAN_POINT('',(0.557596171100121,-0.0103373988719531,-0.215710076399008));
#2562=CARTESIAN_POINT('',(0.557644256650181,-0.0105981367113407,-0.215532685905272));
#2563=CARTESIAN_POINT('',(0.282533051931748,0.0029164389696087,-0.227281911136637));
#2564=CARTESIAN_POINT('',(0.298229547189006,0.00286466777966807,-0.227228317975616));
#2565=CARTESIAN_POINT('',(0.344005508502848,0.0026286759901108,-0.227012974093638));
#2566=CARTESIAN_POINT('',(0.419798090884738,0.00250846382425955,-0.228269448082943));
#2567=CARTESIAN_POINT('',(0.483235672645631,0.000983809992904231,-0.221737913153411));
#2568=CARTESIAN_POINT('',(0.555347454711813,0.00287005510712532,-0.223934781364893));
#2569=CARTESIAN_POINT('',(0.557223008596618,-0.00803910644792653,-0.217064889555067));
#2570=CARTESIAN_POINT('',(0.5575,-0.00965022729779298,-0.216050308748348));
#2571=CARTESIAN_POINT('',(0.55754808555006,-0.00992991696084218,-0.215874178097448));
#2572=CARTESIAN_POINT('',(0.557596171100121,-0.0102096066238914,-0.215698047446547));
#2573=CARTESIAN_POINT('',(0.557644256650181,-0.0104892962869406,-0.215521916795646));
#2574=CARTESIAN_POINT('',(0.282533051931748,0.0056833421708046,-0.226925057435883));
#2575=CARTESIAN_POINT('',(0.298229547189006,0.00560664520138694,-0.226888846912706));
#2576=CARTESIAN_POINT('',(0.344005508502849,0.00519781352509451,-0.226731637632409));
#2577=CARTESIAN_POINT('',(0.419798090884738,0.00483475660201608,-0.228071960969581));
#2578=CARTESIAN_POINT('',(0.48323567264563,0.00255223295181722,-0.2216206369889));
#2579=CARTESIAN_POINT('',(0.555347454711814,0.00487924485770455,-0.223810040910287));
#2580=CARTESIAN_POINT('',(0.557223008596618,-0.0074944661927111,-0.217025976605554));
#2581=CARTESIAN_POINT('',(0.5575,-0.00932187921276264,-0.216024071244355));
#2582=CARTESIAN_POINT('',(0.55754808555006,-0.00963911707351797,-0.215850141043585));
#2583=CARTESIAN_POINT('',(0.557596171100121,-0.00995635493427329,-0.215676210842816));
#2584=CARTESIAN_POINT('',(0.557644256650181,-0.0102735927950286,-0.215502280642047));
#2585=CARTESIAN_POINT('',(0.282533051931748,0.00705447640771124,-0.226759408745789));
#2586=CARTESIAN_POINT('',(0.298229547189006,0.00696537118954674,-0.22673170399478));
#2587=CARTESIAN_POINT('',(0.344005508502849,0.00647074665935954,-0.226602585213612));
#2588=CARTESIAN_POINT('',(0.419798090884738,0.00598713982898666,-0.227983449956842));
#2589=CARTESIAN_POINT('',(0.483235672645631,0.00332912613867733,-0.221568816169782));
#2590=CARTESIAN_POINT('',(0.555347454711814,0.00587436199827437,-0.223756279258384));
#2591=CARTESIAN_POINT('',(0.557223008596618,-0.00722469162385329,-0.217008872237307));
#2592=CARTESIAN_POINT('',(0.5575,-0.00915922694974692,-0.216012380611499));
#2593=CARTESIAN_POINT('',(0.55754808555006,-0.0094950611818598,-0.215839390232115));
#2594=CARTESIAN_POINT('',(0.557596171100121,-0.00983089541397269,-0.21566639985273));
#2595=CARTESIAN_POINT('',(0.557644256650181,-0.0101667296460856,-0.215493409473345));
#2596=CARTESIAN_POINT('',(0.282533051931748,0.00908795573353672,-0.226527054962356));
#2597=CARTESIAN_POINT('',(0.298229547189006,0.00898038129649734,-0.226511836093635));
#2598=CARTESIAN_POINT('',(0.344005508502849,0.00835835124424976,-0.226423522781055));
#2599=CARTESIAN_POINT('',(0.419798090884738,0.00769571316288332,-0.227863310336846));
#2600=CARTESIAN_POINT('',(0.483235672645631,0.00448090901920825,-0.221499453074381));
#2601=CARTESIAN_POINT('',(0.555347454711814,0.00734954967711072,-0.223686125695276));
#2602=CARTESIAN_POINT('',(0.557223008596618,-0.00682474121031766,-0.216986096694023));
#2603=CARTESIAN_POINT('',(0.5575,-0.00891807308239289,-0.21599660209683));
#2604=CARTESIAN_POINT('',(0.55754808555006,-0.00928147430459134,-0.215824826397632));
#2605=CARTESIAN_POINT('',(0.557596171100121,-0.00964487552678978,-0.215653050698434));
#2606=CARTESIAN_POINT('',(0.557644256650181,-0.0100082767489882,-0.215481274999237));
#2607=CARTESIAN_POINT('',(0.282533051931748,0.00976191702376531,-0.226452291470596));
#2608=CARTESIAN_POINT('',(0.298229547189006,0.00964820998844486,-0.226441189117168));
#2609=CARTESIAN_POINT('',(0.344005508502849,0.00898392507515789,-0.22636625592493));
#2610=CARTESIAN_POINT('',(0.419798090884738,0.00826190839889792,-0.227825369591015));
#2611=CARTESIAN_POINT('',(0.483235672645631,0.00486258027867883,-0.221477727663766));
#2612=CARTESIAN_POINT('',(0.555347454711814,0.00783836804109787,-0.223664490717853));
#2613=CARTESIAN_POINT('',(0.557223008596618,-0.00669220822232842,-0.216978985560142));
#2614=CARTESIAN_POINT('',(0.5575,-0.00883815814345133,-0.215991635918547));
#2615=CARTESIAN_POINT('',(0.55754808555006,-0.00921069382903263,-0.215820232582421));
#2616=CARTESIAN_POINT('',(0.557596171100121,-0.00958322951461393,-0.215648829246295));
#2617=CARTESIAN_POINT('',(0.557644256650181,-0.00995576520019522,-0.215477425910169));
#2618=CARTESIAN_POINT('',(0.282533051931748,0.0111012823816017,-0.226307617721598));
#2619=CARTESIAN_POINT('',(0.298229547189006,0.0109753683436806,-0.226304658379799));
#2620=CARTESIAN_POINT('',(0.344005508502849,0.0102270604277295,-0.226256064925873));
#2621=CARTESIAN_POINT('',(0.419798090884738,0.00938696766100806,-0.22775323275143));
#2622=CARTESIAN_POINT('',(0.483235672645631,0.00562095833616359,-0.221436748607224));
#2623=CARTESIAN_POINT('',(0.555347454711814,0.00880961217254265,-0.223624304097691));
#2624=CARTESIAN_POINT('',(0.557223008596618,-0.00642886897935795,-0.216965612616929));
#2625=CARTESIAN_POINT('',(0.5575,-0.00867936591995507,-0.215982222956473));
#2626=CARTESIAN_POINT('',(0.55754808555006,-0.00907005090864542,-0.21581150707082));
#2627=CARTESIAN_POINT('',(0.557596171100121,-0.00946073589733578,-0.215640791185166));
#2628=CARTESIAN_POINT('',(0.557644256650181,-0.00985142088602613,-0.215470075299513));
#2629=CARTESIAN_POINT('',(0.282533051931748,0.0117666737696874,-0.226237703041383));
#2630=CARTESIAN_POINT('',(0.298229547189006,0.0116346854712603,-0.226238770174684));
#2631=CARTESIAN_POINT('',(0.344005508502849,0.0108446102706911,-0.226203136457897));
#2632=CARTESIAN_POINT('',(0.419798090884738,0.00994582117072302,-0.227719032471198));
#2633=CARTESIAN_POINT('',(0.483235672645631,0.00599765817106435,-0.221417492112989));
#2634=CARTESIAN_POINT('',(0.555347454711814,0.00929202876726634,-0.223605748568577));
#2635=CARTESIAN_POINT('',(0.557223008596618,-0.00629806519304259,-0.216959349801274));
#2636=CARTESIAN_POINT('',(0.5575,-0.00860049011397514,-0.2159777755917));
#2637=CARTESIAN_POINT('',(0.55754808555006,-0.00900018977051244,-0.215807374867287));
#2638=CARTESIAN_POINT('',(0.557596171100121,-0.00939988942704974,-0.215636974142874));
#2639=CARTESIAN_POINT('',(0.557644256650181,-0.00979958908358704,-0.215466573418461));
#2640=CARTESIAN_POINT('',(0.282533051931748,0.0130879095544105,-0.226102147804535));
#2641=CARTESIAN_POINT('',(0.298229547189006,0.0129438433950815,-0.226111178482042));
#2642=CARTESIAN_POINT('',(0.344005508502849,0.0120707911004222,-0.226101068281546));
#2643=CARTESIAN_POINT('',(0.419798090884738,0.0110553902984928,-0.227653856347038));
#2644=CARTESIAN_POINT('',(0.483235672645631,0.00674555338628395,-0.221381095229189));
#2645=CARTESIAN_POINT('',(0.555347454711814,0.0102497836608896,-0.223571256552997));
#2646=CARTESIAN_POINT('',(0.557223008596618,-0.00603837209305615,-0.216947549697735));
#2647=CARTESIAN_POINT('',(0.5575,-0.00844389035480577,-0.215969326745947));
#2648=CARTESIAN_POINT('',(0.55754808555006,-0.00886148695666417,-0.21579950779798));
#2649=CARTESIAN_POINT('',(0.557596171100121,-0.00927908355852257,-0.215629688850013));
#2650=CARTESIAN_POINT('',(0.557644256650181,-0.00969668016038097,-0.215459869902046));
#2651=CARTESIAN_POINT('',(0.282533051931748,0.0137437539510479,-0.226036507247902));
#2652=CARTESIAN_POINT('',(0.298229547189006,0.013593684191323,-0.226049474994514));
#2653=CARTESIAN_POINT('',(0.344005508502849,0.0126794220871917,-0.226051928573171));
#2654=CARTESIAN_POINT('',(0.419798090884738,0.0116061059165476,-0.227622880503111));
#2655=CARTESIAN_POINT('',(0.483235672645631,0.00711674876660279,-0.221363954839624));
#2656=CARTESIAN_POINT('',(0.555347454711814,0.0107251219597891,-0.22355532006653));
#2657=CARTESIAN_POINT('',(0.557223008596618,-0.00590948277938508,-0.216942012409851));
#2658=CARTESIAN_POINT('',(0.5575,-0.00836616640161633,-0.215965325264969));
#2659=CARTESIAN_POINT('',(0.55754808555006,-0.00879264528094888,-0.215795772932207));
#2660=CARTESIAN_POINT('',(0.557596171100121,-0.00921912416028143,-0.215626220599445));
#2661=CARTESIAN_POINT('',(0.557644256650181,-0.00964560303961397,-0.215456668266683));
#2662=CARTESIAN_POINT('',(0.282533051931748,0.0150449313430913,-0.225908929993233));
#2663=CARTESIAN_POINT('',(0.298229547189006,0.0148829372212057,-0.225929683127492));
#2664=CARTESIAN_POINT('',(0.344005508502849,0.0138868820149949,-0.225956892612524));
#2665=CARTESIAN_POINT('',(0.419798090884738,0.0126986136120172,-0.227563641408744));
#2666=CARTESIAN_POINT('',(0.483235672645631,0.0078531090057598,-0.221331440201763));
#2667=CARTESIAN_POINT('',(0.555347454711814,0.0116680529079374,-0.223525609616956));
#2668=CARTESIAN_POINT('',(0.557223008596618,-0.00565380142699173,-0.216931541577714));
#2669=CARTESIAN_POINT('',(0.5575,-0.00821198158928204,-0.215957695838072));
#2670=CARTESIAN_POINT('',(0.55754808555006,-0.00865608021023244,-0.215788636771643));
#2671=CARTESIAN_POINT('',(0.557596171100121,-0.00910017883118283,-0.215619577705214));
#2672=CARTESIAN_POINT('',(0.557644256650181,-0.00954427745213323,-0.215450518638785));
#2673=CARTESIAN_POINT('',(0.282533051931748,0.0156902804986669,-0.22584700420893));
#2674=CARTESIAN_POINT('',(0.298229547189006,0.0155223653971365,-0.225871605633146));
#2675=CARTESIAN_POINT('',(0.344005508502849,0.0144857256905526,-0.225911006730729));
#2676=CARTESIAN_POINT('',(0.419798090884738,0.0132404188163688,-0.227535387885643));
#2677=CARTESIAN_POINT('',(0.483235672645631,0.00821828216253491,-0.221316072245546));
#2678=CARTESIAN_POINT('',(0.555347454711814,0.0121356569603919,-0.223511844491633));
#2679=CARTESIAN_POINT('',(0.557223008596618,-0.00552700695995031,-0.216926609897954));
#2680=CARTESIAN_POINT('',(0.5575,-0.00813551962727527,-0.215954068726793));
#2681=CARTESIAN_POINT('',(0.55754808555006,-0.00858835594246799,-0.215785236132711));
#2682=CARTESIAN_POINT('',(0.557596171100121,-0.00904119225766071,-0.215616403538628));
#2683=CARTESIAN_POINT('',(0.557644256650181,-0.00949402857285343,-0.215447570944545));
#2684=CARTESIAN_POINT('',(0.282533051931748,0.0169693320774644,-0.225726170794929));
#2685=CARTESIAN_POINT('',(0.298229547189006,0.0167896722171926,-0.225758380923416));
#2686=CARTESIAN_POINT('',(0.344005508502849,0.0156725711638424,-0.225821822888183));
#2687=CARTESIAN_POINT('',(0.419798090884738,0.0143141804512809,-0.227480978149819));
#2688=CARTESIAN_POINT('',(0.483235672645631,0.00894197713850324,-0.221286680815039));
#2689=CARTESIAN_POINT('',(0.555347454711814,0.0130623328672692,-0.223485927529061));
#2690=CARTESIAN_POINT('',(0.557223008596618,-0.00527573406969429,-0.216917200955605));
#2691=CARTESIAN_POINT('',(0.5575,-0.00798399371359944,-0.215947097773417));
#2692=CARTESIAN_POINT('',(0.55754808555006,-0.00845414604718532,-0.215778688412833));
#2693=CARTESIAN_POINT('',(0.557596171100121,-0.00892429838077119,-0.215610279052249));
#2694=CARTESIAN_POINT('',(0.557644256650181,-0.00939445071435707,-0.215441869691665));
#2695=CARTESIAN_POINT('',(0.282533051931748,0.0176030295810158,-0.225667259842706));
#2696=CARTESIAN_POINT('',(0.298229547189006,0.0174175460113175,-0.225703230396387));
#2697=CARTESIAN_POINT('',(0.344005508502849,0.0162605685094657,-0.22577852179276));
#2698=CARTESIAN_POINT('',(0.419798090884738,0.0148461330204534,-0.227454819077062));
#2699=CARTESIAN_POINT('',(0.483235672645631,0.00930049647142657,-0.221272655450467));
#2700=CARTESIAN_POINT('',(0.555347454711814,0.0135214016399225,-0.223473773308071));
#2701=CARTESIAN_POINT('',(0.557223008596618,-0.00515125615307476,-0.216912723303004));
#2702=CARTESIAN_POINT('',(0.5575,-0.0079089298882105,-0.21594375383575));
#2703=CARTESIAN_POINT('',(0.55754808555006,-0.00838766047992476,-0.215775541287434));
#2704=CARTESIAN_POINT('',(0.557596171100121,-0.00886639107163902,-0.215607328739118));
#2705=CARTESIAN_POINT('',(0.557644256650181,-0.00934512166335328,-0.215439116190802));
#2706=CARTESIAN_POINT('',(0.282533051931748,0.0188575678507953,-0.225551719957681));
#2707=CARTESIAN_POINT('',(0.298229547189006,0.0186605494619714,-0.225595124512968));
#2708=CARTESIAN_POINT('',(0.344005508502849,0.0174246137133564,-0.225693804273723));
#2709=CARTESIAN_POINT('',(0.419798090884738,0.0158992047506386,-0.227403938953568));
#2710=CARTESIAN_POINT('',(0.483235672645631,0.0100102249646192,-0.221245498669795));
#2711=CARTESIAN_POINT('',(0.555347454711814,0.0144301713958799,-0.223450490950379));
#2712=CARTESIAN_POINT('',(0.557223008596618,-0.00490484427075743,-0.21690406606298));
#2713=CARTESIAN_POINT('',(0.5575,-0.00776033840894702,-0.215937256508006));
#2714=CARTESIAN_POINT('',(0.55754808555006,-0.0082560505669862,-0.215769418919233));
#2715=CARTESIAN_POINT('',(0.557596171100121,-0.00875176272502537,-0.21560158133046));
#2716=CARTESIAN_POINT('',(0.557644256650181,-0.00924747488306455,-0.215433743741687));
#2717=CARTESIAN_POINT('',(0.282533051931748,0.0194784239676135,-0.225495098602882));
#2718=CARTESIAN_POINT('',(0.298229547189006,0.0192756942933597,-0.225542176743994));
#2719=CARTESIAN_POINT('',(0.344005508502848,0.0180006757398343,-0.225652395183965));
#2720=CARTESIAN_POINT('',(0.419798090884738,0.0164203366773525,-0.227379224915442));
#2721=CARTESIAN_POINT('',(0.483235672645631,0.0103614429703899,-0.221232372215436));
#2722=CARTESIAN_POINT('',(0.555347454711814,0.0148798834792464,-0.223439369265551));
#2723=CARTESIAN_POINT('',(0.557223008596618,-0.00478290653033991,-0.216899888616596));
#2724=CARTESIAN_POINT('',(0.5575,-0.00768680806219688,-0.215934104622321));
#2725=CARTESIAN_POINT('',(0.55754808555006,-0.00819092371624012,-0.215766445070302));
#2726=CARTESIAN_POINT('',(0.557596171100121,-0.00869503937028336,-0.215598785518283));
#2727=CARTESIAN_POINT('',(0.557644256650181,-0.00919915502432661,-0.215431125966264));
#2728=CARTESIAN_POINT('',(0.282533051931748,0.0213197905319539,-0.225327505852641));
#2729=CARTESIAN_POINT('',(0.298229547189006,0.0211001200955452,-0.225385475900047));
#2730=CARTESIAN_POINT('',(0.344005508502848,0.0197091819115201,-0.22552989374815));
#2731=CARTESIAN_POINT('',(0.419798090884738,0.017965920280651,-0.227306206360755));
#2732=CARTESIAN_POINT('',(0.483235672645631,0.0114030818113553,-0.221193624903984));
#2733=CARTESIAN_POINT('',(0.555347454711814,0.0162136411710626,-0.223406621497132));
#2734=CARTESIAN_POINT('',(0.557223008596618,-0.00442128073147343,-0.216887552359149));
#2735=CARTESIAN_POINT('',(0.5575,-0.00746875168006766,-0.215924782841352));
#2736=CARTESIAN_POINT('',(0.55754808555006,-0.0079977909031869,-0.215757646600735));
#2737=CARTESIAN_POINT('',(0.557596171100121,-0.00852683012630613,-0.215590510360118));
#2738=CARTESIAN_POINT('',(0.557644256650181,-0.00905586934942536,-0.215423374119501));
#2739=CARTESIAN_POINT('',(0.282533051931748,0.0225189844593839,-0.225218749334944));
#2740=CARTESIAN_POINT('',(0.298229547189006,0.0222882790620864,-0.22528380883573));
#2741=CARTESIAN_POINT('',(0.344005508502849,0.0208218410144964,-0.225450472996816));
#2742=CARTESIAN_POINT('',(0.419798090884738,0.0189724654852881,-0.227258973779863));
#2743=CARTESIAN_POINT('',(0.483235672645631,0.0120814271195262,-0.221168602398183));
#2744=CARTESIAN_POINT('',(0.555347454711813,0.0170822257064289,-0.223385565051735));
#2745=CARTESIAN_POINT('',(0.557223008596618,-0.00418579895846205,-0.216879579152842));
#2746=CARTESIAN_POINT('',(0.5575,-0.00732676976544509,-0.2159187418348));
#2747=CARTESIAN_POINT('',(0.55754808555006,-0.00787204051079314,-0.215751941022961));
#2748=CARTESIAN_POINT('',(0.557596171100121,-0.00841731125614119,-0.215585140211122));
#2749=CARTESIAN_POINT('',(0.557644256650181,-0.00896258200148924,-0.215418339399283));
#2750=CARTESIAN_POINT('',(0.282533051931748,0.0248478492448381,-0.224999786086758));
#2751=CARTESIAN_POINT('',(0.298229547189006,0.0245957519661879,-0.225078687980897));
#2752=CARTESIAN_POINT('',(0.344005508502849,0.022982785184094,-0.225289049574191));
#2753=CARTESIAN_POINT('',(0.419798090884738,0.0209274735398038,-0.227160755661775));
#2754=CARTESIAN_POINT('',(0.483235672645631,0.0133989884804867,-0.221115622514122));
#2755=CARTESIAN_POINT('',(0.555347454711814,0.0187693956316621,-0.223339075322808));
#2756=CARTESIAN_POINT('',(0.557223008596618,-0.00372846420493662,-0.216862542196027));
#2757=CARTESIAN_POINT('',(0.5575,-0.0070510633686947,-0.215906054614213));
#2758=CARTESIAN_POINT('',(0.55754808555006,-0.00762786469345944,-0.215740008914109));
#2759=CARTESIAN_POINT('',(0.557596171100121,-0.00820466601822417,-0.215573963214005));
#2760=CARTESIAN_POINT('',(0.557644256650181,-0.0087814673429889,-0.215407917513901));
#2761=CARTESIAN_POINT('',(0.282533051931748,0.0259774563954382,-0.22488953996428));
#2762=CARTESIAN_POINT('',(0.298229547189006,0.02571500281351,-0.224975194738049));
#2763=CARTESIAN_POINT('',(0.344005508502849,0.0240310103349741,-0.225207008296962));
#2764=CARTESIAN_POINT('',(0.419798090884738,0.0218758802575322,-0.227109731883285));
#2765=CARTESIAN_POINT('',(0.483235672645631,0.0140381626598351,-0.221087636341292));
#2766=CARTESIAN_POINT('',(0.555347454711814,0.0195879277389881,-0.223313603517559));
#2767=CARTESIAN_POINT('',(0.557223008596618,-0.00350663840912219,-0.216853459496029));
#2768=CARTESIAN_POINT('',(0.5575,-0.00691736221700362,-0.215899392341216));
#2769=CARTESIAN_POINT('',(0.55754808555006,-0.00750946192985838,-0.215733766825862));
#2770=CARTESIAN_POINT('',(0.557596171100121,-0.00810156164271315,-0.215568141310509));
#2771=CARTESIAN_POINT('',(0.557644256650181,-0.00869366135556791,-0.215402515795155));
#2772=CARTESIAN_POINT('',(0.282533051931748,0.028148738565144,-0.22465670797009));
#2773=CARTESIAN_POINT('',(0.298229547189006,0.0278664826796614,-0.224755544263711));
#2774=CARTESIAN_POINT('',(0.344005508502849,0.0260462260557399,-0.225029928821699));
#2775=CARTESIAN_POINT('',(0.419798090884738,0.023699609203095,-0.226994151405226));
#2776=CARTESIAN_POINT('',(0.483235672645631,0.0152673328967923,-0.221022035600469));
#2777=CARTESIAN_POINT('',(0.555347454711814,0.0211622416969782,-0.223249551834948));
#2778=CARTESIAN_POINT('',(0.557223008596618,-0.00308012122986656,-0.216831854794106));
#2779=CARTESIAN_POINT('',(0.5575,-0.00666035754448802,-0.215884056426794));
#2780=CARTESIAN_POINT('',(0.55754808555006,-0.0072818845320855,-0.215719519169384));
#2781=CARTESIAN_POINT('',(0.557596171100121,-0.00790341151968298,-0.215554981911975));
#2782=CARTESIAN_POINT('',(0.557644256650181,-0.00852493850728046,-0.215390444654565));
#2783=CARTESIAN_POINT('',(0.282533051931748,0.0291906452847809,-0.224534213430374));
#2784=CARTESIAN_POINT('',(0.298229547189006,0.0288989403367023,-0.224639478510465));
#2785=CARTESIAN_POINT('',(0.344005508502849,0.0270134269418932,-0.224934978312989));
#2786=CARTESIAN_POINT('',(0.419798090884738,0.0245751168868187,-0.226929677158588));
#2787=CARTESIAN_POINT('',(0.483235672645631,0.0158574388866109,-0.220984472232583));
#2788=CARTESIAN_POINT('',(0.555347454711814,0.0219181801079219,-0.223211044589447));
#2789=CARTESIAN_POINT('',(0.557223008596618,-0.00287541620749495,-0.216819339541051));
#2790=CARTESIAN_POINT('',(0.5575,-0.00653706149208987,-0.215875379804301));
#2791=CARTESIAN_POINT('',(0.55754808555006,-0.00717272103056517,-0.215711508930974));
#2792=CARTESIAN_POINT('',(0.557596171100121,-0.00780838056904048,-0.215547638057646));
#2793=CARTESIAN_POINT('',(0.557644256650181,-0.00844404010751578,-0.215383767184319));
#2794=CARTESIAN_POINT('',(0.282533051931748,0.0306666834935019,-0.224330285595993));
#2795=CARTESIAN_POINT('',(0.298229547189006,0.0303617436518538,-0.224444950821819));
#2796=CARTESIAN_POINT('',(0.344005508502848,0.0283841584716943,-0.224772306728054));
#2797=CARTESIAN_POINT('',(0.419798090884738,0.0258165012372713,-0.226812911223558));
#2798=CARTESIAN_POINT('',(0.48323567264563,0.0166942646784856,-0.220914105896748));
#2799=CARTESIAN_POINT('',(0.555347454711815,0.0229904995869462,-0.223134576949697));
#2800=CARTESIAN_POINT('',(0.557223008596618,-0.00258522028940259,-0.216795591076413));
#2801=CARTESIAN_POINT('',(0.5575,-0.0063623735871322,-0.215859417177446));
#2802=CARTESIAN_POINT('',(0.55754808555006,-0.00701808525098084,-0.215696897921129));
#2803=CARTESIAN_POINT('',(0.557596171100121,-0.00767379691482948,-0.215534378664812));
#2804=CARTESIAN_POINT('',(0.557644256650181,-0.00832950857867813,-0.215371859408495));
#2805=CARTESIAN_POINT('',(0.282533051931748,0.0311443258288688,-0.224259039292801));
#2806=CARTESIAN_POINT('',(0.298229547189006,0.0308351291712639,-0.224376796805072));
#2807=CARTESIAN_POINT('',(0.344005508502849,0.0288278135321801,-0.224714796099959));
#2808=CARTESIAN_POINT('',(0.419798090884738,0.0262183948880622,-0.226770727022906));
#2809=CARTESIAN_POINT('',(0.483235672645631,0.0169651938983181,-0.220888359128366));
#2810=CARTESIAN_POINT('',(0.555347454711814,0.0233377425545867,-0.223106041131213));
#2811=CARTESIAN_POINT('',(0.557223008596618,-0.00249129673932186,-0.216786847839018));
#2812=CARTESIAN_POINT('',(0.5575,-0.00630586154601546,-0.215853597009795));
#2813=CARTESIAN_POINT('',(0.55754808555006,-0.00696806782653868,-0.215691585196722));
#2814=CARTESIAN_POINT('',(0.557596171100121,-0.0076302741070619,-0.215529573383649));
#2815=CARTESIAN_POINT('',(0.557644256650181,-0.00829248038758513,-0.215367561570576));
#2816=CARTESIAN_POINT('',(0.282533051931748,0.0318343291835375,-0.224143803354374));
#2817=CARTESIAN_POINT('',(0.298229547189006,0.03151904428681,-0.224266146350938));
#2818=CARTESIAN_POINT('',(0.344005508502849,0.0294689310732739,-0.224620306612949));
#2819=CARTESIAN_POINT('',(0.419798090884738,0.0267994051100506,-0.226699480825298));
#2820=CARTESIAN_POINT('',(0.483235672645631,0.0173569154904047,-0.22084420913784));
#2821=CARTESIAN_POINT('',(0.555347454711814,0.0238399313800656,-0.223055926403751));
#2822=CARTESIAN_POINT('',(0.557223008596618,-0.00235554446135898,-0.216771761339102));
#2823=CARTESIAN_POINT('',(0.5575,-0.00622422649409941,-0.215843683657919));
#2824=CARTESIAN_POINT('',(0.55754808555006,-0.00689582749427972,-0.215682569900404));
#2825=CARTESIAN_POINT('',(0.557596171100121,-0.00756742849446004,-0.215521456142888));
#2826=CARTESIAN_POINT('',(0.557644256650181,-0.00823902949464035,-0.215360342385373));
#2827=CARTESIAN_POINT('',(0.282533051931748,0.0320599180322801,-0.224103994886208));
#2828=CARTESIAN_POINT('',(0.298229547189006,0.0317426532579505,-0.224227857567199));
#2829=CARTESIAN_POINT('',(0.344005508502849,0.0296785741007124,-0.224587437623789));
#2830=CARTESIAN_POINT('',(0.419798090884738,0.0269894352960096,-0.226674402255732));
#2831=CARTESIAN_POINT('',(0.483235672645631,0.0174850427689551,-0.220828569575217));
#2832=CARTESIAN_POINT('',(0.555347454711814,0.024004214408147,-0.223038002322445));
#2833=CARTESIAN_POINT('',(0.557223008596618,-0.00231114929260708,-0.216766403811993));
#2834=CARTESIAN_POINT('',(0.5575,-0.00619753697842057,-0.215840182023894));
#2835=CARTESIAN_POINT('',(0.55754808555006,-0.00687221166990249,-0.215679390448363));
#2836=CARTESIAN_POINT('',(0.557596171100121,-0.00754688636138441,-0.215518598872831));
#2837=CARTESIAN_POINT('',(0.557644256650181,-0.00822156105286632,-0.215357807297299));
#2838=CARTESIAN_POINT('',(0.282533051931748,0.0325014468369456,-0.224021001743597));
#2839=CARTESIAN_POINT('',(0.298229547189006,0.0321803322895044,-0.224147887665609));
#2840=CARTESIAN_POINT('',(0.344005508502849,0.0300889814344885,-0.224518399888837));
#2841=CARTESIAN_POINT('',(0.419798090884738,0.0273615481418352,-0.226621067998083));
#2842=CARTESIAN_POINT('',(0.483235672645631,0.0177359582212685,-0.220795091959484));
#2843=CARTESIAN_POINT('',(0.555347454711814,0.0243259886225508,-0.222999256919223));
#2844=CARTESIAN_POINT('',(0.557223008596618,-0.00222422379039732,-0.216754909270001));
#2845=CARTESIAN_POINT('',(0.5575,-0.00614529513680845,-0.215832712028655));
#2846=CARTESIAN_POINT('',(0.55754808555006,-0.00682599089204028,-0.215672619112149));
#2847=CARTESIAN_POINT('',(0.557596171100121,-0.00750668664727212,-0.215512526195644));
#2848=CARTESIAN_POINT('',(0.557644256650181,-0.00818738240250396,-0.215352433279139));
#2849=CARTESIAN_POINT('',(0.282533051931748,0.0327174135795584,-0.22397781794956));
#2850=CARTESIAN_POINT('',(0.298229547189006,0.0323944289177403,-0.224106207557252));
#2851=CARTESIAN_POINT('',(0.344005508502849,0.0302897708986598,-0.224482232453411));
#2852=CARTESIAN_POINT('',(0.419798090884738,0.0275436541695977,-0.226592814099344));
#2853=CARTESIAN_POINT('',(0.483235672645631,0.0178587631278256,-0.220777255420427));
#2854=CARTESIAN_POINT('',(0.555347454711814,0.0244835013178245,-0.222978437728116));
#2855=CARTESIAN_POINT('',(0.557223008596618,-0.00218168447650078,-0.216748773199751));
#2856=CARTESIAN_POINT('',(0.5575,-0.00611973568071139,-0.215828744436892));
#2857=CARTESIAN_POINT('',(0.55754808555006,-0.00680337912959821,-0.215669027967019));
#2858=CARTESIAN_POINT('',(0.557596171100121,-0.00748702257848503,-0.215509311497146));
#2859=CARTESIAN_POINT('',(0.557644256650181,-0.00817066602737185,-0.215349595027273));
#2860=CARTESIAN_POINT('',(0.282533051931748,0.0333494100837012,-0.223842321025897));
#2861=CARTESIAN_POINT('',(0.298229547189006,0.0330209978698954,-0.223975198793939));
#2862=CARTESIAN_POINT('',(0.344005508502849,0.0308775090019091,-0.224367938835422));
#2863=CARTESIAN_POINT('',(0.419798090884738,0.0280768829720588,-0.226502497957));
#2864=CARTESIAN_POINT('',(0.483235672645631,0.0182183667308931,-0.220719906727407));
#2865=CARTESIAN_POINT('',(0.555347454711814,0.0249448629294478,-0.222910932229686));
#2866=CARTESIAN_POINT('',(0.557223008596618,-0.0020571718547142,-0.216729004422651));
#2867=CARTESIAN_POINT('',(0.5575,-0.00604497064292049,-0.215816025663282));
#2868=CARTESIAN_POINT('',(0.55754808555006,-0.00673725024409,-0.215657533070004));
#2869=CARTESIAN_POINT('',(0.557596171100121,-0.00742952984525951,-0.215499040476726));
#2870=CARTESIAN_POINT('',(0.557644256650181,-0.00812180944642901,-0.215340547883449));
#2871=CARTESIAN_POINT('',(0.282533051931748,0.0337492748150757,-0.22374405379464));
#2872=CARTESIAN_POINT('',(0.298229547189006,0.0334174905337643,-0.2238798919025));
#2873=CARTESIAN_POINT('',(0.344005508502848,0.0312495851551153,-0.224284008693776));
#2874=CARTESIAN_POINT('',(0.419798090884738,0.0284146943858421,-0.226434864044027));
#2875=CARTESIAN_POINT('',(0.483235672645631,0.0184462136513246,-0.220676543075499));
#2876=CARTESIAN_POINT('',(0.555347454711814,0.02523733266718,-0.222859177473764));
#2877=CARTESIAN_POINT('',(0.557223008596618,-0.00197835080878712,-0.216714006257589));
#2878=CARTESIAN_POINT('',(0.5575,-0.00599770233000381,-0.215806455899808));
#2879=CARTESIAN_POINT('',(0.55754808555006,-0.00669545946767513,-0.215648905673958));
#2880=CARTESIAN_POINT('',(0.557596171100121,-0.00739321660534644,-0.215491355448108));
#2881=CARTESIAN_POINT('',(0.557644256650181,-0.00809097374301776,-0.215333805222258));
#2882=CARTESIAN_POINT('',(0.282533051931748,0.0342136818645438,-0.223608237113654));
#2883=CARTESIAN_POINT('',(0.298229547189006,0.0338780887970905,-0.223747722152876));
#2884=CARTESIAN_POINT('',(0.344005508502848,0.0316820911227397,-0.22416643778959));
#2885=CARTESIAN_POINT('',(0.419798090884738,0.0288077950096645,-0.226338167379108));
#2886=CARTESIAN_POINT('',(0.483235672645631,0.0187114188450937,-0.220613936536145));
#2887=CARTESIAN_POINT('',(0.555347454711814,0.0255780004286755,-0.222783426971759));
#2888=CARTESIAN_POINT('',(0.557223008596618,-0.00188670088387934,-0.216692282963743));
#2889=CARTESIAN_POINT('',(0.5575,-0.00594282863455148,-0.215792711620764));
#2890=CARTESIAN_POINT('',(0.55754808555006,-0.00664697010473607,-0.215636546547345));
#2891=CARTESIAN_POINT('',(0.557596171100121,-0.00735111157492065,-0.215480381473926));
#2892=CARTESIAN_POINT('',(0.557644256650181,-0.00805525304510523,-0.215324216400507));
#2893=CARTESIAN_POINT('',(0.282533051931748,0.0343047920812,-0.223580424645361));
#2894=CARTESIAN_POINT('',(0.298229547189006,0.0339684575714303,-0.223720636396185));
#2895=CARTESIAN_POINT('',(0.344005508502849,0.0317669628550705,-0.224142290697396));
#2896=CARTESIAN_POINT('',(0.419798090884738,0.0288849569522586,-0.226318220332439));
#2897=CARTESIAN_POINT('',(0.483235672645631,0.018763479711009,-0.22060099512955));
#2898=CARTESIAN_POINT('',(0.555347454711814,0.0256448880104411,-0.222767724018503));
#2899=CARTESIAN_POINT('',(0.557223008596618,-0.00186871471802285,-0.216687789525598));
#2900=CARTESIAN_POINT('',(0.5575,-0.00593206448024569,-0.21578987366122));
#2901=CARTESIAN_POINT('',(0.55754808555006,-0.00663745968752723,-0.215633995977944));
#2902=CARTESIAN_POINT('',(0.557596171100121,-0.00734285489480877,-0.215478118294669));
#2903=CARTESIAN_POINT('',(0.557644256650181,-0.00804825010209031,-0.215322240611393));
#2904=CARTESIAN_POINT('',(0.282533051931748,0.0344386395345995,-0.223537674819043));
#2905=CARTESIAN_POINT('',(0.298229547189006,0.0341012251791477,-0.223678972366802));
#2906=CARTESIAN_POINT('',(0.344005508502849,0.03189167808685,-0.224105064625226));
#2907=CARTESIAN_POINT('',(0.419798090884738,0.0289983800196083,-0.226287334279388));
#2908=CARTESIAN_POINT('',(0.483235672645631,0.0188400118299101,-0.220580915596815));
#2909=CARTESIAN_POINT('',(0.555347454711814,0.0257432372040427,-0.222743291218194));
#2910=CARTESIAN_POINT('',(0.557223008596618,-0.00184228198864608,-0.216680813039402));
#2911=CARTESIAN_POINT('',(0.5575,-0.00591625274262677,-0.215785475212895));
#2912=CARTESIAN_POINT('',(0.55754808555006,-0.00662349174803571,-0.215630045075527));
#2913=CARTESIAN_POINT('',(0.557596171100121,-0.00733073075344465,-0.215474614938159));
#2914=CARTESIAN_POINT('',(0.557644256650181,-0.0080379697588536,-0.215319184800791));
#2915=CARTESIAN_POINT('',(0.282533051931748,0.0344827857087861,-0.223523253024937));
#2916=CARTESIAN_POINT('',(0.298229547189006,0.0341450167917531,-0.223664911794081));
#2917=CARTESIAN_POINT('',(0.344005508502849,0.0319328177722193,-0.224092488365263));
#2918=CARTESIAN_POINT('',(0.419798090884738,0.029035801037297,-0.226276877978141));
#2919=CARTESIAN_POINT('',(0.483235672645631,0.0188652627595583,-0.220574111286059));
#2920=CARTESIAN_POINT('',(0.555347454711814,0.0257756897604286,-0.222735000382466));
#2921=CARTESIAN_POINT('',(0.557223008596618,-0.00183356185753287,-0.21667844856511));
#2922=CARTESIAN_POINT('',(0.5575,-0.00591103753762378,-0.215783985974012));
#2923=CARTESIAN_POINT('',(0.55754808555006,-0.00661888499621167,-0.215628707777013));
#2924=CARTESIAN_POINT('',(0.557596171100121,-0.00732673245479956,-0.215473429580014));
#2925=CARTESIAN_POINT('',(0.557644256650181,-0.00803457991338746,-0.215318151383016));
#2926=CARTESIAN_POINT('',(0.282533051931748,0.0345701118167128,-0.223494056022581));
#2927=CARTESIAN_POINT('',(0.298229547189006,0.0342316448142202,-0.223636435712156));
#2928=CARTESIAN_POINT('',(0.344005508502849,0.0320142081650922,-0.224066991146353));
#2929=CARTESIAN_POINT('',(0.419798090884738,0.0291098495870596,-0.226255637047573));
#2930=CARTESIAN_POINT('',(0.483235672645631,0.0189152246661962,-0.22056026687793));
#2931=CARTESIAN_POINT('',(0.555347454711814,0.0258399243180853,-0.222718129614131));
#2932=CARTESIAN_POINT('',(0.557223008596618,-0.00181631321990733,-0.216673632926973));
#2933=CARTESIAN_POINT('',(0.5575,-0.00590072802130746,-0.215780950699242));
#2934=CARTESIAN_POINT('',(0.55754808555006,-0.00660978010740731,-0.215625981572312));
#2935=CARTESIAN_POINT('',(0.557596171100121,-0.00731883219350715,-0.215471012445381));
#2936=CARTESIAN_POINT('',(0.557644256650181,-0.008027884279607,-0.21531604331845));
#2937=CARTESIAN_POINT('',(0.282533051931748,0.0346132949671839,-0.223479284651161));
#2938=CARTESIAN_POINT('',(0.298229547189006,0.0342744843854921,-0.223622024015429));
#2939=CARTESIAN_POINT('',(0.344005508502849,0.0320544616171127,-0.224054073602454));
#2940=CARTESIAN_POINT('',(0.419798090884738,0.0291464782925575,-0.226244853912011));
#2941=CARTESIAN_POINT('',(0.483235672645631,0.0189399386069003,-0.22055323079358));
#2942=CARTESIAN_POINT('',(0.555347454711814,0.0258717031884745,-0.222709545434772));
#2943=CARTESIAN_POINT('',(0.557223008596618,-0.00180778516733585,-0.216671181149161));
#2944=CARTESIAN_POINT('',(0.5575,-0.00589563376859067,-0.215779404585899));
#2945=CARTESIAN_POINT('',(0.55754808555006,-0.00660528196039197,-0.215624592681805));
#2946=CARTESIAN_POINT('',(0.557596171100121,-0.00731493015219327,-0.21546978077771));
#2947=CARTESIAN_POINT('',(0.557644256650181,-0.00802457834399458,-0.215314968873616));
#2948=CARTESIAN_POINT('',(0.282533051931748,0.0348265760182636,-0.223404339338919));
#2949=CARTESIAN_POINT('',(0.298229547189006,0.0344860781471813,-0.223548873993835));
#2950=CARTESIAN_POINT('',(0.344005508502849,0.0322533053664079,-0.223988428332138));
#2951=CARTESIAN_POINT('',(0.419798090884738,0.0293274530187165,-0.226189925692456));
#2952=CARTESIAN_POINT('',(0.483235672645631,0.019062045135426,-0.22051734429299));
#2953=CARTESIAN_POINT('',(0.555347454711814,0.026028742806648,-0.222665702384303));
#2954=CARTESIAN_POINT('',(0.557223008596618,-0.00176567007618498,-0.216658655343793));
#2955=CARTESIAN_POINT('',(0.5575,-0.00587049132017799,-0.215771503871679));
#2956=CARTESIAN_POINT('',(0.55754808555006,-0.00658308595310374,-0.215617494880776));
#2957=CARTESIAN_POINT('',(0.557596171100121,-0.00729568058602949,-0.215463485889874));
#2958=CARTESIAN_POINT('',(0.557644256650181,-0.00800827521895524,-0.215309476898972));
#2959=CARTESIAN_POINT('',(0.282533051931748,0.0349887631178135,-0.223340892069157));
#2960=CARTESIAN_POINT('',(0.298229547189006,0.0346470135823383,-0.223486853279364));
#2961=CARTESIAN_POINT('',(0.344005508502849,0.032404620087183,-0.223932521659556));
#2962=CARTESIAN_POINT('',(0.419798090884738,0.0294652900142637,-0.226142739541784));
#2963=CARTESIAN_POINT('',(0.483235672645631,0.0191550476436931,-0.220486374885139));
#2964=CARTESIAN_POINT('',(0.555347454711814,0.0261484393683995,-0.222627677072989));
#2965=CARTESIAN_POINT('',(0.557223008596618,-0.00173365855075835,-0.216647780569979));
#2966=CARTESIAN_POINT('',(0.5575,-0.00585142956999591,-0.215764638828294));
#2967=CARTESIAN_POINT('',(0.55754808555006,-0.00656627227653762,-0.215611325924314));
#2968=CARTESIAN_POINT('',(0.557596171100121,-0.00728111498307933,-0.215458013020333));
#2969=CARTESIAN_POINT('',(0.557644256650181,-0.00799595768962104,-0.215304700116353));
#2970=CARTESIAN_POINT('',(0.282533051931748,0.0352900733617188,-0.223201078953944));
#2971=CARTESIAN_POINT('',(0.298229547189006,0.0349461067687017,-0.223349900345557));
#2972=CARTESIAN_POINT('',(0.344005508502848,0.0326861046168788,-0.223808320756791));
#2973=CARTESIAN_POINT('',(0.419798090884738,0.0297221254165479,-0.226036696004315));
#2974=CARTESIAN_POINT('',(0.483235672645631,0.0193283941922796,-0.220416398499689));
#2975=CARTESIAN_POINT('',(0.555347454711814,0.0263717976905656,-0.222541163861028));
#2976=CARTESIAN_POINT('',(0.557223008596618,-0.00167411886426416,-0.216623116489369));
#2977=CARTESIAN_POINT('',(0.5575,-0.00581608345861706,-0.215749108944164));
#2978=CARTESIAN_POINT('',(0.55754808555006,-0.00653512615603626,-0.215597381731497));
#2979=CARTESIAN_POINT('',(0.557596171100121,-0.00725416885345546,-0.215445654518829));
#2980=CARTESIAN_POINT('',(0.557644256650181,-0.00797321155087466,-0.215293927306162));
#2981=CARTESIAN_POINT('',(0.282533051931748,0.0354291965060741,-0.223124713108492));
#2982=CARTESIAN_POINT('',(0.298229547189006,0.0350842645199081,-0.223274968126222));
#2983=CARTESIAN_POINT('',(0.344005508502849,0.0328162744257995,-0.223740026526608));
#2984=CARTESIAN_POINT('',(0.419798090884738,0.029841123823285,-0.225977838617518));
#2985=CARTESIAN_POINT('',(0.483235672645631,0.0194087382325988,-0.22037739152209));
#2986=CARTESIAN_POINT('',(0.555347454711814,0.0264754594509801,-0.22249267596038));
#2987=CARTESIAN_POINT('',(0.557223008596618,-0.00164659070319659,-0.216609327182575));
#2988=CARTESIAN_POINT('',(0.5575,-0.00579979909742029,-0.215740444103419));
#2989=CARTESIAN_POINT('',(0.55754808555006,-0.00652079371210101,-0.215589606495143));
#2990=CARTESIAN_POINT('',(0.557596171100121,-0.00724178832678174,-0.215438768886867));
#2991=CARTESIAN_POINT('',(0.557644256650181,-0.00796278294146246,-0.21528793127859));
#2992=CARTESIAN_POINT('',(0.282533051931748,0.0355848176691673,-0.223017471357023));
#2993=CARTESIAN_POINT('',(0.298229547189006,0.0352389140717206,-0.223169539342468));
#2994=CARTESIAN_POINT('',(0.344005508502849,0.0329622558954586,-0.223643412362292));
#2995=CARTESIAN_POINT('',(0.419798090884738,0.0299750020774191,-0.225893732307654));
#2996=CARTESIAN_POINT('',(0.483235672645631,0.0194991985912542,-0.220321411097132));
#2997=CARTESIAN_POINT('',(0.555347454711814,0.0265924120658109,-0.222422676436577));
#2998=CARTESIAN_POINT('',(0.557223008596618,-0.00161568402294336,-0.216589515044757));
#2999=CARTESIAN_POINT('',(0.5575,-0.00578160012147088,-0.215728043895798));
#3000=CARTESIAN_POINT('',(0.55754808555006,-0.00650480078638996,-0.215578492994388));
#3001=CARTESIAN_POINT('',(0.557596171100121,-0.00722800145130903,-0.215428942092978));
#3002=CARTESIAN_POINT('',(0.557644256650181,-0.00795120211622811,-0.215279391191567));
#3003=CARTESIAN_POINT('',(0.282533051931748,0.0356150277936566,-0.222995433767301));
#3004=CARTESIAN_POINT('',(0.298229547189006,0.0352689416429327,-0.223147865385951));
#3005=CARTESIAN_POINT('',(0.344005508502849,0.0329906156967475,-0.223623527183911));
#3006=CARTESIAN_POINT('',(0.419798090884738,0.030001033684858,-0.225876384632856));
#3007=CARTESIAN_POINT('',(0.483235672645631,0.019516793765991,-0.220309853024179));
#3008=CARTESIAN_POINT('',(0.555347454711814,0.0266151687041154,-0.222408208559444));
#3009=CARTESIAN_POINT('',(0.557223008596618,-0.00160967622006038,-0.216585422877103));
#3010=CARTESIAN_POINT('',(0.5575,-0.00577806587238233,-0.21572548406606));
#3011=CARTESIAN_POINT('',(0.55754808555006,-0.00650169594483303,-0.215576199177641));
#3012=CARTESIAN_POINT('',(0.557596171100121,-0.00722532601728374,-0.215426914289221));
#3013=CARTESIAN_POINT('',(0.557644256650181,-0.00794895608973444,-0.215277629400801));
#3014=CARTESIAN_POINT('',(0.282533051931748,0.0356735225793595,-0.222950087670219));
#3015=CARTESIAN_POINT('',(0.298229547189006,0.035327096037587,-0.223103249179305));
#3016=CARTESIAN_POINT('',(0.344005508502849,0.0330455735765528,-0.223582545028309));
#3017=CARTESIAN_POINT('',(0.419798090884738,0.0300515415683501,-0.225840549583318));
#3018=CARTESIAN_POINT('',(0.483235672645631,0.0195509098791604,-0.220285974726175));
#3019=CARTESIAN_POINT('',(0.555347454711814,0.0266593976262782,-0.222378237532343));
#3020=CARTESIAN_POINT('',(0.557223008596618,-0.00159804679219996,-0.216576972848955));
#3021=CARTESIAN_POINT('',(0.5575,-0.00577125090479924,-0.215720212369259));
#3022=CARTESIAN_POINT('',(0.55754808555006,-0.00649571676481538,-0.215571479237352));
#3023=CARTESIAN_POINT('',(0.557596171100121,-0.00722018262483152,-0.215422746105446));
#3024=CARTESIAN_POINT('',(0.557644256650181,-0.00794464848484766,-0.215274012973539));
#3025=CARTESIAN_POINT('',(0.282533051931748,0.0357018226941218,-0.222926768060144));
#3026=CARTESIAN_POINT('',(0.298229547189006,0.035355238224628,-0.223080296017258));
#3027=CARTESIAN_POINT('',(0.344005508502848,0.033072185629758,-0.223561438445695));
#3028=CARTESIAN_POINT('',(0.419798090884738,0.0300760253690248,-0.225822057179163));
#3029=CARTESIAN_POINT('',(0.483235672645631,0.0195674464260962,-0.220273644796537));
#3030=CARTESIAN_POINT('',(0.555347454711814,0.0266808583857549,-0.222362741472165));
#3031=CARTESIAN_POINT('',(0.557223008596618,-0.00159242714536439,-0.216572616190011));
#3032=CARTESIAN_POINT('',(0.5575,-0.00576797075460898,-0.215717500834138));
#3033=CARTESIAN_POINT('',(0.55754808555006,-0.00649284274991192,-0.215569053294792));
#3034=CARTESIAN_POINT('',(0.557596171100121,-0.00721771474521486,-0.215420605755446));
#3035=CARTESIAN_POINT('',(0.557644256650181,-0.0079425867405178,-0.215272158216099));
#3036=CARTESIAN_POINT('',(0.282533051931748,0.0357833243530505,-0.222855026712306));
#3037=CARTESIAN_POINT('',(0.298229547189006,0.0354363071562269,-0.223009654413427));
#3038=CARTESIAN_POINT('',(0.344005508502848,0.0331488997033374,-0.223496409725491));
#3039=CARTESIAN_POINT('',(0.419798090884738,0.0301466862178957,-0.225764971823855));
#3040=CARTESIAN_POINT('',(0.483235672645631,0.0196151647790138,-0.220235558632394));
#3041=CARTESIAN_POINT('',(0.555347454711814,0.0267428528686227,-0.222314818805146));
#3042=CARTESIAN_POINT('',(0.557223008596618,-0.00157626860637527,-0.216559176453347));
#3043=CARTESIAN_POINT('',(0.5575,-0.00575858150256127,-0.215709153713234));
#3044=CARTESIAN_POINT('',(0.55754808555006,-0.00648462864222652,-0.215561590249087));
#3045=CARTESIAN_POINT('',(0.557596171100121,-0.00721067578189178,-0.215414026784939));
#3046=CARTESIAN_POINT('',(0.557644256650181,-0.00793672292155703,-0.215266463320792));
#3047=CARTESIAN_POINT('',(0.282533051931748,0.0358331170204719,-0.222804829797768));
#3048=CARTESIAN_POINT('',(0.298229547189006,0.0354858662778158,-0.222960190973313));
#3049=CARTESIAN_POINT('',(0.344005508502849,0.0331958712400385,-0.223450784376834));
#3050=CARTESIAN_POINT('',(0.419798090884738,0.0301900675975919,-0.225724774056899));
#3051=CARTESIAN_POINT('',(0.483235672645631,0.0196444529079704,-0.220208707514726));
#3052=CARTESIAN_POINT('',(0.555347454711814,0.0267809988623007,-0.222280957670696));
#3053=CARTESIAN_POINT('',(0.557223008596618,-0.00156643010726582,-0.216549723610508));
#3054=CARTESIAN_POINT('',(0.5575,-0.00575292359922691,-0.215703305611908));
#3055=CARTESIAN_POINT('',(0.55754808555006,-0.00647969648794058,-0.215556367928836));
#3056=CARTESIAN_POINT('',(0.557596171100121,-0.00720646937665425,-0.215409430245765));
#3057=CARTESIAN_POINT('',(0.557644256650181,-0.00793324226536792,-0.215262492562693));
#3058=CARTESIAN_POINT('',(0.282533051931748,0.0359642212900112,-0.22264852780712));
#3059=CARTESIAN_POINT('',(0.298229547189006,0.0356164726023188,-0.222806053197421));
#3060=CARTESIAN_POINT('',(0.344005508502849,0.0333199420818836,-0.223308299002406));
#3061=CARTESIAN_POINT('',(0.419798090884738,0.0303050973735082,-0.225598752399283));
#3062=CARTESIAN_POINT('',(0.48323567264563,0.0197220870201714,-0.220124408273585));
#3063=CARTESIAN_POINT('',(0.555347454711814,0.0268824735421775,-0.222174412669938));
#3064=CARTESIAN_POINT('',(0.557223008596618,-0.00154063763681364,-0.216520087327893));
#3065=CARTESIAN_POINT('',(0.5575,-0.00573830826507,-0.215685027602677));
#3066=CARTESIAN_POINT('',(0.55754808555006,-0.00646702149828641,-0.215540061709404));
#3067=CARTESIAN_POINT('',(0.557596171100121,-0.00719573473150281,-0.215395095816131));
#3068=CARTESIAN_POINT('',(0.557644256650181,-0.00792444796471922,-0.215250129922858));
#3069=CARTESIAN_POINT('',(0.282533051931748,0.036027259159393,-0.222536711483975));
#3070=CARTESIAN_POINT('',(0.298229547189006,0.0356794487649541,-0.222695631406092));
#3071=CARTESIAN_POINT('',(0.344005508502849,0.0333801976187525,-0.223205829648172));
#3072=CARTESIAN_POINT('',(0.419798090884738,0.0303616314067545,-0.225507500151905));
#3073=CARTESIAN_POINT('',(0.483235672645631,0.0197602027281793,-0.220063214261892));
#3074=CARTESIAN_POINT('',(0.555347454711814,0.0269328389281698,-0.222096767206366));
#3075=CARTESIAN_POINT('',(0.557223008596618,-0.00152840669268438,-0.216498626133969));
#3076=CARTESIAN_POINT('',(0.5575,-0.00573170921062113,-0.215671863989442));
#3077=CARTESIAN_POINT('',(0.55754808555006,-0.00646140013668235,-0.215528338551457));
#3078=CARTESIAN_POINT('',(0.557596171100121,-0.00719109106274356,-0.215384813113472));
#3079=CARTESIAN_POINT('',(0.557644256650181,-0.00792078198880478,-0.215241287675487));
#3080=CARTESIAN_POINT('',(0.282533051931748,0.0360601055511646,-0.222392078338009));
#3081=CARTESIAN_POINT('',(0.298229547189006,0.0357126820950722,-0.222552557264795));
#3082=CARTESIAN_POINT('',(0.344005508502849,0.0334130099887734,-0.223072424998298));
#3083=CARTESIAN_POINT('',(0.419798090884738,0.0303939856607962,-0.225387701693045));
#3084=CARTESIAN_POINT('',(0.483235672645631,0.0197819370544874,-0.219982595722559));
#3085=CARTESIAN_POINT('',(0.555347454711814,0.0269628157681717,-0.221994029287194));
#3086=CARTESIAN_POINT('',(0.557223008596618,-0.00152239454389401,-0.216470341055171));
#3087=CARTESIAN_POINT('',(0.5575,-0.00572923629016435,-0.215654574487422));
#3088=CARTESIAN_POINT('',(0.55754808555006,-0.00645954162425099,-0.215512957875311));
#3089=CARTESIAN_POINT('',(0.557596171100121,-0.00718984695833762,-0.2153713412632));
#3090=CARTESIAN_POINT('',(0.557644256650181,-0.00792015229242426,-0.215229724651088));
#3091=CARTESIAN_POINT('',(0.282533051931748,0.0360643749188367,-0.222362908385652));
#3092=CARTESIAN_POINT('',(0.298229547189006,0.0357170521098345,-0.222523689902953));
#3093=CARTESIAN_POINT('',(0.344005508502849,0.0334174445511169,-0.223045477929105));
#3094=CARTESIAN_POINT('',(0.419798090884738,0.0303985331016577,-0.225363454261144));
#3095=CARTESIAN_POINT('',(0.483235672645631,0.0197849956576669,-0.219966266878109));
#3096=CARTESIAN_POINT('',(0.555347454711813,0.0269671365518444,-0.221973193747215));
#3097=CARTESIAN_POINT('',(0.557223008596618,-0.00152165916770649,-0.216464610618071));
#3098=CARTESIAN_POINT('',(0.5575,-0.00572903042531697,-0.215651074849277));
#3099=CARTESIAN_POINT('',(0.55754808555006,-0.00645942768227104,-0.215509845502595));
#3100=CARTESIAN_POINT('',(0.557596171100121,-0.0071898249392251,-0.215368616155913));
#3101=CARTESIAN_POINT('',(0.557644256650181,-0.00792022219617917,-0.21522738680923));
#3102=CARTESIAN_POINT('',(0.282533051931748,0.0360679426774923,-0.222304199627098));
#3103=CARTESIAN_POINT('',(0.298229547189006,0.0357208711501988,-0.222465564924125));
#3104=CARTESIAN_POINT('',(0.344005508502849,0.0334217153511224,-0.2229911541588));
#3105=CARTESIAN_POINT('',(0.419798090884738,0.0304034722526711,-0.225314469074215));
#3106=CARTESIAN_POINT('',(0.483235672645631,0.0197883535392956,-0.219933257368429));
#3107=CARTESIAN_POINT('',(0.555347454711813,0.0269721657249968,-0.221931014682925));
#3108=CARTESIAN_POINT('',(0.557223008596618,-0.00152112089040148,-0.216453031632526));
#3109=CARTESIAN_POINT('',(0.5575,-0.00572915538651089,-0.21564401504008));
#3110=CARTESIAN_POINT('',(0.55754808555006,-0.00645966778129109,-0.215503570219841));
#3111=CARTESIAN_POINT('',(0.557596171100121,-0.00719018017607129,-0.215363125399603));
#3112=CARTESIAN_POINT('',(0.557644256650181,-0.00792069257085149,-0.215222680579364));
#3113=CARTESIAN_POINT('',(0.282533051931748,0.0360672679338601,-0.222274663085017));
#3114=CARTESIAN_POINT('',(0.298229547189006,0.0357203469402057,-0.222436309694761));
#3115=CARTESIAN_POINT('',(0.344005508502849,0.0334215784947831,-0.222963780199494));
#3116=CARTESIAN_POINT('',(0.419798090884738,0.030403896854787,-0.22528973563078));
#3117=CARTESIAN_POINT('',(0.483235672645631,0.0197886640377808,-0.219916578122982));
#3118=CARTESIAN_POINT('',(0.555347454711814,0.0269729256209435,-0.221909679016497));
#3119=CARTESIAN_POINT('',(0.557223008596618,-0.00152131136138695,-0.216447184095241));
#3120=CARTESIAN_POINT('',(0.5575,-0.00572948621255221,-0.215640454869029));
#3121=CARTESIAN_POINT('',(0.55754808555006,-0.00646002297289027,-0.215500407134268));
#3122=CARTESIAN_POINT('',(0.557596171100121,-0.00719055973322832,-0.215360359399506));
#3123=CARTESIAN_POINT('',(0.557644256650181,-0.00792109649356638,-0.215220311664745));
#3124=CARTESIAN_POINT('',(0.282533051931748,0.0360584066174054,-0.222185776149959));
#3125=CARTESIAN_POINT('',(0.298229547189006,0.0357120053336047,-0.222348235076215));
#3126=CARTESIAN_POINT('',(0.344005508502849,0.0334148453318131,-0.222881280968846));
#3127=CARTESIAN_POINT('',(0.419798090884738,0.030399476204776,-0.225215057354928));
#3128=CARTESIAN_POINT('',(0.483235672645631,0.0197857849530611,-0.219866184540366));
#3129=CARTESIAN_POINT('',(0.555347454711814,0.0269703159802579,-0.221845152981444));
#3130=CARTESIAN_POINT('',(0.557223008596618,-0.00152316012471076,-0.216429525563657));
#3131=CARTESIAN_POINT('',(0.5575,-0.00573122260561039,-0.215629717970389));
#3132=CARTESIAN_POINT('',(0.55754808555006,-0.00646173985853425,-0.21549087182717));
#3133=CARTESIAN_POINT('',(0.557596171100121,-0.00719225711145811,-0.21535202568395));
#3134=CARTESIAN_POINT('',(0.557644256650181,-0.00792277436438197,-0.21521317954073));
#3135=CARTESIAN_POINT('',(0.282533051931748,0.0360433829590247,-0.222126148448167));
#3136=CARTESIAN_POINT('',(0.298229547189006,0.0356974189603753,-0.222289106756583));
#3137=CARTESIAN_POINT('',(0.344005508502849,0.0334019264312304,-0.222825778344774));
#3138=CARTESIAN_POINT('',(0.419798090884738,0.0303889364962897,-0.225164634576966));
#3139=CARTESIAN_POINT('',(0.483235672645631,0.0197787847896803,-0.219832114356921));
#3140=CARTESIAN_POINT('',(0.555347454711814,0.0269620571151001,-0.22180144357705));
#3141=CARTESIAN_POINT('',(0.557223008596618,-0.00152609576741651,-0.216417598649627));
#3142=CARTESIAN_POINT('',(0.5575,-0.00573337208756147,-0.215622484857312));
#3143=CARTESIAN_POINT('',(0.55754808555006,-0.00646375286342553,-0.215484453555267));
#3144=CARTESIAN_POINT('',(0.557596171100121,-0.00719413363928959,-0.215346422253222));
#3145=CARTESIAN_POINT('',(0.557644256650181,-0.00792451441515365,-0.215208390951177));
#3146=CARTESIAN_POINT('',(0.282533051931748,0.035975273908224,-0.221948309544313));
#3147=CARTESIAN_POINT('',(0.298229547189006,0.0356308416454343,-0.222112640391088));
#3148=CARTESIAN_POINT('',(0.344005508502849,0.0333418327542667,-0.222659832019487));
#3149=CARTESIAN_POINT('',(0.419798090884738,0.0303380632558975,-0.225013411295832));
#3150=CARTESIAN_POINT('',(0.483235672645631,0.0197448999533275,-0.219729821425835));
#3151=CARTESIAN_POINT('',(0.555347454711813,0.0269207211524311,-0.221669994157415));
#3152=CARTESIAN_POINT('',(0.557223008596618,-0.00153920026863133,-0.21638181993909));
#3153=CARTESIAN_POINT('',(0.5575,-0.00574230722196093,-0.215600835287073));
#3154=CARTESIAN_POINT('',(0.55754808555006,-0.00647196419811759,-0.215465256795747));
#3155=CARTESIAN_POINT('',(0.557596171100121,-0.00720162117427425,-0.21532967830442));
#3156=CARTESIAN_POINT('',(0.557644256650181,-0.00793127815043092,-0.215194099813094));
#3157=CARTESIAN_POINT('',(0.282533051931748,0.0358991504829836,-0.221831142590711));
#3158=CARTESIAN_POINT('',(0.298229547189006,0.035556032568976,-0.221996221004922));
#3159=CARTESIAN_POINT('',(0.344005508502849,0.0332733210691574,-0.222549949938055));
#3160=CARTESIAN_POINT('',(0.419798090884738,0.0302784748218451,-0.224912654982849));
#3161=CARTESIAN_POINT('',(0.483235672645631,0.0197051331832595,-0.21966151876184));
#3162=CARTESIAN_POINT('',(0.555347454711814,0.0268710809258978,-0.221581928813816));
#3163=CARTESIAN_POINT('',(0.557223008596618,-0.00155366536509016,-0.216357971637081));
#3164=CARTESIAN_POINT('',(0.5575,-0.00575157747506045,-0.215586470886655));
#3165=CARTESIAN_POINT('',(0.55754808555006,-0.00648033262936503,-0.215452538795249));
#3166=CARTESIAN_POINT('',(0.557596171100121,-0.00720908778366961,-0.215318606703844));
#3167=CARTESIAN_POINT('',(0.557644256650181,-0.00793784293797419,-0.215184674612439));
#3168=CARTESIAN_POINT('',(0.282533051931748,0.0357799668540056,-0.221693602236753));
#3169=CARTESIAN_POINT('',(0.298229547189006,0.0354386831135198,-0.221859408641794));
#3170=CARTESIAN_POINT('',(0.344005508502849,0.0331652976687982,-0.22242043625373));
#3171=CARTESIAN_POINT('',(0.419798090884738,0.0301836468091813,-0.224793309675775));
#3172=CARTESIAN_POINT('',(0.483235672645631,0.0196418049546609,-0.219580466822097));
#3173=CARTESIAN_POINT('',(0.555347454711814,0.0267914345056142,-0.22147717215471));
#3174=CARTESIAN_POINT('',(0.557223008596618,-0.00157620668855662,-0.216329713260187));
#3175=CARTESIAN_POINT('',(0.5575,-0.00576568522536445,-0.215569510167864));
#3176=CARTESIAN_POINT('',(0.55754808555006,-0.00649297631616547,-0.21543753934348));
#3177=CARTESIAN_POINT('',(0.557596171100121,-0.00722026740696649,-0.215305568519094));
#3178=CARTESIAN_POINT('',(0.557644256650181,-0.00794755849776751,-0.21517359769471));
#3179=CARTESIAN_POINT('',(0.282533051931748,0.0357549369425271,-0.221666548464944));
#3180=CARTESIAN_POINT('',(0.298229547189006,0.0354140294631273,-0.221832490087777));
#3181=CARTESIAN_POINT('',(0.344005508502849,0.0331425815914807,-0.222394933641936));
#3182=CARTESIAN_POINT('',(0.419798090884738,0.030163674184132,-0.224769781794436));
#3183=CARTESIAN_POINT('',(0.483235672645631,0.0196284574181199,-0.21956447180868));
#3184=CARTESIAN_POINT('',(0.555347454711814,0.026774644708238,-0.221456508906543));
#3185=CARTESIAN_POINT('',(0.557223008596618,-0.00158093763025971,-0.216324139625255));
#3186=CARTESIAN_POINT('',(0.5575,-0.00576863525350215,-0.215566165044297));
#3187=CARTESIAN_POINT('',(0.55754808555006,-0.00649561717872129,-0.215434581088217));
#3188=CARTESIAN_POINT('',(0.557596171100121,-0.00722259910394043,-0.215302997132137));
#3189=CARTESIAN_POINT('',(0.557644256650181,-0.00794958102915958,-0.215171413176057));
#3190=CARTESIAN_POINT('',(0.282533051931748,0.0357027919795198,-0.221613470263155));
#3191=CARTESIAN_POINT('',(0.298229547189006,0.0353626521090576,-0.221779661680633));
#3192=CARTESIAN_POINT('',(0.344005508502849,0.0330952008236061,-0.222344843211218));
#3193=CARTESIAN_POINT('',(0.419798090884738,0.0301219504939753,-0.224723506943542));
#3194=CARTESIAN_POINT('',(0.483235672645631,0.0196005630636776,-0.219532989397839));
#3195=CARTESIAN_POINT('',(0.555347454711814,0.0267395184464169,-0.221415816289737));
#3196=CARTESIAN_POINT('',(0.557223008596618,-0.00159081089974996,-0.216313149585408));
#3197=CARTESIAN_POINT('',(0.5575,-0.00577477903175144,-0.215559561633136));
#3198=CARTESIAN_POINT('',(0.55754808555006,-0.00650111351941268,-0.215428739193301));
#3199=CARTESIAN_POINT('',(0.557596171100121,-0.00722744800707391,-0.215297916753466));
#3200=CARTESIAN_POINT('',(0.557644256650181,-0.00795378249473514,-0.215167094313631));
#3201=CARTESIAN_POINT('',(0.282533051931748,0.0356756585265948,-0.221587427182758));
#3202=CARTESIAN_POINT('',(0.298229547189006,0.0353359102708044,-0.221753733259236));
#3203=CARTESIAN_POINT('',(0.344005508502849,0.0330705193841207,-0.222320237756907));
#3204=CARTESIAN_POINT('',(0.419798090884738,0.0301001846776696,-0.22470074370427));
#3205=CARTESIAN_POINT('',(0.483235672645631,0.0195860065378802,-0.219517490962597));
#3206=CARTESIAN_POINT('',(0.555347454711814,0.0267211699205291,-0.221395773141215));
#3207=CARTESIAN_POINT('',(0.557223008596618,-0.0015959547796141,-0.216307731407285));
#3208=CARTESIAN_POINT('',(0.5575,-0.00577797278186302,-0.215556303345544));
#3209=CARTESIAN_POINT('',(0.55754808555006,-0.00650396872810855,-0.215425855861476));
#3210=CARTESIAN_POINT('',(0.557596171100121,-0.00722996467435408,-0.215295408377409));
#3211=CARTESIAN_POINT('',(0.557644256650181,-0.0079559606205996,-0.215164960893341));
#3212=CARTESIAN_POINT('',(0.282533051931748,0.0355912404404317,-0.22151067659126));
#3213=CARTESIAN_POINT('',(0.298229547189006,0.0352526894128583,-0.221677297831318));
#3214=CARTESIAN_POINT('',(0.344005508502849,0.0329936568301112,-0.22224764237182));
#3215=CARTESIAN_POINT('',(0.419798090884738,0.0300323173654636,-0.224633491314363));
#3216=CARTESIAN_POINT('',(0.483235672645631,0.0195406050960323,-0.219471667931258));
#3217=CARTESIAN_POINT('',(0.555347454711814,0.0266638922226819,-0.221336482680451));
#3218=CARTESIAN_POINT('',(0.557223008596618,-0.00161197489301249,-0.216291688910975));
#3219=CARTESIAN_POINT('',(0.5575,-0.00578789976388874,-0.215546647930121));
#3220=CARTESIAN_POINT('',(0.55754808555006,-0.00651283794599406,-0.215417309239662));
#3221=CARTESIAN_POINT('',(0.557596171100121,-0.00723777612809937,-0.215287970549203));
#3222=CARTESIAN_POINT('',(0.557644256650181,-0.00796271431020469,-0.215158631858744));
#3223=CARTESIAN_POINT('',(0.282533051931748,0.0355309380798057,-0.221461347729853));
#3224=CARTESIAN_POINT('',(0.298229547189006,0.035193215049979,-0.221628140661072));
#3225=CARTESIAN_POINT('',(0.344005508502848,0.032938657480034,-0.222200873418894));
#3226=CARTESIAN_POINT('',(0.419798090884738,0.0299836460062747,-0.224590039491644));
#3227=CARTESIAN_POINT('',(0.483235672645631,0.0195080283155261,-0.219442015609548));
#3228=CARTESIAN_POINT('',(0.555347454711814,0.0266227309305389,-0.221298074353007));
#3229=CARTESIAN_POINT('',(0.557223008596618,-0.0016234396003527,-0.21628127663085));
#3230=CARTESIAN_POINT('',(0.5575,-0.00579497872749383,-0.215540370249646));
#3231=CARTESIAN_POINT('',(0.55754808555006,-0.00651915554698156,-0.215411749323334));
#3232=CARTESIAN_POINT('',(0.557596171100121,-0.00724333236646929,-0.215283128397022));
#3233=CARTESIAN_POINT('',(0.557644256650181,-0.00796750918595703,-0.21515450747071));
#3234=CARTESIAN_POINT('',(0.282533051931748,0.0353392815833849,-0.221318000450038));
#3235=CARTESIAN_POINT('',(0.298229547189006,0.035004123712348,-0.22148520841343));
#3236=CARTESIAN_POINT('',(0.344005508502848,0.0327636259363185,-0.222064664029154));
#3237=CARTESIAN_POINT('',(0.419798090884738,0.0298284888787046,-0.224463151490282));
#3238=CARTESIAN_POINT('',(0.483235672645631,0.0194041399663729,-0.219355299452758));
#3239=CARTESIAN_POINT('',(0.555347454711814,0.0264913110913621,-0.221185641351117));
#3240=CARTESIAN_POINT('',(0.557223008596618,-0.00165992152518846,-0.216250740043976));
#3241=CARTESIAN_POINT('',(0.5575,-0.00581743973491392,-0.215521928544775));
#3242=CARTESIAN_POINT('',(0.55754808555006,-0.0065391825311141,-0.215395407283099));
#3243=CARTESIAN_POINT('',(0.557596171100121,-0.00726092532731429,-0.215268886021422));
#3244=CARTESIAN_POINT('',(0.557644256650181,-0.00798266812351447,-0.215142364759746));
#3245=CARTESIAN_POINT('',(0.282533051931748,0.0351971780330472,-0.221228621336031));
#3246=CARTESIAN_POINT('',(0.298229547189006,0.0348638384886028,-0.221395972599131));
#3247=CARTESIAN_POINT('',(0.344005508502849,0.0326335602491965,-0.221979321061381));
#3248=CARTESIAN_POINT('',(0.419798090884738,0.0297128600603195,-0.224383182778433));
#3249=CARTESIAN_POINT('',(0.483235672645631,0.0193266703900911,-0.219300476426017));
#3250=CARTESIAN_POINT('',(0.555347454711814,0.0263931165815803,-0.221114408657116));
#3251=CARTESIAN_POINT('',(0.557223008596618,-0.00168702654549916,-0.216231315990731));
#3252=CARTESIAN_POINT('',(0.5575,-0.00583404589533373,-0.215510155856936));
#3253=CARTESIAN_POINT('',(0.55754808555006,-0.00655396609542914,-0.215384962867941));
#3254=CARTESIAN_POINT('',(0.557596171100121,-0.00727388629552456,-0.215259769878947));
#3255=CARTESIAN_POINT('',(0.557644256650181,-0.00799380649561997,-0.215134576889952));
#3256=CARTESIAN_POINT('',(0.282533051931748,0.0349678098584908,-0.22110033009633));
#3257=CARTESIAN_POINT('',(0.298229547189006,0.0346373266500063,-0.221267757075875));
#3258=CARTESIAN_POINT('',(0.344005508502849,0.0324233525264623,-0.221856355778395));
#3259=CARTESIAN_POINT('',(0.419798090884738,0.0295256763453378,-0.224267437264813));
#3260=CARTESIAN_POINT('',(0.483235672645631,0.0192012278111494,-0.219220930345766));
#3261=CARTESIAN_POINT('',(0.555347454711814,0.0262339229633568,-0.221010887741974));
#3262=CARTESIAN_POINT('',(0.557223008596618,-0.00173079531196063,-0.216202988822918));
#3263=CARTESIAN_POINT('',(0.5575,-0.00586076812853708,-0.215492933686833));
#3264=CARTESIAN_POINT('',(0.55754808555006,-0.00657772906015582,-0.215369668519124));
#3265=CARTESIAN_POINT('',(0.557596171100121,-0.00729468999177456,-0.215246403351415));
#3266=CARTESIAN_POINT('',(0.557644256650181,-0.00801165092339329,-0.215123138183706));
#3267=CARTESIAN_POINT('',(0.282533051931748,0.0348886516605386,-0.221058529253723));
#3268=CARTESIAN_POINT('',(0.298229547189006,0.0345591420391041,-0.221225958266046));
#3269=CARTESIAN_POINT('',(0.344005508502849,0.0323507650895787,-0.221816208876894));
#3270=CARTESIAN_POINT('',(0.419798090884738,0.0294609916604402,-0.224229556709075));
#3271=CARTESIAN_POINT('',(0.483235672645631,0.0191578740071831,-0.219194862996295));
#3272=CARTESIAN_POINT('',(0.555347454711814,0.0261788746287595,-0.220976935568345));
#3273=CARTESIAN_POINT('',(0.557223008596618,-0.0017459033858354,-0.216193681213124));
#3274=CARTESIAN_POINT('',(0.5575,-0.00586997762015378,-0.215487265712445));
#3275=CARTESIAN_POINT('',(0.55754808555006,-0.00658591456124793,-0.215364632383372));
#3276=CARTESIAN_POINT('',(0.557596171100121,-0.00730185150234209,-0.215241999054299));
#3277=CARTESIAN_POINT('',(0.557644256650181,-0.00801778844343624,-0.215119365725226));
#3278=CARTESIAN_POINT('',(0.282533051931748,0.0347665218934981,-0.220996834704319));
#3279=CARTESIAN_POINT('',(0.298229547189006,0.0344385006763199,-0.221164239565312));
#3280=CARTESIAN_POINT('',(0.344005508502849,0.0322387263522951,-0.221756857601635));
#3281=CARTESIAN_POINT('',(0.419798090884738,0.0293610978112077,-0.224173446770526));
#3282=CARTESIAN_POINT('',(0.483235672645631,0.0190909181915932,-0.219156210145454));
#3283=CARTESIAN_POINT('',(0.555347454711814,0.0260938233926393,-0.220926557020451));
#3284=CARTESIAN_POINT('',(0.557223008596618,-0.00176921042631491,-0.216179848197588));
#3285=CARTESIAN_POINT('',(0.5575,-0.00588416596159735,-0.215478829928295));
#3286=CARTESIAN_POINT('',(0.55754808555006,-0.00659851990172604,-0.21535713355552));
#3287=CARTESIAN_POINT('',(0.557596171100121,-0.00731287384185473,-0.215235437182746));
#3288=CARTESIAN_POINT('',(0.557644256650181,-0.00802722778198342,-0.215113740809972));
#3289=CARTESIAN_POINT('',(0.282533051931748,0.034725248412753,-0.220976436046878));
#3290=CARTESIAN_POINT('',(0.298229547189006,0.0343977279878386,-0.221143828350007));
#3291=CARTESIAN_POINT('',(0.344005508502849,0.0322008556698486,-0.22173721717513));
#3292=CARTESIAN_POINT('',(0.419798090884738,0.0293273247126862,-0.224154859892785));
#3293=CARTESIAN_POINT('',(0.483235672645631,0.019068278350636,-0.219143400788619));
#3294=CARTESIAN_POINT('',(0.555347454711814,0.0260650654079354,-0.22090985169373));
#3295=CARTESIAN_POINT('',(0.557223008596618,-0.00177708658674535,-0.216175258334387));
#3296=CARTESIAN_POINT('',(0.5575,-0.00588895818727254,-0.215476029338797));
#3297=CARTESIAN_POINT('',(0.55754808555006,-0.00660277675808202,-0.215354643582919));
#3298=CARTESIAN_POINT('',(0.557596171100121,-0.00731659532889149,-0.215233257827042));
#3299=CARTESIAN_POINT('',(0.557644256650181,-0.00803041389970097,-0.215111872071164));
#3300=CARTESIAN_POINT('',(0.282533051931748,0.0346416719170891,-0.22093590892878));
#3301=CARTESIAN_POINT('',(0.298229547189006,0.0343151616884106,-0.221103268263608));
#3302=CARTESIAN_POINT('',(0.344005508502849,0.0321241561808227,-0.221698167806137));
#3303=CARTESIAN_POINT('',(0.419798090884738,0.0292589089099654,-0.224117873201111));
#3304=CARTESIAN_POINT('',(0.483235672645631,0.0190224115157508,-0.219117901201997));
#3305=CARTESIAN_POINT('',(0.555347454711814,0.0260067977772357,-0.22087658366229));
#3306=CARTESIAN_POINT('',(0.557223008596618,-0.00179304219264465,-0.216166116719005));
#3307=CARTESIAN_POINT('',(0.5575,-0.00589866493664773,-0.215470450836102));
#3308=CARTESIAN_POINT('',(0.55754808555006,-0.00661139870951929,-0.21534968363456));
#3309=CARTESIAN_POINT('',(0.557596171100121,-0.00732413248239085,-0.215228916433018));
#3310=CARTESIAN_POINT('',(0.557644256650181,-0.00803686625526241,-0.215108149231476));
#3311=CARTESIAN_POINT('',(0.282533051931748,0.0345993631303885,-0.220915785418481));
#3312=CARTESIAN_POINT('',(0.298229547189006,0.0342733623318166,-0.221083124269966));
#3313=CARTESIAN_POINT('',(0.344005508502849,0.0320853218809801,-0.221678763394629));
#3314=CARTESIAN_POINT('',(0.419798090884738,0.0292242608803211,-0.224099477547889));
#3315=CARTESIAN_POINT('',(0.48323567264563,0.0189991813300153,-0.219105213431357));
#3316=CARTESIAN_POINT('',(0.555347454711814,0.0259772828150427,-0.220860024893841));
#3317=CARTESIAN_POINT('',(0.557223008596618,-0.00180112232220642,-0.216161565473347));
#3318=CARTESIAN_POINT('',(0.5575,-0.00590357946034773,-0.215467672922905));
#3319=CARTESIAN_POINT('',(0.55754808555006,-0.00661576368584245,-0.21534721357087));
#3320=CARTESIAN_POINT('',(0.557596171100121,-0.00732794791133717,-0.215226754218835));
#3321=CARTESIAN_POINT('',(0.557644256650181,-0.00804013213683189,-0.2151062948668));
#3322=CARTESIAN_POINT('',(0.282533051931748,0.0342140231736329,-0.220735924700644));
#3323=CARTESIAN_POINT('',(0.298229547189006,0.0338926450849121,-0.220903043930627));
#3324=CARTESIAN_POINT('',(0.344005508502849,0.0317315671842422,-0.22150519952823));
#3325=CARTESIAN_POINT('',(0.419798090884738,0.0289085714585458,-0.223934792502351));
#3326=CARTESIAN_POINT('',(0.48323567264563,0.0187875088208571,-0.218991580267028));
#3327=CARTESIAN_POINT('',(0.555347454711814,0.0257083075511134,-0.220711672371024));
#3328=CARTESIAN_POINT('',(0.557223008596618,-0.00187474010441084,-0.21612078021048));
#3329=CARTESIAN_POINT('',(0.5575,-0.00594834584912507,-0.215442773743896));
#3330=CARTESIAN_POINT('',(0.55754808555006,-0.00665552148913299,-0.215325072206981));
#3331=CARTESIAN_POINT('',(0.557596171100121,-0.00736269712914091,-0.215207370670067));
#3332=CARTESIAN_POINT('',(0.557644256650181,-0.00806987276914882,-0.215089669133152));
#3333=CARTESIAN_POINT('',(0.282533051931748,0.0338390658684189,-0.220584943617116));
#3334=CARTESIAN_POINT('',(0.298229547189006,0.0335220659316943,-0.220751616809051));
#3335=CARTESIAN_POINT('',(0.344005508502849,0.0313869248002641,-0.221358570933574));
#3336=CARTESIAN_POINT('',(0.419798090884738,0.0286005299815721,-0.223794633944296));
#3337=CARTESIAN_POINT('',(0.48323567264563,0.0185808606346614,-0.218894532273328));
#3338=CARTESIAN_POINT('',(0.555347454711814,0.0254454630200306,-0.220584613369169));
#3339=CARTESIAN_POINT('',(0.557223008596618,-0.00194655407009327,-0.216085777829695));
#3340=CARTESIAN_POINT('',(0.5575,-0.00599194744254358,-0.215421366756379));
#3341=CARTESIAN_POINT('',(0.55754808555006,-0.00669422543077512,-0.215306025372002));
#3342=CARTESIAN_POINT('',(0.557596171100121,-0.00739650341900665,-0.215190683987625));
#3343=CARTESIAN_POINT('',(0.557644256650181,-0.00809878140723819,-0.215075342603249));
#3344=CARTESIAN_POINT('',(0.282533051931748,0.0332385596222732,-0.22037099853866));
#3345=CARTESIAN_POINT('',(0.298229547189006,0.0329284324801354,-0.220536687998017));
#3346=CARTESIAN_POINT('',(0.344005508502849,0.0308344838946187,-0.221149538755817));
#3347=CARTESIAN_POINT('',(0.419798090884738,0.0281061994102487,-0.223593448192165));
#3348=CARTESIAN_POINT('',(0.483235672645631,0.0182491260005189,-0.218754776928045));
#3349=CARTESIAN_POINT('',(0.555347454711814,0.0250232189965068,-0.220401168710185));
#3350=CARTESIAN_POINT('',(0.557223008596618,-0.00206176333077378,-0.216035141631354));
#3351=CARTESIAN_POINT('',(0.5575,-0.00606181223696476,-0.215390344391687));
#3352=CARTESIAN_POINT('',(0.55754808555006,-0.00675621845164792,-0.215278407957674));
#3353=CARTESIAN_POINT('',(0.557596171100121,-0.00745062466633108,-0.215166471523661));
#3354=CARTESIAN_POINT('',(0.557644256650181,-0.00814503088101424,-0.215054535089648));
#3355=CARTESIAN_POINT('',(0.282533051931748,0.0330320618140614,-0.220301773795325));
#3356=CARTESIAN_POINT('',(0.298229547189006,0.0327242763988338,-0.220467082959879));
#3357=CARTESIAN_POINT('',(0.344005508502849,0.0306444390596478,-0.221081682480465));
#3358=CARTESIAN_POINT('',(0.419798090884738,0.0279360582796384,-0.223527897754232));
#3359=CARTESIAN_POINT('',(0.48323567264563,0.0181349313234746,-0.218709163506929));
#3360=CARTESIAN_POINT('',(0.555347454711814,0.0248778202355188,-0.22034121391999));
#3361=CARTESIAN_POINT('',(0.557223008596618,-0.00210140836706001,-0.216018575478726));
#3362=CARTESIAN_POINT('',(0.5575,-0.00608583902156791,-0.215380186095271));
#3363=CARTESIAN_POINT('',(0.55754808555006,-0.00677753391664335,-0.215269362061451));
#3364=CARTESIAN_POINT('',(0.557596171100121,-0.00746922881171878,-0.215158538027631));
#3365=CARTESIAN_POINT('',(0.557644256650181,-0.00816092370679422,-0.215047713993812));
#3366=CARTESIAN_POINT('',(0.282533051931748,0.0326080663839427,-0.220167352288954));
#3367=CARTESIAN_POINT('',(0.298229547189006,0.0323050505031729,-0.220331805941399));
#3368=CARTESIAN_POINT('',(0.344005508502849,0.0302540905395515,-0.220949500511539));
#3369=CARTESIAN_POINT('',(0.419798090884738,0.0275864369759862,-0.223399753305639));
#3370=CARTESIAN_POINT('',(0.48323567264563,0.0179002326603693,-0.218619844140024));
#3371=CARTESIAN_POINT('',(0.555347454711814,0.0245789220982666,-0.220223662003661));
#3372=CARTESIAN_POINT('',(0.557223008596618,-0.00218287994062897,-0.215986057133016));
#3373=CARTESIAN_POINT('',(0.5575,-0.00613519992665911,-0.215360225942769));
#3374=CARTESIAN_POINT('',(0.55754808555006,-0.00682132042795299,-0.215251582004147));
#3375=CARTESIAN_POINT('',(0.557596171100121,-0.00750744092924686,-0.215142938065525));
#3376=CARTESIAN_POINT('',(0.557644256650181,-0.00819356143054074,-0.215034294126903));
#3377=CARTESIAN_POINT('',(0.282533051931748,0.0323905112615478,-0.220102146450596));
#3378=CARTESIAN_POINT('',(0.298229547189006,0.032089923772176,-0.220266124680867));
#3379=CARTESIAN_POINT('',(0.344005508502849,0.0300537335392731,-0.220885165350981));
#3380=CARTESIAN_POINT('',(0.419798090884738,0.0274069079019252,-0.223337149356476));
#3381=CARTESIAN_POINT('',(0.483235672645631,0.0177796969843853,-0.218576131416978));
#3382=CARTESIAN_POINT('',(0.555347454711814,0.0244253780318146,-0.22016605473428));
#3383=CARTESIAN_POINT('',(0.557223008596618,-0.00222471847213632,-0.215970102270811));
#3384=CARTESIAN_POINT('',(0.5575,-0.00616054121266443,-0.21535042252138));
#3385=CARTESIAN_POINT('',(0.55754808555006,-0.00684379780152363,-0.215242846469384));
#3386=CARTESIAN_POINT('',(0.557596171100121,-0.00752705439038283,-0.215135270417388));
#3387=CARTESIAN_POINT('',(0.557644256650181,-0.00821031097924203,-0.215027694365392));
#3388=CARTESIAN_POINT('',(0.282533051931748,0.0317225222276763,-0.219912135052509));
#3389=CARTESIAN_POINT('',(0.298229547189006,0.0314293398139098,-0.220074554835261));
#3390=CARTESIAN_POINT('',(0.344005508502849,0.0294383706259843,-0.220697073432851));
#3391=CARTESIAN_POINT('',(0.419798090884738,0.0268553076653528,-0.223153451195018));
#3392=CARTESIAN_POINT('',(0.483235672645631,0.0174093020648995,-0.218447648355736));
#3393=CARTESIAN_POINT('',(0.555347454711814,0.0239534510270842,-0.219996511510839));
#3394=CARTESIAN_POINT('',(0.557223008596618,-0.0023532750140833,-0.215923092279991));
#3395=CARTESIAN_POINT('',(0.5575,-0.00623838704609116,-0.215321508865908));
#3396=CARTESIAN_POINT('',(0.55754808555006,-0.00691284028479808,-0.215217074327434));
#3397=CARTESIAN_POINT('',(0.557596171100121,-0.007587293523505,-0.215112639788961));
#3398=CARTESIAN_POINT('',(0.557644256650181,-0.00826174676221192,-0.215008205250487));
#3399=CARTESIAN_POINT('',(0.282533051931748,0.0312567646495132,-0.219792935609768));
#3400=CARTESIAN_POINT('',(0.298229547189006,0.0309686788213656,-0.21995414018618));
#3401=CARTESIAN_POINT('',(0.344005508502849,0.0290090728005203,-0.220578230238818));
#3402=CARTESIAN_POINT('',(0.419798090884738,0.026470223488452,-0.223036470668753));
#3403=CARTESIAN_POINT('',(0.48323567264563,0.017150654929864,-0.218365533125433));
#3404=CARTESIAN_POINT('',(0.555347454711814,0.023623773283432,-0.21988785414148));
#3405=CARTESIAN_POINT('',(0.557223008596618,-0.00244303397194785,-0.215892891747167));
#3406=CARTESIAN_POINT('',(0.5575,-0.00629271356892333,-0.215302895240522));
#3407=CARTESIAN_POINT('',(0.55754808555006,-0.0069610157570644,-0.215200472182588));
#3408=CARTESIAN_POINT('',(0.557596171100121,-0.00762931794520547,-0.215098049124655));
#3409=CARTESIAN_POINT('',(0.557644256650181,-0.00829762013334654,-0.214995626066721));
#3410=CARTESIAN_POINT('',(0.282533051931748,0.0305328751701767,-0.219623714169647));
#3411=CARTESIAN_POINT('',(0.298229547189006,0.030252630138897,-0.219782874844021));
#3412=CARTESIAN_POINT('',(0.344005508502848,0.0283415674703661,-0.220408376942146));
#3413=CARTESIAN_POINT('',(0.419798090884738,0.0258711402035817,-0.222868062693946));
#3414=CARTESIAN_POINT('',(0.48323567264563,0.0167481930112838,-0.218246927402453));
#3415=CARTESIAN_POINT('',(0.555347454711814,0.0231106278096227,-0.219730515330253));
#3416=CARTESIAN_POINT('',(0.557223008596618,-0.00258268515661969,-0.215849066794881));
#3417=CARTESIAN_POINT('',(0.5575,-0.00637720520411937,-0.215275834596287));
#3418=CARTESIAN_POINT('',(0.55754808555006,-0.00703593172584901,-0.215176321812695));
#3419=CARTESIAN_POINT('',(0.557596171100121,-0.00769465824757864,-0.215076809029102));
#3420=CARTESIAN_POINT('',(0.557644256650181,-0.00835338476930828,-0.21497729624551));
#3421=CARTESIAN_POINT('',(0.282533051931748,0.0302874009578627,-0.219568884156479));
#3422=CARTESIAN_POINT('',(0.298229547189006,0.0300098019714469,-0.219727327026582));
#3423=CARTESIAN_POINT('',(0.344005508502848,0.0281151684583982,-0.220353143908634));
#3424=CARTESIAN_POINT('',(0.419798090884738,0.0256678967144591,-0.22281308880075));
#3425=CARTESIAN_POINT('',(0.483235672645631,0.0166116412398311,-0.21820814394899));
#3426=CARTESIAN_POINT('',(0.555347454711814,0.0229364993770439,-0.219678997254548));
#3427=CARTESIAN_POINT('',(0.557223008596618,-0.00263006513119826,-0.21583470144091));
#3428=CARTESIAN_POINT('',(0.5575,-0.00640586631727654,-0.215266956146541));
#3429=CARTESIAN_POINT('',(0.55754808555006,-0.00706134325531166,-0.2151683958864));
#3430=CARTESIAN_POINT('',(0.557596171100121,-0.00771682019334678,-0.21506983562626));
#3431=CARTESIAN_POINT('',(0.557644256650181,-0.00837229713138191,-0.21497127536612));
#3432=CARTESIAN_POINT('',(0.282533051931748,0.0297887046261609,-0.219462285295943));
#3433=CARTESIAN_POINT('',(0.298229547189006,0.0295164570843491,-0.219619223622209));
#3434=CARTESIAN_POINT('',(0.344005508502848,0.0276551391850401,-0.220245372809346));
#3435=CARTESIAN_POINT('',(0.419798090884738,0.0252548195083942,-0.222705412042207));
#3436=CARTESIAN_POINT('',(0.483235672645631,0.016334081792055,-0.218132050432603));
#3437=CARTESIAN_POINT('',(0.555347454711814,0.022582516346521,-0.219577784996063));
#3438=CARTESIAN_POINT('',(0.557223008596618,-0.00272637624169699,-0.215806453593208));
#3439=CARTESIAN_POINT('',(0.5575,-0.00646412311895593,-0.21524948405671));
#3440=CARTESIAN_POINT('',(0.55754808555006,-0.00711299385062724,-0.215152794462007));
#3441=CARTESIAN_POINT('',(0.557596171100121,-0.00776186458229856,-0.215056104867304));
#3442=CARTESIAN_POINT('',(0.557644256650181,-0.00841073531396987,-0.214959415272601));
#3443=CARTESIAN_POINT('',(0.282533051931748,0.0295354639609856,-0.21941052785906));
#3444=CARTESIAN_POINT('',(0.298229547189006,0.0292659219574836,-0.2195666792308));
#3445=CARTESIAN_POINT('',(0.344005508502849,0.027421491677353,-0.220192844890167));
#3446=CARTESIAN_POINT('',(0.419798090884738,0.0250449702226253,-0.222652717806039));
#3447=CARTESIAN_POINT('',(0.48323567264563,0.0161930640445425,-0.218094745821821));
#3448=CARTESIAN_POINT('',(0.555347454711814,0.0224026485982826,-0.219528097658783));
#3449=CARTESIAN_POINT('',(0.557223008596618,-0.00277530964387056,-0.215792572266852));
#3450=CARTESIAN_POINT('',(0.5575,-0.00649371946632065,-0.215240890745428));
#3451=CARTESIAN_POINT('',(0.55754808555006,-0.00713923329627705,-0.215145119147134));
#3452=CARTESIAN_POINT('',(0.557596171100121,-0.00778474712623345,-0.215049347548839));
#3453=CARTESIAN_POINT('',(0.557644256650181,-0.00843026095618985,-0.214953575950544));
#3454=CARTESIAN_POINT('',(0.282533051931748,0.028764775696213,-0.219259864970036));
#3455=CARTESIAN_POINT('',(0.298229547189006,0.028503432966595,-0.219413555205342));
#3456=CARTESIAN_POINT('',(0.344005508502849,0.0267103095750409,-0.220039331581891));
#3457=CARTESIAN_POINT('',(0.419798090884738,0.0244060854813652,-0.222498080161856));
#3458=CARTESIAN_POINT('',(0.48323567264563,0.0157636973959282,-0.217985072074861));
#3459=CARTESIAN_POINT('',(0.555347454711814,0.021854929378523,-0.219381815016928));
#3460=CARTESIAN_POINT('',(0.557223008596618,-0.00292430466872952,-0.215751663474309));
#3461=CARTESIAN_POINT('',(0.5575,-0.00658382886000541,-0.215215544102625));
#3462=CARTESIAN_POINT('',(0.55754808555006,-0.00721912017788711,-0.215122474084672));
#3463=CARTESIAN_POINT('',(0.557596171100121,-0.00785441149576882,-0.21502940406672));
#3464=CARTESIAN_POINT('',(0.557644256650181,-0.00848970281365052,-0.214936334048768));
#3465=CARTESIAN_POINT('',(0.282533051931748,0.0282363618273693,-0.219165568939515));
#3466=CARTESIAN_POINT('',(0.298229547189006,0.0279805954922801,-0.21931748472006));
#3467=CARTESIAN_POINT('',(0.344005508502849,0.0262225354011649,-0.219942416642054));
#3468=CARTESIAN_POINT('',(0.419798090884738,0.0239677131419198,-0.222399581818168));
#3469=CARTESIAN_POINT('',(0.483235672645631,0.0154690350887495,-0.217914943024064));
#3470=CARTESIAN_POINT('',(0.555347454711814,0.0214789619319573,-0.219287999082339));
#3471=CARTESIAN_POINT('',(0.557223008596618,-0.00302656110975317,-0.215725371194646));
#3472=CARTESIAN_POINT('',(0.5575,-0.00664566225791604,-0.215199224062146));
#3473=CARTESIAN_POINT('',(0.55754808555006,-0.00727393615850801,-0.215107885219243));
#3474=CARTESIAN_POINT('',(0.557596171100121,-0.00790221005909999,-0.21501654637634));
#3475=CARTESIAN_POINT('',(0.557644256650181,-0.00853048395969196,-0.214925207533437));
#3476=CARTESIAN_POINT('',(0.282533051931748,0.0271540839249016,-0.218989180357285));
#3477=CARTESIAN_POINT('',(0.298229547189006,0.0269096545943809,-0.2191372999672));
#3478=CARTESIAN_POINT('',(0.344005508502849,0.0252231963555333,-0.219759428269012));
#3479=CARTESIAN_POINT('',(0.419798090884738,0.023069244315179,-0.222211839355728));
#3480=CARTESIAN_POINT('',(0.483235672645631,0.0148650116037683,-0.217780731246932));
#3481=CARTESIAN_POINT('',(0.555347454711814,0.0207081189661015,-0.219107901501623));
#3482=CARTESIAN_POINT('',(0.557223008596618,-0.00323618698771911,-0.215674786567602));
#3483=CARTESIAN_POINT('',(0.5575,-0.0067724047220616,-0.215167766571402));
#3484=CARTESIAN_POINT('',(0.55754808555006,-0.00738629010916266,-0.21507974818848));
#3485=CARTESIAN_POINT('',(0.557596171100121,-0.00800017549626372,-0.214991729805558));
#3486=CARTESIAN_POINT('',(0.557644256650181,-0.00861406088336479,-0.214903711422637));
#3487=CARTESIAN_POINT('',(0.282533051931748,0.0266002999114919,-0.218907079688846));
#3488=CARTESIAN_POINT('',(0.298229547189006,0.0263616304264319,-0.219053178069999));
#3489=CARTESIAN_POINT('',(0.344005508502848,0.0247117055368718,-0.219673348785364));
#3490=CARTESIAN_POINT('',(0.419798090884738,0.022609214873337,-0.22212259145763));
#3491=CARTESIAN_POINT('',(0.48323567264563,0.0145556937059764,-0.217716646560351));
#3492=CARTESIAN_POINT('',(0.555347454711814,0.0203133020031132,-0.219021617966491));
#3493=CARTESIAN_POINT('',(0.557223008596618,-0.00334354362108869,-0.215650493861982));
#3494=CARTESIAN_POINT('',(0.5575,-0.00683730774172117,-0.215152628988971));
#3495=CARTESIAN_POINT('',(0.55754808555006,-0.00744382320563195,-0.215066199930227));
#3496=CARTESIAN_POINT('',(0.557596171100121,-0.00805033866954274,-0.214979770871484));
#3497=CARTESIAN_POINT('',(0.557644256650181,-0.00865685413345352,-0.21489334181274));
#3498=CARTESIAN_POINT('',(0.282533051931748,0.0254700892937571,-0.218755093448636));
#3499=CARTESIAN_POINT('',(0.298229547189006,0.0252430963246261,-0.218896916292889));
#3500=CARTESIAN_POINT('',(0.344005508502848,0.0236675317937158,-0.21951209318974));
#3501=CARTESIAN_POINT('',(0.419798090884738,0.0216697747123441,-0.221953464541847));
#3502=CARTESIAN_POINT('',(0.483235672645631,0.0139239295218346,-0.217594621187033));
#3503=CARTESIAN_POINT('',(0.555347454711814,0.0195067733076615,-0.218856732054643));
#3504=CARTESIAN_POINT('',(0.557223008596618,-0.00356284000221094,-0.215603953497403));
#3505=CARTESIAN_POINT('',(0.5575,-0.00696987864714513,-0.215123566500922));
#3506=CARTESIAN_POINT('',(0.55754808555006,-0.00756133861780856,-0.215040171591601));
#3507=CARTESIAN_POINT('',(0.557596171100121,-0.00815279858847198,-0.214956776682281));
#3508=CARTESIAN_POINT('',(0.557644256650181,-0.00874425855913541,-0.21487338177296));
#3509=CARTESIAN_POINT('',(0.282533051931748,0.0248936434336689,-0.21868520983026));
#3510=CARTESIAN_POINT('',(0.298229547189006,0.0246725673303039,-0.218824778247954));
#3511=CARTESIAN_POINT('',(0.344005508502848,0.0231348311590282,-0.219436918522539));
#3512=CARTESIAN_POINT('',(0.419798090884738,0.0211903482897405,-0.221873586407586));
#3513=CARTESIAN_POINT('',(0.483235672645631,0.0136014730201845,-0.217536680964587));
#3514=CARTESIAN_POINT('',(0.555347454711814,0.0190950487075989,-0.218778130082042));
#3515=CARTESIAN_POINT('',(0.557223008596618,-0.00367478198350968,-0.215581705903075));
#3516=CARTESIAN_POINT('',(0.5575,-0.00703754719596413,-0.215109641609795));
#3517=CARTESIAN_POINT('',(0.55754808555006,-0.00762132132393406,-0.215027691517017));
#3518=CARTESIAN_POINT('',(0.557596171100121,-0.00820509545190399,-0.214945741424238));
#3519=CARTESIAN_POINT('',(0.557644256650181,-0.00878886957987392,-0.214863791331459));
#3520=CARTESIAN_POINT('',(0.282533051931748,0.0237205933404558,-0.218557702108902));
#3521=CARTESIAN_POINT('',(0.298229547189006,0.0235114835931853,-0.218692540796708));
#3522=CARTESIAN_POINT('',(0.344005508502848,0.0220505381139122,-0.219297558773939));
#3523=CARTESIAN_POINT('',(0.419798090884738,0.020214190007093,-0.221723328713281));
#3524=CARTESIAN_POINT('',(0.483235672645631,0.0129448288819379,-0.217427050051696));
#3525=CARTESIAN_POINT('',(0.555347454711814,0.0182564925581678,-0.218628761344345));
#3526=CARTESIAN_POINT('',(0.557223008596618,-0.00390276347987063,-0.215539302133385));
#3527=CARTESIAN_POINT('',(0.5575,-0.00717535590049345,-0.215083034974404));
#3528=CARTESIAN_POINT('',(0.55754808555006,-0.00774347608309629,-0.215003827255153));
#3529=CARTESIAN_POINT('',(0.557596171100121,-0.00831159626569912,-0.214924619535902));
#3530=CARTESIAN_POINT('',(0.557644256650181,-0.00887971644830196,-0.214845411816651));
#3531=CARTESIAN_POINT('',(0.282533051931748,0.0231240413038114,-0.218500066514066));
#3532=CARTESIAN_POINT('',(0.298229547189006,0.0229209806022424,-0.218632430274752));
#3533=CARTESIAN_POINT('',(0.344005508502849,0.0214989942794796,-0.219233363991859));
#3534=CARTESIAN_POINT('',(0.419798090884738,0.0197175023657779,-0.221652941469262));
#3535=CARTESIAN_POINT('',(0.483235672645631,0.0126106708680809,-0.217375354607078));
#3536=CARTESIAN_POINT('',(0.555347454711814,0.0178296996847027,-0.218557988799759));
#3537=CARTESIAN_POINT('',(0.557223008596618,-0.00401879260328262,-0.215519144513843));
#3538=CARTESIAN_POINT('',(0.5575,-0.0072454898417169,-0.215070352426218));
#3539=CARTESIAN_POINT('',(0.55754808555006,-0.00780564264679932,-0.214992442375102));
#3540=CARTESIAN_POINT('',(0.557596171100121,-0.00836579545188174,-0.214914532323986));
#3541=CARTESIAN_POINT('',(0.557644256650181,-0.00892594825696417,-0.21483662227287));
#3542=CARTESIAN_POINT('',(0.282533051931748,0.0219129244756189,-0.218397178368562));
#3543=CARTESIAN_POINT('',(0.298229547189006,0.0217220730112062,-0.218524381138784));
#3544=CARTESIAN_POINT('',(0.344005508502849,0.0203789989628441,-0.219116117559236));
#3545=CARTESIAN_POINT('',(0.419798090884738,0.0187086086646882,-0.221521849228069));
#3546=CARTESIAN_POINT('',(0.483235672645631,0.0119318215667378,-0.217278352932113));
#3547=CARTESIAN_POINT('',(0.555347454711814,0.0169625417394851,-0.218424474115707));
#3548=CARTESIAN_POINT('',(0.557223008596618,-0.00425454226266724,-0.215480978551635));
#3549=CARTESIAN_POINT('',(0.5575,-0.00738798989168375,-0.215046268051581));
#3550=CARTESIAN_POINT('',(0.55754808555006,-0.00793195461761638,-0.214970802556057));
#3551=CARTESIAN_POINT('',(0.557596171100121,-0.008475919343549,-0.214895337060533));
#3552=CARTESIAN_POINT('',(0.557644256650181,-0.00901988406948163,-0.214819871565009));
#3553=CARTESIAN_POINT('',(0.282533051931748,0.0212983273024296,-0.218351932948171));
#3554=CARTESIAN_POINT('',(0.298229547189006,0.0211136363202949,-0.21847644941856));
#3555=CARTESIAN_POINT('',(0.344005508502849,0.0198105174672617,-0.219063071900857));
#3556=CARTESIAN_POINT('',(0.419798090884738,0.0181963755102201,-0.221461148929486));
#3557=CARTESIAN_POINT('',(0.483235672645631,0.0115871124765247,-0.2172330495782));
#3558=CARTESIAN_POINT('',(0.555347454711814,0.016522153424768,-0.218361735415676));
#3559=CARTESIAN_POINT('',(0.557223008596618,-0.0043742680115806,-0.215462970939003));
#3560=CARTESIAN_POINT('',(0.5575,-0.00746035855060162,-0.215034866555027));
#3561=CARTESIAN_POINT('',(0.55754808555006,-0.00799610211265015,-0.214960547877496));
#3562=CARTESIAN_POINT('',(0.557596171100121,-0.00853184567469869,-0.214886229199966));
#3563=CARTESIAN_POINT('',(0.557644256650181,-0.00906758923674722,-0.214811910522435));
#3564=CARTESIAN_POINT('',(0.282533051931748,0.0200528621880864,-0.218274037555314));
#3565=CARTESIAN_POINT('',(0.298229547189006,0.0198805854297055,-0.218392977089128));
#3566=CARTESIAN_POINT('',(0.344005508502848,0.0186582565979454,-0.218968352004086));
#3567=CARTESIAN_POINT('',(0.419798090884738,0.0171578395386714,-0.221349672937878));
#3568=CARTESIAN_POINT('',(0.483235672645631,0.0108881354392911,-0.217149007814552));
#3569=CARTESIAN_POINT('',(0.555347454711814,0.0156290487521609,-0.218244526706632));
#3570=CARTESIAN_POINT('',(0.557223008596618,-0.00461707262427936,-0.215429172329575));
#3571=CARTESIAN_POINT('',(0.5575,-0.00760712351993269,-0.215013386376295));
#3572=CARTESIAN_POINT('',(0.55754808555006,-0.00812619465452483,-0.214941206171327));
#3573=CARTESIAN_POINT('',(0.557596171100121,-0.00864526578911698,-0.214869025966358));
#3574=CARTESIAN_POINT('',(0.557644256650181,-0.00916433692370912,-0.214796845761389));
#3575=CARTESIAN_POINT('',(0.282533051931748,0.0194220047778393,-0.218241387845374));
#3576=CARTESIAN_POINT('',(0.298229547189006,0.0192559816650584,-0.218357436793739));
#3577=CARTESIAN_POINT('',(0.344005508502849,0.0180744870279002,-0.21892667820119));
#3578=CARTESIAN_POINT('',(0.419798090884738,0.0166315456344916,-0.221298897859374));
#3579=CARTESIAN_POINT('',(0.483235672645631,0.0105338737377363,-0.217110269928406));
#3580=CARTESIAN_POINT('',(0.555347454711814,0.01517634015958,-0.218190057406949));
#3581=CARTESIAN_POINT('',(0.557223008596618,-0.00474014883687082,-0.215413381604858));
#3582=CARTESIAN_POINT('',(0.5575,-0.00768151793443068,-0.215003307901624));
#3583=CARTESIAN_POINT('',(0.55754808555006,-0.00819213793656648,-0.214932119340013));
#3584=CARTESIAN_POINT('',(0.557596171100121,-0.00870275793870228,-0.214860930778402));
#3585=CARTESIAN_POINT('',(0.557644256650181,-0.00921337794083809,-0.214789742216791));
#3586=CARTESIAN_POINT('',(0.282533051931748,0.0175076614818575,-0.218162627230502));
#3587=CARTESIAN_POINT('',(0.298229547189006,0.0173605121657179,-0.21826970845952));
#3588=CARTESIAN_POINT('',(0.344005508502849,0.0163026662816544,-0.218819035272752));
#3589=CARTESIAN_POINT('',(0.419798090884738,0.0150337503545066,-0.221161804607171));
#3590=CARTESIAN_POINT('',(0.483235672645631,0.00945822019479961,-0.217004154844566));
#3591=CARTESIAN_POINT('',(0.555347454711814,0.0138016033542453,-0.218039394664889));
#3592=CARTESIAN_POINT('',(0.557223008596618,-0.00511390384416121,-0.215369431139051));
#3593=CARTESIAN_POINT('',(0.5575,-0.00790744282324426,-0.214975117251302));
#3594=CARTESIAN_POINT('',(0.55754808555006,-0.00839239960090579,-0.214906664584694));
#3595=CARTESIAN_POINT('',(0.557596171100121,-0.00887735637856733,-0.214838211918086));
#3596=CARTESIAN_POINT('',(0.557644256650181,-0.00936231315622886,-0.214769759251479));
#3597=CARTESIAN_POINT('',(0.282533051931748,0.0162022922029346,-0.218135702045875));
#3598=CARTESIAN_POINT('',(0.298229547189006,0.0160678769904998,-0.218236409634079));
#3599=CARTESIAN_POINT('',(0.344005508502849,0.0150939990011353,-0.218770440001054));
#3600=CARTESIAN_POINT('',(0.419798090884738,0.0139432412048393,-0.221090711868859));
#3601=CARTESIAN_POINT('',(0.483235672645631,0.00872389689292431,-0.216946871034561));
#3602=CARTESIAN_POINT('',(0.555347454711814,0.0128628821069021,-0.217955938736417));
#3603=CARTESIAN_POINT('',(0.557223008596618,-0.00536913124333358,-0.21534469084418));
#3604=CARTESIAN_POINT('',(0.5575,-0.00806172835039589,-0.214959048381913));
#3605=CARTESIAN_POINT('',(0.55754808555006,-0.0085291616764955,-0.214892101069837));
#3606=CARTESIAN_POINT('',(0.557596171100121,-0.00899659500259512,-0.21482515375776));
#3607=CARTESIAN_POINT('',(0.557644256650181,-0.00946402832869473,-0.214758206445684));
#3608=CARTESIAN_POINT('',(0.282533051931748,0.0135446116904806,-0.218134523099013));
#3609=CARTESIAN_POINT('',(0.298229547189006,0.0134358505867054,-0.218221736177635));
#3610=CARTESIAN_POINT('',(0.344005508502849,0.0126322321411726,-0.218721184993003));
#3611=CARTESIAN_POINT('',(0.419798090884738,0.0117210207405429,-0.220990814865178));
#3612=CARTESIAN_POINT('',(0.483235672645631,0.00722713871270497,-0.216860438243804));
#3613=CARTESIAN_POINT('',(0.555347454711814,0.0109490664077692,-0.21782464127422));
#3614=CARTESIAN_POINT('',(0.557223008596618,-0.00588951610570786,-0.215304795766198));
#3615=CARTESIAN_POINT('',(0.5575,-0.00837632421032305,-0.214932652076152));
#3616=CARTESIAN_POINT('',(0.55754808555006,-0.00880803268266111,-0.214868048143254));
#3617=CARTESIAN_POINT('',(0.557596171100121,-0.00923974115499917,-0.214803444210356));
#3618=CARTESIAN_POINT('',(0.557644256650181,-0.00967144962733723,-0.214738840277458));
#3619=CARTESIAN_POINT('',(0.282533051931748,0.0121923854548785,-0.218160286606538));
#3620=CARTESIAN_POINT('',(0.298229547189006,0.0120965434097307,-0.218240379072983));
#3621=CARTESIAN_POINT('',(0.344005508502848,0.0113792107031761,-0.21872054273573));
#3622=CARTESIAN_POINT('',(0.419798090884738,0.0105893793495363,-0.22096202810453));
#3623=CARTESIAN_POINT('',(0.483235672645631,0.00646474925632873,-0.216831301179627));
#3624=CARTESIAN_POINT('',(0.555347454711814,0.00997403174497505,-0.217776816264971));
#3625=CARTESIAN_POINT('',(0.557223008596618,-0.00615466039234132,-0.215289644701788));
#3626=CARTESIAN_POINT('',(0.5575,-0.00853662825049207,-0.214922326467255));
#3627=CARTESIAN_POINT('',(0.55754808555006,-0.00895013651568238,-0.214858560230689));
#3628=CARTESIAN_POINT('',(0.557596171100121,-0.00936364478087269,-0.214794793994123));
#3629=CARTESIAN_POINT('',(0.557644256650181,-0.009777153046063,-0.214731027757557));
#3630=CARTESIAN_POINT('',(0.282533051931748,0.0101359667333611,-0.218239286320499));
#3631=CARTESIAN_POINT('',(0.298229547189006,0.010059569393862,-0.21830816545444));
#3632=CARTESIAN_POINT('',(0.344005508502848,0.00947293911159373,-0.218756448339368));
#3633=CARTESIAN_POINT('',(0.419798090884738,0.00886693984606112,-0.22095154098511));
#3634=CARTESIAN_POINT('',(0.483235672645631,0.00530405887593298,-0.216809405432009));
#3635=CARTESIAN_POINT('',(0.555347454711814,0.00848928417202609,-0.217732751813851));
#3636=CARTESIAN_POINT('',(0.557223008596618,-0.00655845836292785,-0.215274379152634));
#3637=CARTESIAN_POINT('',(0.5575,-0.00878078604770392,-0.214911314087438));
#3638=CARTESIAN_POINT('',(0.55754808555006,-0.00916658086960784,-0.21484828619865));
#3639=CARTESIAN_POINT('',(0.557596171100121,-0.00955237569151176,-0.214785258309862));
#3640=CARTESIAN_POINT('',(0.557644256650181,-0.00993817051341569,-0.214722230421073));
#3641=CARTESIAN_POINT('',(0.282533051931748,0.00944581368291451,-0.218272345383493));
#3642=CARTESIAN_POINT('',(0.298229547189006,0.00937590893753139,-0.218337398003245));
#3643=CARTESIAN_POINT('',(0.344005508502849,0.00883305847532587,-0.218774561785712));
#3644=CARTESIAN_POINT('',(0.419798090884738,0.00828863031275323,-0.220953494194948));
#3645=CARTESIAN_POINT('',(0.483235672645631,0.00491431106420769,-0.216805741921519));
#3646=CARTESIAN_POINT('',(0.555347454711814,0.00799066903674311,-0.217722675924782));
#3647=CARTESIAN_POINT('',(0.557223008596618,-0.00669407100768727,-0.215270534267942));
#3648=CARTESIAN_POINT('',(0.5575,-0.00886278862554072,-0.214908389429383));
#3649=CARTESIAN_POINT('',(0.55754808555006,-0.00923927677032301,-0.214845521291416));
#3650=CARTESIAN_POINT('',(0.557596171100121,-0.00961576491510531,-0.214782653153449));
#3651=CARTESIAN_POINT('',(0.557644256650181,-0.0099922530598876,-0.214719785015481));
#3652=CARTESIAN_POINT('',(0.282533051931748,0.00805729223603105,-0.218352047385282));
#3653=CARTESIAN_POINT('',(0.298229547189006,0.00800038297883513,-0.218409274044902));
#3654=CARTESIAN_POINT('',(0.344005508502849,0.00754544158563873,-0.218823221730039));
#3655=CARTESIAN_POINT('',(0.419798090884738,0.0071246371413977,-0.220968451631314));
#3656=CARTESIAN_POINT('',(0.483235672645631,0.00412975258281,-0.216805796322437));
#3657=CARTESIAN_POINT('',(0.555347454711814,0.00698685745593728,-0.217711900137676));
#3658=CARTESIAN_POINT('',(0.557223008596618,-0.00696710322264966,-0.215265374518017));
#3659=CARTESIAN_POINT('',(0.5575,-0.00902789560105908,-0.214904059084592));
#3660=CARTESIAN_POINT('',(0.55754808555006,-0.00938564798566727,-0.214841334930884));
#3661=CARTESIAN_POINT('',(0.557596171100121,-0.00974340037027545,-0.214778610777176));
#3662=CARTESIAN_POINT('',(0.557644256650181,-0.0101011527548836,-0.214715886623468));
#3663=CARTESIAN_POINT('',(0.282533051931748,0.00735891557924434,-0.218398688138082));
#3664=CARTESIAN_POINT('',(0.298229547189006,0.0073085093059683,-0.218451915330325));
#3665=CARTESIAN_POINT('',(0.344005508502848,0.00689769771033306,-0.218853766048698));
#3666=CARTESIAN_POINT('',(0.419798090884738,0.00653894663599459,-0.220981453706193));
#3667=CARTESIAN_POINT('',(0.48323567264563,0.003734937322828,-0.216809512716908));
#3668=CARTESIAN_POINT('',(0.555347454711814,0.00648165504739282,-0.217711198217291));
#3669=CARTESIAN_POINT('',(0.557223008596618,-0.00710452444108143,-0.215264059052162));
#3670=CARTESIAN_POINT('',(0.5575,-0.00911100100973874,-0.214902653007199));
#3671=CARTESIAN_POINT('',(0.55754808555006,-0.00945932420067155,-0.21483991312338));
#3672=CARTESIAN_POINT('',(0.557596171100121,-0.00980764739160437,-0.214777173239561));
#3673=CARTESIAN_POINT('',(0.557644256650181,-0.0101559705825372,-0.214714433355742));
#3674=CARTESIAN_POINT('',(0.282533051931748,0.00595496277763467,-0.218505651588176));
#3675=CARTESIAN_POINT('',(0.298229547189006,0.00591756245980684,-0.218550711130521));
#3676=CARTESIAN_POINT('',(0.344005508502848,0.00559529346218611,-0.218927396991887));
#3677=CARTESIAN_POINT('',(0.419798090884738,0.00536103706891746,-0.221018628678673));
#3678=CARTESIAN_POINT('',(0.483235672645631,0.00294081250973326,-0.216824414958732));
#3679=CARTESIAN_POINT('',(0.555347454711814,0.00546539515835709,-0.217719290815183));
#3680=CARTESIAN_POINT('',(0.557223008596618,-0.00738097718506769,-0.215263992503865));
#3681=CARTESIAN_POINT('',(0.5575,-0.00927819524561194,-0.214901381474407));
#3682=CARTESIAN_POINT('',(0.55754808555006,-0.00960755122168814,-0.214838432405965));
#3683=CARTESIAN_POINT('',(0.557596171100121,-0.00993690719776433,-0.214775483337522));
#3684=CARTESIAN_POINT('',(0.557644256650181,-0.0102662631738405,-0.21471253426908));
#3685=CARTESIAN_POINT('',(0.282533051931748,0.00524938663281172,-0.21856597428547));
#3686=CARTESIAN_POINT('',(0.298229547189006,0.00521848928651223,-0.218606865645294));
#3687=CARTESIAN_POINT('',(0.344005508502849,0.00494063308934483,-0.218970483616418));
#3688=CARTESIAN_POINT('',(0.419798090884738,0.00476881800724345,-0.221042801576273));
#3689=CARTESIAN_POINT('',(0.483235672645631,0.00254150295662051,-0.216835600806086));
#3690=CARTESIAN_POINT('',(0.555347454711814,0.00495433767786582,-0.217728085333458));
#3691=CARTESIAN_POINT('',(0.557223008596618,-0.00752000871062219,-0.215265241421424));
#3692=CARTESIAN_POINT('',(0.5575,-0.00936228407280548,-0.214901516019007));
#3693=CARTESIAN_POINT('',(0.55754808555006,-0.00968210202770042,-0.214838373496053));
#3694=CARTESIAN_POINT('',(0.557596171100121,-0.0100019199825954,-0.214775230973099));
#3695=CARTESIAN_POINT('',(0.557644256650181,-0.0103217379374903,-0.214712088450145));
#3696=CARTESIAN_POINT('',(0.282533051931748,0.00383206723378335,-0.218700404065232));
#3697=CARTESIAN_POINT('',(0.298229547189006,0.00381416532610482,-0.21873279460435));
#3698=CARTESIAN_POINT('',(0.344005508502849,0.00362535020951528,-0.219069312784235));
#3699=CARTESIAN_POINT('',(0.419798090884738,0.00357871061080434,-0.221102442303524));
#3700=CARTESIAN_POINT('',(0.483235672645631,0.00173896730269984,-0.216865533018541));
#3701=CARTESIAN_POINT('',(0.555347454711814,0.00392710580927269,-0.217755295300993));
#3702=CARTESIAN_POINT('',(0.557223008596618,-0.00779948215407546,-0.215270339205154));
#3703=CARTESIAN_POINT('',(0.5575,-0.00953132472237935,-0.214903348162185));
#3704=CARTESIAN_POINT('',(0.55754808555006,-0.00983197160707663,-0.214839638725889));
#3705=CARTESIAN_POINT('',(0.557596171100121,-0.0101326184917739,-0.214775929289592));
#3706=CARTESIAN_POINT('',(0.557644256650181,-0.0104332653764712,-0.214712219853296));
#3707=CARTESIAN_POINT('',(0.282533051931748,0.0031203406575792,-0.218774524588716));
#3708=CARTESIAN_POINT('',(0.298229547189006,0.00310893099148373,-0.21880258244587));
#3709=CARTESIAN_POINT('',(0.344005508502848,0.00296474293811223,-0.219125068090914));
#3710=CARTESIAN_POINT('',(0.419798090884738,0.00298083580244042,-0.221137922035624));
#3711=CARTESIAN_POINT('',(0.483235672645631,0.00133575030295018,-0.216884287525496));
#3712=CARTESIAN_POINT('',(0.555347454711814,0.00341094294574041,-0.217773721369402));
#3713=CARTESIAN_POINT('',(0.557223008596618,-0.00793992070945354,-0.215274191060511));
#3714=CARTESIAN_POINT('',(0.5575,-0.00961627438765216,-0.214905047623116));
#3715=CARTESIAN_POINT('',(0.55754808555006,-0.00990728843259207,-0.214840964532372));
#3716=CARTESIAN_POINT('',(0.557596171100121,-0.010198302477532,-0.214776881441628));
#3717=CARTESIAN_POINT('',(0.557644256650181,-0.0104893165224719,-0.214712798350884));
#3718=CARTESIAN_POINT('',(0.282533051931748,0.000977302866995786,-0.219017590702571));
#3719=CARTESIAN_POINT('',(0.298229547189006,0.000985340513093292,-0.219032410607754));
#3720=CARTESIAN_POINT('',(0.344005508502848,0.000975266814841707,-0.219311368809364));
#3721=CARTESIAN_POINT('',(0.419798090884738,0.00117986974290268,-0.221261378321605));
#3722=CARTESIAN_POINT('',(0.483235672645631,0.000121004447770937,-0.216951951007776));
#3723=CARTESIAN_POINT('',(0.555347454711814,0.00185577881084072,-0.217843518508965));
#3724=CARTESIAN_POINT('',(0.557223008596618,-0.00836308578990571,-0.215289669973843));
#3725=CARTESIAN_POINT('',(0.5575,-0.00987226005019528,-0.214912504542607));
#3726=CARTESIAN_POINT('',(0.55754808555006,-0.0101342518432863,-0.214847028838295));
#3727=CARTESIAN_POINT('',(0.557596171100121,-0.0103962436363774,-0.214781553133984));
#3728=CARTESIAN_POINT('',(0.557644256650181,-0.0106582354294685,-0.214716077429672));
#3729=CARTESIAN_POINT('',(0.282533051931748,-0.00046192613468514,-0.219207192702959));
#3730=CARTESIAN_POINT('',(0.298229547189006,-0.000440961999380399,-0.219212867607388));
#3731=CARTESIAN_POINT('',(0.344005508502849,-0.00036131072556028,-0.219460903456873));
#3732=CARTESIAN_POINT('',(0.419798090884738,-3.06111947613641E-5,-0.221366329705719));
#3733=CARTESIAN_POINT('',(0.483235672645631,-0.000695650826305598,-0.217012231621389));
#3734=CARTESIAN_POINT('',(0.555347454711814,0.000810061356307102,-0.217909371220734));
#3735=CARTESIAN_POINT('',(0.557223008596618,-0.00864767188989186,-0.215305211322749));
#3736=CARTESIAN_POINT('',(0.5575,-0.0100444383735975,-0.214920615651776));
#3737=CARTESIAN_POINT('',(0.55754808555006,-0.0102869162406168,-0.214853850062072));
#3738=CARTESIAN_POINT('',(0.557596171100121,-0.0105293941076362,-0.214787084472368));
#3739=CARTESIAN_POINT('',(0.557644256650181,-0.0107718719746556,-0.214720318882665));
#3740=CARTESIAN_POINT('',(0.282533051931748,-0.00263190303677418,-0.219532320665391));
#3741=CARTESIAN_POINT('',(0.298229547189006,-0.00259164889615459,-0.219523828245889));
#3742=CARTESIAN_POINT('',(0.344005508502849,-0.00237722949857857,-0.219722725123612));
#3743=CARTESIAN_POINT('',(0.419798090884738,-0.00185716127412005,-0.221557390970132));
#3744=CARTESIAN_POINT('',(0.48323567264563,-0.00192822735934247,-0.217125219309793));
#3745=CARTESIAN_POINT('',(0.555347454711814,-0.000768537338178475,-0.218036922585049));
#3746=CARTESIAN_POINT('',(0.557223008596618,-0.00907735551149133,-0.215336311954435));
#3747=CARTESIAN_POINT('',(0.5575,-0.0103044443330492,-0.214937471945292));
#3748=CARTESIAN_POINT('',(0.55754808555006,-0.0105174662544411,-0.214868233546586));
#3749=CARTESIAN_POINT('',(0.557596171100121,-0.0107304881758329,-0.214798995147879));
#3750=CARTESIAN_POINT('',(0.557644256650181,-0.0109435100972247,-0.214729756749172));
#3751=CARTESIAN_POINT('',(0.282533051931748,-0.00335711105384763,-0.219647458968399));
#3752=CARTESIAN_POINT('',(0.298229547189006,-0.00331044314567523,-0.219634169251341));
#3753=CARTESIAN_POINT('',(0.344005508502848,-0.00305106888937634,-0.219816228538517));
#3754=CARTESIAN_POINT('',(0.419798090884738,-0.00246783765736912,-0.221626661773902));
#3755=CARTESIAN_POINT('',(0.483235672645631,-0.00234036596441091,-0.217166628368719));
#3756=CARTESIAN_POINT('',(0.555347454711814,-0.00129642576051979,-0.218084215639449));
#3757=CARTESIAN_POINT('',(0.557223008596618,-0.00922105562796205,-0.215347972251879));
#3758=CARTESIAN_POINT('',(0.5575,-0.0103914055528835,-0.214943869814696));
#3759=CARTESIAN_POINT('',(0.55754808555006,-0.0105945776340952,-0.214873717861474));
#3760=CARTESIAN_POINT('',(0.557596171100121,-0.0107977497153069,-0.214803565908254));
#3761=CARTESIAN_POINT('',(0.557644256650181,-0.0110009217965186,-0.214733413955033));
#3762=CARTESIAN_POINT('',(0.282533051931748,-0.00481016906441744,-0.219891481249981));
#3763=CARTESIAN_POINT('',(0.298229547189006,-0.00475071796690836,-0.219868450812743));
#3764=CARTESIAN_POINT('',(0.344005508502848,-0.00440144395690291,-0.220015919651842));
#3765=CARTESIAN_POINT('',(0.419798090884738,-0.00369191116207091,-0.221776597957591));
#3766=CARTESIAN_POINT('',(0.483235672645631,-0.00316657382804289,-0.217257100723061));
#3767=CARTESIAN_POINT('',(0.555347454711814,-0.00235478032837339,-0.218188569400881));
#3768=CARTESIAN_POINT('',(0.557223008596618,-0.00950917707714812,-0.21537394124242));
#3769=CARTESIAN_POINT('',(0.5575,-0.0105657750303455,-0.214958262540823));
#3770=CARTESIAN_POINT('',(0.55754808555006,-0.0107491998339739,-0.214886100954685));
#3771=CARTESIAN_POINT('',(0.557596171100121,-0.0109326246376022,-0.214813939368547));
#3772=CARTESIAN_POINT('',(0.557644256650181,-0.0111160494412305,-0.214741777782409));
#3773=CARTESIAN_POINT('',(0.282533051931748,-0.00553801120323191,-0.220020372603861));
#3774=CARTESIAN_POINT('',(0.298229547189006,-0.00547219080110825,-0.219992398707314));
#3775=CARTESIAN_POINT('',(0.344005508502849,-0.00507797252071006,-0.220122114280769));
#3776=CARTESIAN_POINT('',(0.419798090884738,-0.00430530204533867,-0.221857269679516));
#3777=CARTESIAN_POINT('',(0.483235672645631,-0.00358063907525094,-0.217306168204642));
#3778=CARTESIAN_POINT('',(0.555347454711814,-0.0028852412504882,-0.218245635550881));
#3779=CARTESIAN_POINT('',(0.557223008596618,-0.00965359728469763,-0.215388251037405));
#3780=CARTESIAN_POINT('',(0.5575,-0.0106531827680554,-0.214966257858322));
#3781=CARTESIAN_POINT('',(0.55754808555006,-0.0108267102393511,-0.214893000082484));
#3782=CARTESIAN_POINT('',(0.557596171100121,-0.0110002377106469,-0.214819742306647));
#3783=CARTESIAN_POINT('',(0.557644256650181,-0.0111737651819426,-0.214746484530809));
#3784=CARTESIAN_POINT('',(0.282533051931748,-0.00699514722790551,-0.22029218535571));
#3785=CARTESIAN_POINT('',(0.298229547189006,-0.00691664544747385,-0.22025418168633));
#3786=CARTESIAN_POINT('',(0.344005508502849,-0.00643262823372497,-0.220347472542498));
#3787=CARTESIAN_POINT('',(0.419798090884738,-0.00553381907909891,-0.222030289225787));
#3788=CARTESIAN_POINT('',(0.483235672645631,-0.00441003694427521,-0.217412154572808));
#3789=CARTESIAN_POINT('',(0.555347454711814,-0.0039478961581359,-0.218369797812937));
#3790=CARTESIAN_POINT('',(0.557223008596618,-0.00994292610807132,-0.21541958992468));
#3791=CARTESIAN_POINT('',(0.5575,-0.0108283028347036,-0.214983888114214));
#3792=CARTESIAN_POINT('',(0.55754808555006,-0.0109820037307996,-0.214908250527766));
#3793=CARTESIAN_POINT('',(0.557596171100121,-0.0111357046268956,-0.214832612941318));
#3794=CARTESIAN_POINT('',(0.557644256650181,-0.0112894055229916,-0.214756975354871));
#3795=CARTESIAN_POINT('',(0.282533051931748,-0.00772444111345669,-0.220435106756123));
#3796=CARTESIAN_POINT('',(0.298229547189006,-0.00763962725920463,-0.220392016774228));
#3797=CARTESIAN_POINT('',(0.344005508502849,-0.00711075538245478,-0.220466636179096));
#3798=CARTESIAN_POINT('',(0.419798090884738,-0.00614894523525007,-0.222122637005204));
#3799=CARTESIAN_POINT('',(0.48323567264563,-0.00482536954992426,-0.217469073587758));
#3800=CARTESIAN_POINT('',(0.555347454711814,-0.00448009017070973,-0.218436893710292));
#3801=CARTESIAN_POINT('',(0.557223008596618,-0.0100878347142981,-0.215436619093172));
#3802=CARTESIAN_POINT('',(0.5575,-0.0109160151486337,-0.214993523171769));
#3803=CARTESIAN_POINT('',(0.55754808555006,-0.0110597868009232,-0.214916601971869));
#3804=CARTESIAN_POINT('',(0.557596171100121,-0.0112035584532126,-0.214839680771969));
#3805=CARTESIAN_POINT('',(0.557644256650181,-0.0113473301055021,-0.214762759572069));
#3806=CARTESIAN_POINT('',(0.282533051931748,-0.00918330611283808,-0.220735249209033));
#3807=CARTESIAN_POINT('',(0.298229547189006,-0.00908593799319508,-0.220681847088031));
#3808=CARTESIAN_POINT('',(0.344005508502849,-0.00846752479256621,-0.220718203300126));
#3809=CARTESIAN_POINT('',(0.419798090884738,-0.00737995979721906,-0.222319277690928));
#3810=CARTESIAN_POINT('',(0.48323567264563,-0.00565664694522135,-0.217590951298254));
#3811=CARTESIAN_POINT('',(0.555347454711814,-0.00554537693665197,-0.218581367761274));
#3812=CARTESIAN_POINT('',(0.557223008596618,-0.0103779098163107,-0.215473465116298));
#3813=CARTESIAN_POINT('',(0.5575,-0.0110916030218603,-0.215014474136523));
#3814=CARTESIAN_POINT('',(0.55754808555006,-0.0112154997563587,-0.214934793563532));
#3815=CARTESIAN_POINT('',(0.557596171100121,-0.011339396490857,-0.21485511299054));
#3816=CARTESIAN_POINT('',(0.557644256650181,-0.0114632932253554,-0.214775432417549));
#3817=CARTESIAN_POINT('',(0.282533051931748,-0.00991286583693858,-0.220892518848702));
#3818=CARTESIAN_POINT('',(0.298229547189006,-0.00980925590492673,-0.22083389038563));
#3819=CARTESIAN_POINT('',(0.344005508502848,-0.00914615757089505,-0.220850651231551));
#3820=CARTESIAN_POINT('',(0.419798090884738,-0.00799584093487974,-0.22242361016682));
#3821=CARTESIAN_POINT('',(0.483235672645631,-0.00607258753929759,-0.217655932558013));
#3822=CARTESIAN_POINT('',(0.555347454711814,-0.00607846474454834,-0.218658779488115));
#3823=CARTESIAN_POINT('',(0.557223008596618,-0.0105230761465654,-0.215493282552634));
#3824=CARTESIAN_POINT('',(0.5575,-0.0111794791215518,-0.215025785753067));
#3825=CARTESIAN_POINT('',(0.55754808555006,-0.011293430304614,-0.214944628574598));
#3826=CARTESIAN_POINT('',(0.557596171100121,-0.0114073814876762,-0.214863471396129));
#3827=CARTESIAN_POINT('',(0.557644256650181,-0.0115213326707384,-0.214782314217661));
#3828=CARTESIAN_POINT('',(0.282533051931748,-0.0113717143575276,-0.221218952625582));
#3829=CARTESIAN_POINT('',(0.298229547189006,-0.0112556836674205,-0.221149757698824));
#3830=CARTESIAN_POINT('',(0.344005508502848,-0.0105033863208597,-0.221126566949297));
#3831=CARTESIAN_POINT('',(0.419798090884738,-0.00922781645594058,-0.222642224636113));
#3832=CARTESIAN_POINT('',(0.483235672645631,-0.00690468976213771,-0.217792586874619));
#3833=CARTESIAN_POINT('',(0.555347454711814,-0.00714502479414998,-0.218822170788146));
#3834=CARTESIAN_POINT('',(0.557223008596618,-0.0108135150585307,-0.215535221085065));
#3835=CARTESIAN_POINT('',(0.5575,-0.0113552964889963,-0.215049787518757));
#3836=CARTESIAN_POINT('',(0.55754808555006,-0.0114493494371322,-0.214965516527785));
#3837=CARTESIAN_POINT('',(0.557596171100121,-0.0115434023852681,-0.214881245536813));
#3838=CARTESIAN_POINT('',(0.557644256650181,-0.0116374553334041,-0.214796974545842));
#3839=CARTESIAN_POINT('',(0.282533051931748,-0.0121010036016658,-0.221388114851056));
#3840=CARTESIAN_POINT('',(0.298229547189006,-0.0119787939504304,-0.22131357982405));
#3841=CARTESIAN_POINT('',(0.344005508502849,-0.0111819826581699,-0.221270033015095));
#3842=CARTESIAN_POINT('',(0.419798090884738,-0.00984391108945397,-0.222756505294424));
#3843=CARTESIAN_POINT('',(0.483235672645631,-0.00732085158158064,-0.217864258820651));
#3844=CARTESIAN_POINT('',(0.555347454711814,-0.00767849711749772,-0.218908149828828));
#3845=CARTESIAN_POINT('',(0.557223008596618,-0.0109587876507473,-0.215557342112637));
#3846=CARTESIAN_POINT('',(0.5575,-0.0114432377567493,-0.215062477667903));
#3847=CARTESIAN_POINT('',(0.55754808555006,-0.0115273380195713,-0.214976569481801));
#3848=CARTESIAN_POINT('',(0.557596171100121,-0.0116114382823934,-0.2148906612957));
#3849=CARTESIAN_POINT('',(0.557644256650181,-0.0116955385452154,-0.214804753109598));
#3850=CARTESIAN_POINT('',(0.282533051931748,-0.0135587894022237,-0.221735816026773));
#3851=CARTESIAN_POINT('',(0.298229547189006,-0.0134242767968737,-0.221650513958108));
#3852=CARTESIAN_POINT('',(0.344005508502848,-0.0125386085263561,-0.221565662217963));
#3853=CARTESIAN_POINT('',(0.419798090884738,-0.0110757811535618,-0.222992930603136));
#3854=CARTESIAN_POINT('',(0.483235672645631,-0.00815301503647028,-0.218012892528538));
#3855=CARTESIAN_POINT('',(0.555347454711814,-0.00874532243839347,-0.219086889918558));
#3856=CARTESIAN_POINT('',(0.557223008596618,-0.0112492878640663,-0.215603402086791));
#3857=CARTESIAN_POINT('',(0.5575,-0.011619086302222,-0.215088942763067));
#3858=CARTESIAN_POINT('',(0.55754808555006,-0.0116832831007256,-0.214999632917119));
#3859=CARTESIAN_POINT('',(0.557596171100121,-0.0117474798992292,-0.214910323071171));
#3860=CARTESIAN_POINT('',(0.557644256650181,-0.0118116766977329,-0.214821013225223));
#3861=CARTESIAN_POINT('',(0.282533051931748,-0.014287281288512,-0.221914340526728));
#3862=CARTESIAN_POINT('',(0.298229547189006,-0.0141466446516695,-0.221823611659594));
#3863=CARTESIAN_POINT('',(0.344005508502849,-0.0132166334070494,-0.221717811912447));
#3864=CARTESIAN_POINT('',(0.419798090884738,-0.0116915521035553,-0.223115063132542));
#3865=CARTESIAN_POINT('',(0.48323567264563,-0.00856901289208252,-0.218089845239208));
#3866=CARTESIAN_POINT('',(0.555347454711814,-0.00927867156572723,-0.219179640696525));
#3867=CARTESIAN_POINT('',(0.557223008596618,-0.0113945133562515,-0.215627336564635));
#3868=CARTESIAN_POINT('',(0.5575,-0.011706991708188,-0.215102714097264));
#3869=CARTESIAN_POINT('',(0.55754808555006,-0.0117612377723306,-0.21501163993536));
#3870=CARTESIAN_POINT('',(0.557596171100121,-0.0118154838364732,-0.214920565773457));
#3871=CARTESIAN_POINT('',(0.557644256650181,-0.0118697299006158,-0.214829491611553));
#3872=CARTESIAN_POINT('',(0.282533051931748,-0.016470813824014,-0.222460300671231));
#3873=CARTESIAN_POINT('',(0.298229547189006,-0.0163118759932326,-0.222353200583186));
#3874=CARTESIAN_POINT('',(0.344005508502849,-0.0152490915197644,-0.222183913658636));
#3875=CARTESIAN_POINT('',(0.419798090884738,-0.013537615334387,-0.223490209921847));
#3876=CARTESIAN_POINT('',(0.48323567264563,-0.00981621830986907,-0.218326596990476));
#3877=CARTESIAN_POINT('',(0.555347454711814,-0.0108778084648076,-0.219465454059939));
#3878=CARTESIAN_POINT('',(0.557223008596618,-0.0118299094854358,-0.215701167767977));
#3879=CARTESIAN_POINT('',(0.5575,-0.0119705206403603,-0.215145238689537));
#3880=CARTESIAN_POINT('',(0.55754808555006,-0.0119949306568684,-0.215048729717761));
#3881=CARTESIAN_POINT('',(0.557596171100121,-0.0120193406733765,-0.214952220745985));
#3882=CARTESIAN_POINT('',(0.557644256650181,-0.0120437506898846,-0.214855711774209));
#3883=CARTESIAN_POINT('',(0.282533051931748,-0.0179240514877269,-0.222838556907383));
#3884=CARTESIAN_POINT('',(0.298229547189006,-0.0177530083836358,-0.222720416881118));
#3885=CARTESIAN_POINT('',(0.344005508502848,-0.0166020468882529,-0.222507919495326));
#3886=CARTESIAN_POINT('',(0.419798090884738,-0.0147667934303395,-0.223752335471863));
#3887=CARTESIAN_POINT('',(0.483235672645631,-0.0106467376326652,-0.218492537414774));
#3888=CARTESIAN_POINT('',(0.555347454711814,-0.0119428112707271,-0.21966639268518));
#3889=CARTESIAN_POINT('',(0.557223008596618,-0.0121198463025712,-0.21575319141373));
#3890=CARTESIAN_POINT('',(0.5575,-0.0121459917427612,-0.21517526980845));
#3891=CARTESIAN_POINT('',(0.55754808555006,-0.0121505305763054,-0.215074942946524));
#3892=CARTESIAN_POINT('',(0.557596171100121,-0.0121550694098495,-0.214974616084599));
#3893=CARTESIAN_POINT('',(0.557644256650181,-0.0121596082433936,-0.214874289222673));
#3894=CARTESIAN_POINT('',(0.282533051931748,-0.0201016895445231,-0.223426509426355));
#3895=CARTESIAN_POINT('',(0.298229547189006,-0.019912614623212,-0.223291622138765));
#3896=CARTESIAN_POINT('',(0.344005508502849,-0.0186297988664387,-0.223013019537381));
#3897=CARTESIAN_POINT('',(0.419798090884738,-0.0166094725401592,-0.224162802126531));
#3898=CARTESIAN_POINT('',(0.483235672645631,-0.0118919394379856,-0.218753097692993));
#3899=CARTESIAN_POINT('',(0.555347454711814,-0.0135397274071462,-0.219982715866439));
#3900=CARTESIAN_POINT('',(0.557223008596618,-0.0125546372739995,-0.215835275826512));
#3901=CARTESIAN_POINT('',(0.5575,-0.0124091541179841,-0.215222760640247));
#3902=CARTESIAN_POINT('',(0.55754808555006,-0.0123838983248581,-0.215116428352341));
#3903=CARTESIAN_POINT('',(0.557596171100121,-0.012358642531732,-0.215010096064435));
#3904=CARTESIAN_POINT('',(0.557644256650181,-0.012333386738606,-0.214903763776529));
#3905=CARTESIAN_POINT('',(0.282533051931748,-0.0208272240196317,-0.223625925325727));
#3906=CARTESIAN_POINT('',(0.298229547189006,-0.0206321593063142,-0.223485424234377));
#3907=CARTESIAN_POINT('',(0.344005508502849,-0.0193054592487427,-0.223184571106899));
#3908=CARTESIAN_POINT('',(0.419798090884738,-0.0172235387317088,-0.224302506275978));
#3909=CARTESIAN_POINT('',(0.483235672645631,-0.0123069256435083,-0.218841894198774));
#3910=CARTESIAN_POINT('',(0.555347454711814,-0.0140719530672044,-0.220090644243651));
#3911=CARTESIAN_POINT('',(0.557223008596618,-0.0126995551618197,-0.215863312761369));
#3912=CARTESIAN_POINT('',(0.5575,-0.0124968724103983,-0.215238998797731));
#3913=CARTESIAN_POINT('',(0.55754808555006,-0.0124616868000478,-0.215130618248785));
#3914=CARTESIAN_POINT('',(0.557596171100121,-0.0124265011896973,-0.215022237699839));
#3915=CARTESIAN_POINT('',(0.557644256650181,-0.0123913155793468,-0.214913857150893));
#3916=CARTESIAN_POINT('',(0.282533051931748,-0.0222776794396793,-0.224031453101327));
#3917=CARTESIAN_POINT('',(0.298229547189006,-0.0220706752474694,-0.223879662913554));
#3918=CARTESIAN_POINT('',(0.344005508502849,-0.0206563342703716,-0.223533887894918));
#3919=CARTESIAN_POINT('',(0.419798090884738,-0.0184514102420807,-0.224587536427073));
#3920=CARTESIAN_POINT('',(0.483235672645631,-0.01313677530225,-0.219023278536533));
#3921=CARTESIAN_POINT('',(0.555347454711814,-0.0151362968370073,-0.220311352810919));
#3922=CARTESIAN_POINT('',(0.557223008596618,-0.0129893836543429,-0.215920707290126));
#3923=CARTESIAN_POINT('',(0.5575,-0.0126723165200826,-0.215272274272866));
#3924=CARTESIAN_POINT('',(0.55754808555006,-0.0126172738459389,-0.215159706669931));
#3925=CARTESIAN_POINT('',(0.557596171100121,-0.0125622311717953,-0.215047139066996));
#3926=CARTESIAN_POINT('',(0.557644256650181,-0.0125071884976516,-0.214934571464061));
#3927=CARTESIAN_POINT('',(0.282533051931748,-0.0230025298571253,-0.224237554484113));
#3928=CARTESIAN_POINT('',(0.298229547189006,-0.0227895765823639,-0.224080089455732));
#3929=CARTESIAN_POINT('',(0.344005508502848,-0.0213314832094781,-0.223711644612998));
#3930=CARTESIAN_POINT('',(0.419798090884738,-0.0190651557416321,-0.224732856169483));
#3931=CARTESIAN_POINT('',(0.483235672645631,-0.0135515977293655,-0.219115862429767));
#3932=CARTESIAN_POINT('',(0.555347454711814,-0.0156683627234793,-0.220424128766009));
#3933=CARTESIAN_POINT('',(0.557223008596618,-0.0131342783710897,-0.215950063359781));
#3934=CARTESIAN_POINT('',(0.5575,-0.012760031815582,-0.215289310466603));
#3935=CARTESIAN_POINT('',(0.55754808555006,-0.0126950628264364,-0.215174604140217));
#3936=CARTESIAN_POINT('',(0.557596171100121,-0.0126300938372908,-0.215059897813832));
#3937=CARTESIAN_POINT('',(0.557644256650181,-0.0125651248481451,-0.214945191487446));
#3938=CARTESIAN_POINT('',(0.282533051931748,-0.0244507289690037,-0.224656142257693));
#3939=CARTESIAN_POINT('',(0.298229547189006,-0.024225924529142,-0.224487273542399));
#3940=CARTESIAN_POINT('',(0.344005508502848,-0.022680506236695,-0.224073099505956));
#3941=CARTESIAN_POINT('',(0.419798090884738,-0.02029162983515,-0.225028890101507));
#3942=CARTESIAN_POINT('',(0.483235672645631,-0.0143806053427386,-0.219304673791678));
#3943=CARTESIAN_POINT('',(0.555347454711814,-0.0167317287058486,-0.220654351622146));
#3944=CARTESIAN_POINT('',(0.557223008596618,-0.0134238738577281,-0.216010046363069));
#3945=CARTESIAN_POINT('',(0.5575,-0.012935352912535,-0.215324151576537));
#3946=CARTESIAN_POINT('',(0.55754808555006,-0.0128505459543451,-0.215205080631767));
#3947=CARTESIAN_POINT('',(0.557596171100121,-0.0127657389961551,-0.215086009686997));
#3948=CARTESIAN_POINT('',(0.557644256650181,-0.0126809320379652,-0.214966938742227));
#3949=CARTESIAN_POINT('',(0.282533051931748,-0.0251740776634361,-0.224868628648488));
#3950=CARTESIAN_POINT('',(0.298229547189006,-0.0249433711410256,-0.224694031086887));
#3951=CARTESIAN_POINT('',(0.344005508502849,-0.0233543803248055,-0.224256797680834));
#3952=CARTESIAN_POINT('',(0.419798090884738,-0.0209043584291164,-0.22517960429112));
#3953=CARTESIAN_POINT('',(0.483235672645631,-0.0147947905289963,-0.219400901260354));
#3954=CARTESIAN_POINT('',(0.555347454711814,-0.017263028801746,-0.220771798523193));
#3955=CARTESIAN_POINT('',(0.557223008596618,-0.0135685746276198,-0.216040673296702));
#3956=CARTESIAN_POINT('',(0.5575,-0.0130229587139885,-0.215341956492733));
#3957=CARTESIAN_POINT('',(0.55754808555006,-0.0129282401017563,-0.21522065965303));
#3958=CARTESIAN_POINT('',(0.557596171100121,-0.012833521489524,-0.215099362813326));
#3959=CARTESIAN_POINT('',(0.557644256650181,-0.0127388028772918,-0.214978065973623));
#3960=CARTESIAN_POINT('',(0.282533051931748,-0.0266185261914297,-0.225299696456123));
#3961=CARTESIAN_POINT('',(0.298229547189006,-0.0263760681901367,-0.225113593775303));
#3962=CARTESIAN_POINT('',(0.344005508502849,-0.0247001559424505,-0.224629880296049));
#3963=CARTESIAN_POINT('',(0.419798090884738,-0.0221281623171481,-0.225486212231029));
#3964=CARTESIAN_POINT('',(0.483235672645631,-0.015622091224307,-0.219596859899881));
#3965=CARTESIAN_POINT('',(0.555347454711814,-0.0183243094092498,-0.221011190874295));
#3966=CARTESIAN_POINT('',(0.557223008596618,-0.0138576273327227,-0.216103151281374));
#3967=CARTESIAN_POINT('',(0.5575,-0.0131979648474894,-0.215378306857701));
#3968=CARTESIAN_POINT('',(0.55754808555006,-0.0130834478153025,-0.21525247427808));
#3969=CARTESIAN_POINT('',(0.557596171100121,-0.0129689307831156,-0.215126641698459));
#3970=CARTESIAN_POINT('',(0.557644256650181,-0.0128544137509287,-0.215000809118838));
#3971=CARTESIAN_POINT('',(0.282533051931748,-0.0273396128463181,-0.225518277553997));
#3972=CARTESIAN_POINT('',(0.298229547189006,-0.0270913055677512,-0.225326398668963));
#3973=CARTESIAN_POINT('',(0.344005508502849,-0.0253720452108967,-0.224819264669781));
#3974=CARTESIAN_POINT('',(0.419798090884738,-0.0227392264841729,-0.22564210619153));
#3975=CARTESIAN_POINT('',(0.483235672645631,-0.0160351989853794,-0.219696591260108));
#3976=CARTESIAN_POINT('',(0.555347454711814,-0.0188542802803268,-0.221133136739557));
#3977=CARTESIAN_POINT('',(0.557223008596618,-0.0140019761276776,-0.216135002382265));
#3978=CARTESIAN_POINT('',(0.5575,-0.0132853629992739,-0.215396852302369));
#3979=CARTESIAN_POINT('',(0.55754808555006,-0.0131609593678291,-0.215268709868396));
#3980=CARTESIAN_POINT('',(0.557596171100121,-0.0130365557363843,-0.215140567434424));
#3981=CARTESIAN_POINT('',(0.557644256650181,-0.0129121521049394,-0.215012425000451));
#3982=CARTESIAN_POINT('',(0.282533051931748,-0.0294984837194557,-0.226182730952862));
#3983=CARTESIAN_POINT('',(0.298229547189006,-0.0292327152296921,-0.225973461637413));
#3984=CARTESIAN_POINT('',(0.344005508502849,-0.0273838052791964,-0.225395564934186));
#3985=CARTESIAN_POINT('',(0.419798090884738,-0.0245690730389419,-0.226117233401221));
#3986=CARTESIAN_POINT('',(0.48323567264563,-0.0172723314038098,-0.220000829592699));
#3987=CARTESIAN_POINT('',(0.555347454711814,-0.0204414593068218,-0.22150546020638));
#3988=CARTESIAN_POINT('',(0.557223008596618,-0.0144342927956178,-0.216232321339369));
#3989=CARTESIAN_POINT('',(0.5575,-0.0135471236794598,-0.215453557185038));
#3990=CARTESIAN_POINT('',(0.55754808555006,-0.0133931116255617,-0.215318364170846));
#3991=CARTESIAN_POINT('',(0.557596171100121,-0.0132390995716637,-0.215183171156655));
#3992=CARTESIAN_POINT('',(0.557644256650181,-0.0130850875177657,-0.215047978142464));
#3993=CARTESIAN_POINT('',(0.282533051931748,-0.0309319595284039,-0.226637315311652));
#3994=CARTESIAN_POINT('',(0.298229547189006,-0.0306546649702505,-0.226416369530609));
#3995=CARTESIAN_POINT('',(0.344005508502849,-0.0287198432258259,-0.225790628370189));
#3996=CARTESIAN_POINT('',(0.419798090884738,-0.0257845773489047,-0.226443910720246));
#3997=CARTESIAN_POINT('',(0.483235672645631,-0.0180942111974436,-0.220210379613182));
#3998=CARTESIAN_POINT('',(0.555347454711814,-0.0214959928498493,-0.221762321288629));
#3999=CARTESIAN_POINT('',(0.557223008596618,-0.0147215478999579,-0.216299554560037));
#4000=CARTESIAN_POINT('',(0.5575,-0.0137210631743477,-0.215492785191926));
#4001=CARTESIAN_POINT('',(0.55754808555006,-0.0135473795951085,-0.215352730488554));
#4002=CARTESIAN_POINT('',(0.557596171100121,-0.0133736960158693,-0.215212675785181));
#4003=CARTESIAN_POINT('',(0.557644256650181,-0.01320001243663,-0.215072621081809));
#4004=CARTESIAN_POINT('',(0.282533051931748,-0.0337836237090134,-0.227567449055347));
#4005=CARTESIAN_POINT('',(0.298229547189006,-0.0334835312493038,-0.227323025624571));
#4006=CARTESIAN_POINT('',(0.344005508502849,-0.0313781396608766,-0.226600451387861));
#4007=CARTESIAN_POINT('',(0.419798090884738,-0.0282035860940191,-0.227115362977683));
#4008=CARTESIAN_POINT('',(0.483235672645631,-0.0197300446478401,-0.220641776558439));
#4009=CARTESIAN_POINT('',(0.555347454711814,-0.0235950845940817,-0.222291888155325));
#4010=CARTESIAN_POINT('',(0.557223008596618,-0.0152933905942029,-0.216438346755723));
#4011=CARTESIAN_POINT('',(0.5575,-0.0140673539070642,-0.215573865782839));
#4012=CARTESIAN_POINT('',(0.55754808555006,-0.0138545146356091,-0.215423792377707));
#4013=CARTESIAN_POINT('',(0.557596171100121,-0.0136416753641539,-0.215273718972576));
#4014=CARTESIAN_POINT('',(0.557644256650181,-0.0134288360926988,-0.215123645567444));
#4015=CARTESIAN_POINT('',(0.282533051931748,-0.0352018561578974,-0.228043021109437));
#4016=CARTESIAN_POINT('',(0.298229547189006,-0.0348904915621724,-0.227786796054078));
#4017=CARTESIAN_POINT('',(0.344005508502849,-0.0327004394475059,-0.227015231187483));
#4018=CARTESIAN_POINT('',(0.419798090884738,-0.029407128387546,-0.227460155269897));
#4019=CARTESIAN_POINT('',(0.483235672645631,-0.0205440241502479,-0.220863634912058));
#4020=CARTESIAN_POINT('',(0.555347454711814,-0.0246396759924335,-0.222564608164325));
#4021=CARTESIAN_POINT('',(0.557223008596618,-0.0155779877573627,-0.216509909665374));
#4022=CARTESIAN_POINT('',(0.5575,-0.0142397112292503,-0.21561572078183));
#4023=CARTESIAN_POINT('',(0.55754808555006,-0.0140073871852499,-0.215460490100306));
#4024=CARTESIAN_POINT('',(0.557596171100121,-0.0137750631412494,-0.215305259418783));
#4025=CARTESIAN_POINT('',(0.557644256650181,-0.013542739097249,-0.21515002873726));
#4026=CARTESIAN_POINT('',(0.282533051931748,-0.0380188195375895,-0.22901262294669));
#4027=CARTESIAN_POINT('',(0.298229547189006,-0.0376851928270251,-0.228732715558321));
#4028=CARTESIAN_POINT('',(0.344005508502849,-0.0353273106351205,-0.227862240988157));
#4029=CARTESIAN_POINT('',(0.419798090884738,-0.0317985962060114,-0.228165898217785));
#4030=CARTESIAN_POINT('',(0.483235672645631,-0.0221616023704534,-0.221318373386838));
#4031=CARTESIAN_POINT('',(0.555347454711814,-0.0267157262210191,-0.223124294967804));
#4032=CARTESIAN_POINT('',(0.557223008596618,-0.0161436516328014,-0.216656935046789));
#4033=CARTESIAN_POINT('',(0.5575,-0.0145823135125924,-0.215701802210984));
#4034=CARTESIAN_POINT('',(0.55754808555006,-0.0143112661030928,-0.215535991694016));
#4035=CARTESIAN_POINT('',(0.557596171100121,-0.0140402186935932,-0.215370181177049));
#4036=CARTESIAN_POINT('',(0.557644256650181,-0.0137691712840936,-0.215204370660081));
#4037=CARTESIAN_POINT('',(0.282533051931748,-0.0394175389197506,-0.229506658453162));
#4038=CARTESIAN_POINT('',(0.298229547189006,-0.0390729223698776,-0.229214870361148));
#4039=CARTESIAN_POINT('',(0.344005508502849,-0.0366318714331344,-0.228294476510183));
#4040=CARTESIAN_POINT('',(0.419798090884738,-0.032986512256342,-0.228526854113794));
#4041=CARTESIAN_POINT('',(0.48323567264563,-0.0229651947448184,-0.221551257163938));
#4042=CARTESIAN_POINT('',(0.555347454711814,-0.0277471769353186,-0.223411266498508));
#4043=CARTESIAN_POINT('',(0.557223008596618,-0.0164247160989386,-0.216732398926947));
#4044=CARTESIAN_POINT('',(0.5575,-0.0147525570944878,-0.21574602955807));
#4045=CARTESIAN_POINT('',(0.55754808555006,-0.0144622712425243,-0.21557479639673));
#4046=CARTESIAN_POINT('',(0.557596171100121,-0.0141719853905609,-0.21540356323539));
#4047=CARTESIAN_POINT('',(0.557644256650181,-0.0138816995385975,-0.21523233007405));
#4048=CARTESIAN_POINT('',(0.282533051931748,-0.0421910512740224,-0.230510512129252));
#4049=CARTESIAN_POINT('',(0.298229547189006,-0.0418247663026344,-0.230194931865648));
#4050=CARTESIAN_POINT('',(0.344005508502849,-0.0392191173491856,-0.229174000183941));
#4051=CARTESIAN_POINT('',(0.419798090884738,-0.0353429278635694,-0.229262852464609));
#4052=CARTESIAN_POINT('',(0.48323567264563,-0.0245594200550042,-0.222026683459375));
#4053=CARTESIAN_POINT('',(0.555347454711814,-0.0297936274828393,-0.223997747735762));
#4054=CARTESIAN_POINT('',(0.557223008596618,-0.0169824076322424,-0.216886769936264));
#4055=CARTESIAN_POINT('',(0.5575,-0.0150903810718729,-0.215836584315866));
#4056=CARTESIAN_POINT('',(0.55754808555006,-0.0147619263372738,-0.215654272689564));
#4057=CARTESIAN_POINT('',(0.557596171100121,-0.0144334716026748,-0.215471961063262));
#4058=CARTESIAN_POINT('',(0.557644256650181,-0.0141050168680757,-0.21528964943696));
#4059=CARTESIAN_POINT('',(0.282533051931748,-0.0435658411148126,-0.231020307253195));
#4060=CARTESIAN_POINT('',(0.298229547189006,-0.0431888774770795,-0.230692815761414));
#4061=CARTESIAN_POINT('',(0.344005508502849,-0.0405017991700358,-0.229621267056178));
#4062=CARTESIAN_POINT('',(0.419798090884738,-0.0365114239920079,-0.229637875784898));
#4063=CARTESIAN_POINT('',(0.483235672645631,-0.0253500506102673,-0.222269213164995));
#4064=CARTESIAN_POINT('',(0.555347454711814,-0.0308086240134477,-0.224297241020157));
#4065=CARTESIAN_POINT('',(0.557223008596618,-0.0172590339781324,-0.216965672708975));
#4066=CARTESIAN_POINT('',(0.5575,-0.015257961127311,-0.215882909152056));
#4067=CARTESIAN_POINT('',(0.55754808555006,-0.0149105760187206,-0.215694942014505));
#4068=CARTESIAN_POINT('',(0.557596171100121,-0.0145631909101302,-0.215506974876955));
#4069=CARTESIAN_POINT('',(0.557644256650181,-0.0142158058015397,-0.215319007739405));
#4070=CARTESIAN_POINT('',(0.282533051931748,-0.0462870560305104,-0.232052724575189));
#4071=CARTESIAN_POINT('',(0.298229547189006,-0.0458890741567412,-0.231701430982511));
#4072=CARTESIAN_POINT('',(0.344005508502849,-0.0430411225560987,-0.230528196443954));
#4073=CARTESIAN_POINT('',(0.419798090884738,-0.0388251790028566,-0.230399703499372));
#4074=CARTESIAN_POINT('',(0.48323567264563,-0.0269157585488937,-0.22276241179059));
#4075=CARTESIAN_POINT('',(0.555347454711814,-0.0328188257189085,-0.224906856376176));
#4076=CARTESIAN_POINT('',(0.557223008596618,-0.0178069385170541,-0.217126412336005));
#4077=CARTESIAN_POINT('',(0.5575,-0.0155899061315038,-0.215977356512505));
#4078=CARTESIAN_POINT('',(0.55754808555006,-0.0152050305705332,-0.215777881075186));
#4079=CARTESIAN_POINT('',(0.557596171100121,-0.0148201550095626,-0.215578405637868));
#4080=CARTESIAN_POINT('',(0.557644256650181,-0.0144352794485921,-0.21537893020055));
#4081=CARTESIAN_POINT('',(0.282533051931748,-0.047633489431856,-0.23257535551266));
#4082=CARTESIAN_POINT('',(0.298229547189006,-0.0472251679477427,-0.23221217091568));
#4083=CARTESIAN_POINT('',(0.344005508502849,-0.0442977719583951,-0.23098786686661));
#4084=CARTESIAN_POINT('',(0.419798090884738,-0.0399704451075866,-0.230786514815228));
#4085=CARTESIAN_POINT('',(0.483235672645631,-0.0276908406593371,-0.223013085144332));
#4086=CARTESIAN_POINT('',(0.555347454711814,-0.0338140372352207,-0.225216984219217));
#4087=CARTESIAN_POINT('',(0.557223008596618,-0.0180782180476741,-0.217208250387602));
#4088=CARTESIAN_POINT('',(0.5575,-0.0157542716788494,-0.216025479558512));
#4089=CARTESIAN_POINT('',(0.55754808555006,-0.0153508359112005,-0.215820151215403));
#4090=CARTESIAN_POINT('',(0.557596171100121,-0.0149474001435516,-0.215614822872293));
#4091=CARTESIAN_POINT('',(0.557644256650181,-0.0145439643759028,-0.215409494529183));
#4092=CARTESIAN_POINT('',(0.282533051931748,-0.0496282416239366,-0.233366424975541));
#4093=CARTESIAN_POINT('',(0.298229547189006,-0.0492046873308341,-0.232985461675468));
#4094=CARTESIAN_POINT('',(0.344005508502849,-0.0461598134023426,-0.231684421875013));
#4095=CARTESIAN_POINT('',(0.419798090884738,-0.0416677928005902,-0.231373614690171));
#4096=CARTESIAN_POINT('',(0.483235672645631,-0.0288396770934916,-0.223393910941807));
#4097=CARTESIAN_POINT('',(0.555347454711814,-0.0352892783634619,-0.225688527703335));
#4098=CARTESIAN_POINT('',(0.557223008596618,-0.0184803791857428,-0.217332774684621));
#4099=CARTESIAN_POINT('',(0.5575,-0.015997954868176,-0.216098754284717));
#4100=CARTESIAN_POINT('',(0.55754808555006,-0.0155670074187758,-0.215884529045267));
#4101=CARTESIAN_POINT('',(0.557596171100121,-0.0151360599693756,-0.215670303805817));
#4102=CARTESIAN_POINT('',(0.557644256650181,-0.0147051125199754,-0.215456078566368));
#4103=CARTESIAN_POINT('',(0.282533051931748,-0.0502890102927821,-0.23363130285321));
#4104=CARTESIAN_POINT('',(0.298229547189006,-0.0498604244939362,-0.233244422940039));
#4105=CARTESIAN_POINT('',(0.344005508502848,-0.0467766726492812,-0.231917782576874));
#4106=CARTESIAN_POINT('',(0.419798090884738,-0.0422301509354336,-0.231570462510333));
#4107=CARTESIAN_POINT('',(0.483235672645631,-0.0292203253601869,-0.223521655991838));
#4108=CARTESIAN_POINT('',(0.555347454711814,-0.0357780967729645,-0.225846768090122));
#4109=CARTESIAN_POINT('',(0.557223008596618,-0.0186136401189461,-0.2173745775226));
#4110=CARTESIAN_POINT('',(0.5575,-0.016078705252287,-0.216123361029152));
#4111=CARTESIAN_POINT('',(0.55754808555006,-0.0156386420014351,-0.215906150557644));
#4112=CARTESIAN_POINT('',(0.557596171100121,-0.0151985787505832,-0.215688940086137));
#4113=CARTESIAN_POINT('',(0.557644256650181,-0.0147585154997313,-0.21547172961463));
#4114=CARTESIAN_POINT('',(0.282533051931748,-0.0516016371952504,-0.234163009717821));
#4115=CARTESIAN_POINT('',(0.298229547189006,-0.0511630843329013,-0.233764323039094));
#4116=CARTESIAN_POINT('',(0.344005508502848,-0.0480021731587212,-0.232386472821581));
#4117=CARTESIAN_POINT('',(0.419798090884738,-0.0433474899465031,-0.231966121348192));
#4118=CARTESIAN_POINT('',(0.483235672645631,-0.0299766684165501,-0.223778532810462));
#4119=CARTESIAN_POINT('',(0.555347454711814,-0.0367494140084001,-0.226165091422797));
#4120=CARTESIAN_POINT('',(0.557223008596618,-0.018878449867773,-0.21745869873726));
#4121=CARTESIAN_POINT('',(0.5575,-0.016239174357104,-0.216172894075553));
#4122=CARTESIAN_POINT('',(0.55754808555006,-0.0157809976298062,-0.215949679117712));
#4123=CARTESIAN_POINT('',(0.557596171100121,-0.0153228209025085,-0.215726464159871));
#4124=CARTESIAN_POINT('',(0.557644256650181,-0.0148646441752107,-0.21550324920203));
#4125=CARTESIAN_POINT('',(0.282533051931748,-0.0522534907960423,-0.234429834244022));
#4126=CARTESIAN_POINT('',(0.298229547189006,-0.0518100023973558,-0.234025257478865));
#4127=CARTESIAN_POINT('',(0.344005508502848,-0.0486108100440356,-0.232621798311767));
#4128=CARTESIAN_POINT('',(0.419798090884738,-0.0439024667689553,-0.232164928795768));
#4129=CARTESIAN_POINT('',(0.48323567264563,-0.0303523604282007,-0.223907662196798));
#4130=CARTESIAN_POINT('',(0.555347454711814,-0.0372319092480576,-0.226325171356208));
#4131=CARTESIAN_POINT('',(0.557223008596618,-0.0190099976569501,-0.21750101626786));
#4132=CARTESIAN_POINT('',(0.5575,-0.0163188924294121,-0.216197819851384));
#4133=CARTESIAN_POINT('',(0.55754808555006,-0.0158517180927493,-0.215971585694808));
#4134=CARTESIAN_POINT('',(0.557596171100121,-0.0153845437560864,-0.215745351538233));
#4135=CARTESIAN_POINT('',(0.557644256650181,-0.0149173694194236,-0.215519117381657));
#4136=CARTESIAN_POINT('',(0.282533051931748,-0.0535475953343409,-0.234964933093912));
#4137=CARTESIAN_POINT('',(0.298229547189006,-0.0530943359440541,-0.23454861097647));
#4138=CARTESIAN_POINT('',(0.344005508502848,-0.0498192155409423,-0.233093966348437));
#4139=CARTESIAN_POINT('',(0.419798090884738,-0.0450044456758885,-0.232564113538662));
#4140=CARTESIAN_POINT('',(0.483235672645631,-0.031098384971006,-0.224167047884335));
#4141=CARTESIAN_POINT('',(0.555347454711814,-0.038190057021451,-0.226646846858597));
#4142=CARTESIAN_POINT('',(0.557223008596618,-0.0192712381394642,-0.217586079387228));
#4143=CARTESIAN_POINT('',(0.5575,-0.0164772100739893,-0.216247938842215));
#4144=CARTESIAN_POINT('',(0.55754808555006,-0.0159921683912083,-0.216015638404804));
#4145=CARTESIAN_POINT('',(0.557596171100121,-0.0155071267084273,-0.215783337967392));
#4146=CARTESIAN_POINT('',(0.557644256650181,-0.0150220850256464,-0.21555103752998));
#4147=CARTESIAN_POINT('',(0.282533051931748,-0.0541898462718477,-0.235233207417602));
#4148=CARTESIAN_POINT('',(0.298229547189006,-0.053731751426298,-0.234811030034304));
#4149=CARTESIAN_POINT('',(0.344005508502849,-0.0504189841525346,-0.23333080889492));
#4150=CARTESIAN_POINT('',(0.419798090884738,-0.0455514477603693,-0.232764490833982));
#4151=CARTESIAN_POINT('',(0.483235672645631,-0.0314687175021607,-0.224297304185535));
#4152=CARTESIAN_POINT('',(0.555347454711814,-0.0386657095551872,-0.226808442427573));
#4153=CARTESIAN_POINT('',(0.557223008596618,-0.0194009308328014,-0.217628824975998));
#4154=CARTESIAN_POINT('',(0.5575,-0.0165558096462584,-0.216273132057216));
#4155=CARTESIAN_POINT('',(0.55754808555006,-0.0160618982267244,-0.216037784537702));
#4156=CARTESIAN_POINT('',(0.557596171100121,-0.0155679868071904,-0.215802437018189));
#4157=CARTESIAN_POINT('',(0.557644256650181,-0.0150740753876564,-0.215567089498676));
#4158=CARTESIAN_POINT('',(0.282533051931748,-0.0554640625211757,-0.235770713472168));
#4159=CARTESIAN_POINT('',(0.298229547189006,-0.0549964009364213,-0.235336868605614));
#4160=CARTESIAN_POINT('',(0.344005508502849,-0.0516090115670864,-0.233805567364813));
#4161=CARTESIAN_POINT('',(0.419798090884738,-0.0466368878195528,-0.233166429062816));
#4162=CARTESIAN_POINT('',(0.483235672645631,-0.0322036226365406,-0.224558688663618));
#4163=CARTESIAN_POINT('',(0.555347454711814,-0.0396096559669375,-0.227132828302505));
#4164=CARTESIAN_POINT('',(0.557223008596618,-0.0196583201982686,-0.217714658423331));
#4165=CARTESIAN_POINT('',(0.5575,-0.0167118047509194,-0.216323734860292));
#4166=CARTESIAN_POINT('',(0.55754808555006,-0.0162002913453877,-0.216082271320977));
#4167=CARTESIAN_POINT('',(0.557596171100121,-0.0156887779398559,-0.215840807781661));
#4168=CARTESIAN_POINT('',(0.557644256650181,-0.0151772645343242,-0.215599344242346));
#4169=CARTESIAN_POINT('',(0.282533051931748,-0.0560960356483492,-0.236039951752014));
#4170=CARTESIAN_POINT('',(0.298229547189006,-0.0556236427380448,-0.235600294565534));
#4171=CARTESIAN_POINT('',(0.344005508502849,-0.0521992777322245,-0.234043489216032));
#4172=CARTESIAN_POINT('',(0.419798090884738,-0.0471753325837051,-0.23336799518953));
#4173=CARTESIAN_POINT('',(0.483235672645631,-0.0325681998755353,-0.224689820290954));
#4174=CARTESIAN_POINT('',(0.555347454711814,-0.0400779558165808,-0.227295622957323));
#4175=CARTESIAN_POINT('',(0.557223008596618,-0.019786018544133,-0.21775774747665));
#4176=CARTESIAN_POINT('',(0.5575,-0.0167892013223105,-0.216349145177308));
#4177=CARTESIAN_POINT('',(0.55754808555006,-0.0162689555573445,-0.216104612619427));
#4178=CARTESIAN_POINT('',(0.557596171100121,-0.0157487097923784,-0.215860080061546));
#4179=CARTESIAN_POINT('',(0.557644256650181,-0.0152284640274123,-0.215615547503665));
#4180=CARTESIAN_POINT('',(0.282533051931748,-0.0579754295405316,-0.236848303275415));
#4181=CARTESIAN_POINT('',(0.298229547189006,-0.0574890054277409,-0.236391286992348));
#4182=CARTESIAN_POINT('',(0.344005508502849,-0.0539547807816656,-0.234758144217286));
#4183=CARTESIAN_POINT('',(0.419798090884738,-0.0487768735197466,-0.233973841415923));
#4184=CARTESIAN_POINT('',(0.483235672645631,-0.0336526477085597,-0.225084108194955));
#4185=CARTESIAN_POINT('',(0.555347454711814,-0.0414709879245437,-0.227785277220056));
#4186=CARTESIAN_POINT('',(0.557223008596618,-0.0201658921889635,-0.217887387959637));
#4187=CARTESIAN_POINT('',(0.5575,-0.017019446536401,-0.216425616981487));
#4188=CARTESIAN_POINT('',(0.55754808555006,-0.0164732253609748,-0.21617185437121));
#4189=CARTESIAN_POINT('',(0.557596171100121,-0.0159270041855485,-0.215918091760933));
#4190=CARTESIAN_POINT('',(0.557644256650181,-0.0153807830101223,-0.215664329150656));
#4191=CARTESIAN_POINT('',(0.282533051931748,-0.0592062963122518,-0.237388029317023));
#4192=CARTESIAN_POINT('',(0.298229547189006,-0.0587107352532868,-0.236919544498342));
#4193=CARTESIAN_POINT('',(0.344005508502849,-0.0551046954054614,-0.235235745225247));
#4194=CARTESIAN_POINT('',(0.419798090884738,-0.0498261516555008,-0.234379250489838));
#4195=CARTESIAN_POINT('',(0.483235672645631,-0.0343632177395953,-0.225348145069074));
#4196=CARTESIAN_POINT('',(0.555347454711814,-0.042383831105981,-0.228113391386184));
#4197=CARTESIAN_POINT('',(0.557223008596618,-0.0204148404142778,-0.217974308654588));
#4198=CARTESIAN_POINT('',(0.5575,-0.0171703473544483,-0.216476916989338));
#4199=CARTESIAN_POINT('',(0.55754808555006,-0.0166071052048948,-0.216216970648043));
#4200=CARTESIAN_POINT('',(0.557596171100121,-0.0160438630553414,-0.215957024306749));
#4201=CARTESIAN_POINT('',(0.557644256650181,-0.0154806209057879,-0.215697077965454));
#4202=CARTESIAN_POINT('',(0.282533051931748,-0.0616174828836586,-0.23846438930893));
#4203=CARTESIAN_POINT('',(0.298229547189006,-0.0611041202007681,-0.23797325425886));
#4204=CARTESIAN_POINT('',(0.344005508502849,-0.0573576486875333,-0.23618900007131));
#4205=CARTESIAN_POINT('',(0.419798090884738,-0.0518823301509289,-0.23518936646056));
#4206=CARTESIAN_POINT('',(0.48323567264563,-0.0357557983131313,-0.225876113992056));
#4207=CARTESIAN_POINT('',(0.555347454711814,-0.0441729706056428,-0.228769877476142));
#4208=CARTESIAN_POINT('',(0.557223008596618,-0.0209028082571249,-0.218148308735094));
#4209=CARTESIAN_POINT('',(0.5575,-0.017466151503049,-0.21657966106491));
#4210=CARTESIAN_POINT('',(0.55754808555006,-0.0168695498454869,-0.216307344721693));
#4211=CARTESIAN_POINT('',(0.557596171100121,-0.0162729481879247,-0.216035028378475));
#4212=CARTESIAN_POINT('',(0.557644256650181,-0.0156763465303626,-0.215762712035258));
#4213=CARTESIAN_POINT('',(0.282533051931748,-0.0627978183777178,-0.239001034862182));
#4214=CARTESIAN_POINT('',(0.298229547189006,-0.0622757909102892,-0.23849871791438));
#4215=CARTESIAN_POINT('',(0.344005508502849,-0.0584607019875446,-0.236664664293995));
#4216=CARTESIAN_POINT('',(0.419798090884738,-0.052889243842204,-0.235594082307677));
#4217=CARTESIAN_POINT('',(0.483235672645631,-0.0364378173734323,-0.226140051639005));
#4218=CARTESIAN_POINT('',(0.555347454711814,-0.0450492784479765,-0.229098256715105));
#4219=CARTESIAN_POINT('',(0.557223008596618,-0.0211418298721597,-0.218235389378224));
#4220=CARTESIAN_POINT('',(0.5575,-0.0176110554241663,-0.216631105495593));
#4221=CARTESIAN_POINT('',(0.55754808555006,-0.016998114988479,-0.216352602726167));
#4222=CARTESIAN_POINT('',(0.557596171100121,-0.0163851745527918,-0.21607409995674));
#4223=CARTESIAN_POINT('',(0.557644256650181,-0.0157722341171045,-0.215795597187314));
#4224=CARTESIAN_POINT('',(0.282533051931748,-0.06452437861619,-0.239799228438453));
#4225=CARTESIAN_POINT('',(0.298229547189006,-0.0639897437414846,-0.239280427460227));
#4226=CARTESIAN_POINT('',(0.344005508502849,-0.0600744560373409,-0.237372682532415));
#4227=CARTESIAN_POINT('',(0.419798090884738,-0.0543626206468283,-0.236197128772153));
#4228=CARTESIAN_POINT('',(0.483235672645631,-0.0374358846485579,-0.226533566062997));
#4229=CARTESIAN_POINT('',(0.555347454711814,-0.0463317666606981,-0.229588107214302));
#4230=CARTESIAN_POINT('',(0.557223008596618,-0.021491667521293,-0.218365349363071));
#4231=CARTESIAN_POINT('',(0.5575,-0.0178231544614867,-0.216707915006098));
#4232=CARTESIAN_POINT('',(0.55754808555006,-0.0171863026811414,-0.21642018534456));
#4233=CARTESIAN_POINT('',(0.557596171100121,-0.0165494509007962,-0.216132455683023));
#4234=CARTESIAN_POINT('',(0.557644256650181,-0.0159125991204509,-0.215844726021485));
#4235=CARTESIAN_POINT('',(0.282533051931748,-0.0650925923306032,-0.240064176312875));
#4236=CARTESIAN_POINT('',(0.298229547189006,-0.0645538198442136,-0.239539928585334));
#4237=CARTESIAN_POINT('',(0.344005508502849,-0.0606055861524006,-0.237607786839628));
#4238=CARTESIAN_POINT('',(0.419798090884738,-0.0548475957181223,-0.236397482836494));
#4239=CARTESIAN_POINT('',(0.48323567264563,-0.0377644238042123,-0.226664345347016));
#4240=CARTESIAN_POINT('',(0.555347454711814,-0.0467539470418268,-0.22975094580744));
#4241=CARTESIAN_POINT('',(0.557223008596618,-0.0216068346342601,-0.218408561421837));
#4242=CARTESIAN_POINT('',(0.5575,-0.0178929802826391,-0.216733460005598));
#4243=CARTESIAN_POINT('',(0.55754808555006,-0.0172482572798273,-0.216442663352622));
#4244=CARTESIAN_POINT('',(0.557596171100121,-0.0166035342770154,-0.216151866699646));
#4245=CARTESIAN_POINT('',(0.557644256650181,-0.0159588112742036,-0.21586107004667));
#4246=CARTESIAN_POINT('',(0.282533051931748,-0.0662132553096705,-0.240590991581008));
#4247=CARTESIAN_POINT('',(0.298229547189006,-0.0656663441147727,-0.240055960238424));
#4248=CARTESIAN_POINT('',(0.344005508502849,-0.0616531883256089,-0.238075428045464));
#4249=CARTESIAN_POINT('',(0.419798090884738,-0.055804250078508,-0.236796202599005));
#4250=CARTESIAN_POINT('',(0.483235672645631,-0.038412525834342,-0.226924679598836));
#4251=CARTESIAN_POINT('',(0.555347454711814,-0.0475868051735609,-0.230075179638279));
#4252=CARTESIAN_POINT('',(0.557223008596618,-0.0218340390371423,-0.218494621017398));
#4253=CARTESIAN_POINT('',(0.5575,-0.0180307386409808,-0.216784344810281));
#4254=CARTESIAN_POINT('',(0.55754808555006,-0.0173704878557182,-0.216487441833618));
#4255=CARTESIAN_POINT('',(0.557596171100121,-0.0167102370704556,-0.216190538856954));
#4256=CARTESIAN_POINT('',(0.557644256650181,-0.016049986285193,-0.215893635880291));
#4257=CARTESIAN_POINT('',(0.282533051931748,-0.0667656878427983,-0.240852847024428));
#4258=CARTESIAN_POINT('',(0.298229547189006,-0.0662147756530119,-0.240312479017363));
#4259=CARTESIAN_POINT('',(0.344005508502848,-0.0621696446777595,-0.23830795418471));
#4260=CARTESIAN_POINT('',(0.419798090884738,-0.0562759149508779,-0.236994558942015));
#4261=CARTESIAN_POINT('',(0.483235672645631,-0.0387320789587682,-0.227054228414124));
#4262=CARTESIAN_POINT('',(0.555347454711814,-0.0479974703166719,-0.230236567114822));
#4263=CARTESIAN_POINT('',(0.557223008596618,-0.0219460729774225,-0.218537466532518));
#4264=CARTESIAN_POINT('',(0.5575,-0.0180986691957833,-0.216809683441424));
#4265=CARTESIAN_POINT('',(0.55754808555006,-0.01743076208789,-0.216509741279661));
#4266=CARTESIAN_POINT('',(0.557596171100121,-0.0167628549799967,-0.216209799117898));
#4267=CARTESIAN_POINT('',(0.557644256650181,-0.0160949478721034,-0.215909856956135));
#4268=CARTESIAN_POINT('',(0.282533051931748,-0.0678534709804956,-0.241372511859986));
#4269=CARTESIAN_POINT('',(0.298229547189006,-0.0672947011294108,-0.240821596432476));
#4270=CARTESIAN_POINT('',(0.344005508502848,-0.0631866615012001,-0.238769568617904));
#4271=CARTESIAN_POINT('',(0.419798090884738,-0.0572048114404004,-0.237388525113791));
#4272=CARTESIAN_POINT('',(0.483235672645631,-0.0393614360810121,-0.227311600933709));
#4273=CARTESIAN_POINT('',(0.555347454711814,-0.0488063019736606,-0.230557268386185));
#4274=CARTESIAN_POINT('',(0.557223008596618,-0.0221667392155096,-0.218622624550802));
#4275=CARTESIAN_POINT('',(0.5575,-0.01823247215251,-0.216860055225755));
#4276=CARTESIAN_POINT('',(0.55754808555006,-0.0175494856283847,-0.216554074193566));
#4277=CARTESIAN_POINT('',(0.557596171100121,-0.0168664991042595,-0.216248093161377));
#4278=CARTESIAN_POINT('',(0.557644256650181,-0.0161835125801343,-0.215942112129188));
#4279=CARTESIAN_POINT('',(0.282533051931748,-0.0683888336119842,-0.241630328612887));
#4280=CARTESIAN_POINT('',(0.298229547189006,-0.0678262070184483,-0.241074202298743));
#4281=CARTESIAN_POINT('',(0.344005508502849,-0.0636872332658514,-0.238998663523629));
#4282=CARTESIAN_POINT('',(0.419798090884738,-0.0576620534294149,-0.237584140674411));
#4283=CARTESIAN_POINT('',(0.48323567264563,-0.0396712472157474,-0.227439428456071));
#4284=CARTESIAN_POINT('',(0.555347454711815,-0.0492044775750807,-0.230716586931538));
#4285=CARTESIAN_POINT('',(0.557223008596618,-0.0222753742049314,-0.218664938426231));
#4286=CARTESIAN_POINT('',(0.5575,-0.0182983463014657,-0.216885089252289));
#4287=CARTESIAN_POINT('',(0.55754808555006,-0.0176079365197601,-0.216576108448162));
#4288=CARTESIAN_POINT('',(0.55759617110012,-0.0169175267380545,-0.216267127644034));
#4289=CARTESIAN_POINT('',(0.557644256650181,-0.0162271169563489,-0.215958146839907));
#4290=CARTESIAN_POINT('',(0.282533051931748,-0.0694411388758066,-0.242140941314676));
#4291=CARTESIAN_POINT('',(0.298229547189006,-0.0688709510763242,-0.241574535344905));
#4292=CARTESIAN_POINT('',(0.344005508502849,-0.0646712237372961,-0.239452536851029));
#4293=CARTESIAN_POINT('',(0.419798090884738,-0.0585609488858983,-0.237971860074938));
#4294=CARTESIAN_POINT('',(0.48323567264563,-0.040280334878987,-0.227692852711204));
#4295=CARTESIAN_POINT('',(0.555347454711814,-0.0499873185172025,-0.231032514180039));
#4296=CARTESIAN_POINT('',(0.557223008596618,-0.022488965231381,-0.218748862504281));
#4297=CARTESIAN_POINT('',(0.5575,-0.0184278675849479,-0.216934749913919));
#4298=CARTESIAN_POINT('',(0.55754808555006,-0.0177228633436863,-0.216619821000192));
#4299=CARTESIAN_POINT('',(0.557596171100121,-0.0170178591024247,-0.216304892086465));
#4300=CARTESIAN_POINT('',(0.557644256650181,-0.0163128548611631,-0.215989963172737));
#4301=CARTESIAN_POINT('',(0.282533051931748,-0.0699580328628613,-0.242393707490671));
#4302=CARTESIAN_POINT('',(0.298229547189006,-0.069384140915334,-0.241822233285045));
#4303=CARTESIAN_POINT('',(0.344005508502849,-0.0651545968235043,-0.239677288564455));
#4304=CARTESIAN_POINT('',(0.419798090884738,-0.0590025605154095,-0.238163940801388));
#4305=CARTESIAN_POINT('',(0.483235672645631,-0.0405795829354919,-0.227818434197592));
#4306=CARTESIAN_POINT('',(0.555347454711814,-0.05037194725489,-0.231189103771843));
#4307=CARTESIAN_POINT('',(0.557223008596618,-0.0225939110710033,-0.218790467504524));
#4308=CARTESIAN_POINT('',(0.5575,-0.0184915084217841,-0.216959373400785));
#4309=CARTESIAN_POINT('',(0.55754808555006,-0.0177793336555353,-0.216641496505996));
#4310=CARTESIAN_POINT('',(0.557596171100121,-0.0170671588892865,-0.216323619611206));
#4311=CARTESIAN_POINT('',(0.557644256650181,-0.0163549841230377,-0.216005742716417));
#4312=CARTESIAN_POINT('',(0.282533051931748,-0.0709712560301663,-0.242892750524903));
#4313=CARTESIAN_POINT('',(0.298229547189006,-0.0703901213031814,-0.242311307048928));
#4314=CARTESIAN_POINT('',(0.344005508502848,-0.0661021766175291,-0.240121154195906));
#4315=CARTESIAN_POINT('',(0.419798090884738,-0.0598683471891907,-0.238543442637455));
#4316=CARTESIAN_POINT('',(0.48323567264563,-0.0411662892476535,-0.228066609085428));
#4317=CARTESIAN_POINT('',(0.555347454711814,-0.0511260778198166,-0.231498621207631));
#4318=CARTESIAN_POINT('',(0.557223008596618,-0.0227996821296672,-0.218872719297445));
#4319=CARTESIAN_POINT('',(0.5575,-0.0186162949401327,-0.217008061439624));
#4320=CARTESIAN_POINT('',(0.55754808555006,-0.0178900613037532,-0.216684357896218));
#4321=CARTESIAN_POINT('',(0.557596171100121,-0.0171638276673738,-0.216360654352813));
#4322=CARTESIAN_POINT('',(0.557644256650181,-0.0164375940309943,-0.216036950809407));
#4323=CARTESIAN_POINT('',(0.282533051931748,-0.0714675854255228,-0.243139027558857));
#4324=CARTESIAN_POINT('',(0.298229547189006,-0.0708829120661478,-0.242552683045757));
#4325=CARTESIAN_POINT('',(0.344005508502849,-0.0665663835292221,-0.240340268273961));
#4326=CARTESIAN_POINT('',(0.419798090884738,-0.0602925224222158,-0.238730863888009));
#4327=CARTESIAN_POINT('',(0.48323567264563,-0.0414537476412877,-0.228189202586467));
#4328=CARTESIAN_POINT('',(0.555347454711814,-0.0514955798123591,-0.231651549169587));
#4329=CARTESIAN_POINT('',(0.557223008596618,-0.0229005074118703,-0.218913366133935));
#4330=CARTESIAN_POINT('',(0.5575,-0.0186774406697214,-0.217032126024455));
#4331=CARTESIAN_POINT('',(0.55754808555006,-0.0179443186855799,-0.216705543811595));
#4332=CARTESIAN_POINT('',(0.557596171100121,-0.0172111967014384,-0.216378961598734));
#4333=CARTESIAN_POINT('',(0.557644256650181,-0.0164780747172968,-0.216052379385874));
#4334=CARTESIAN_POINT('',(0.282533051931748,-0.0724376310126698,-0.243623682622461));
#4335=CARTESIAN_POINT('',(0.298229547189006,-0.0718460585159061,-0.243027727264655));
#4336=CARTESIAN_POINT('',(0.344005508502849,-0.0674737080610316,-0.240771590085318));
#4337=CARTESIAN_POINT('',(0.419798090884738,-0.0611216711433901,-0.239099944526741));
#4338=CARTESIAN_POINT('',(0.483235672645631,-0.042015675811839,-0.228430674293067));
#4339=CARTESIAN_POINT('',(0.555347454711814,-0.0522179127679528,-0.231952829180725));
#4340=CARTESIAN_POINT('',(0.557223008596618,-0.02309761582275,-0.218993457289304));
#4341=CARTESIAN_POINT('',(0.5575,-0.0187969812298934,-0.217079550876784));
#4342=CARTESIAN_POINT('',(0.55754808555006,-0.0180503935109935,-0.216747297812297));
#4343=CARTESIAN_POINT('',(0.557596171100121,-0.0173038057920936,-0.216415044747811));
#4344=CARTESIAN_POINT('',(0.557644256650181,-0.0165572180731937,-0.216082791683325));
#4345=CARTESIAN_POINT('',(0.282533051931748,-0.0729113423940195,-0.243862056722112));
#4346=CARTESIAN_POINT('',(0.298229547189006,-0.0723164094168005,-0.243261391617612));
#4347=CARTESIAN_POINT('',(0.344005508502848,-0.0679168211394658,-0.240983794253754));
#4348=CARTESIAN_POINT('',(0.419798090884738,-0.0615266404286956,-0.239281600780533));
#4349=CARTESIAN_POINT('',(0.483235672645631,-0.0422901426652451,-0.228549550381703));
#4350=CARTESIAN_POINT('',(0.555347454711814,-0.0525707400109578,-0.23210117858564));
#4351=CARTESIAN_POINT('',(0.557223008596618,-0.0231938977854479,-0.219032900798177));
#4352=CARTESIAN_POINT('',(0.5575,-0.0188553752716954,-0.217102910605166));
#4353=CARTESIAN_POINT('',(0.55754808555006,-0.0181022102312806,-0.216767865405536));
#4354=CARTESIAN_POINT('',(0.557596171100121,-0.0173490451908658,-0.216432820205906));
#4355=CARTESIAN_POINT('',(0.557644256650181,-0.0165958801504509,-0.216097775006276));
#4356=CARTESIAN_POINT('',(0.282533051931748,-0.0738338494401126,-0.244329288613391));
#4357=CARTESIAN_POINT('',(0.298229547189006,-0.0732323876356059,-0.243719422567998));
#4358=CARTESIAN_POINT('',(0.344005508502848,-0.0687797959284425,-0.241399839984911));
#4359=CARTESIAN_POINT('',(0.419798090884738,-0.0623153918437809,-0.239637885024603));
#4360=CARTESIAN_POINT('',(0.483235672645631,-0.0428247390520261,-0.228782751327928));
#4361=CARTESIAN_POINT('',(0.555347454711814,-0.0532579860721787,-0.232392250249079));
#4362=CARTESIAN_POINT('',(0.557223008596618,-0.0233814450193098,-0.219110304121127));
#4363=CARTESIAN_POINT('',(0.5575,-0.0189691244235188,-0.217148758293286));
#4364=CARTESIAN_POINT('',(0.55754808555006,-0.0182031480780422,-0.2168082350534));
#4365=CARTESIAN_POINT('',(0.557596171100121,-0.0174371717325656,-0.216467711813514));
#4366=CARTESIAN_POINT('',(0.557644256650181,-0.016671195387089,-0.216127188573629));
#4367=CARTESIAN_POINT('',(0.282533051931748,-0.0742826599593572,-0.244558154593996));
#4368=CARTESIAN_POINT('',(0.298229547189006,-0.0736780297118864,-0.243943797202771));
#4369=CARTESIAN_POINT('',(0.344005508502848,-0.0691996715881342,-0.241603688885925));
#4370=CARTESIAN_POINT('',(0.419798090884738,-0.0626991867806834,-0.239812519354273));
#4371=CARTESIAN_POINT('',(0.48323567264563,-0.0430848774936851,-0.228897080438766));
#4372=CARTESIAN_POINT('',(0.555347454711814,-0.0535924161024991,-0.232534977742368));
#4373=CARTESIAN_POINT('',(0.557223008596618,-0.0234727138086188,-0.219148265530937));
#4374=CARTESIAN_POINT('',(0.5575,-0.0190244819154016,-0.217171247311328));
#4375=CARTESIAN_POINT('',(0.55754808555006,-0.01825227138912,-0.216828038073032));
#4376=CARTESIAN_POINT('',(0.557596171100121,-0.0174800608628384,-0.216484828834737));
#4377=CARTESIAN_POINT('',(0.557644256650181,-0.0167078503365568,-0.216141619596441));
#4378=CARTESIAN_POINT('',(0.282533051931748,-0.0751530106485985,-0.245004726767297));
#4379=CARTESIAN_POINT('',(0.298229547189006,-0.0745422500049544,-0.244381633068014));
#4380=CARTESIAN_POINT('',(0.344005508502849,-0.0700139605653886,-0.24200154444851));
#4381=CARTESIAN_POINT('',(0.419798090884738,-0.0634435592591539,-0.240153473266393));
#4382=CARTESIAN_POINT('',(0.483235672645631,-0.0435894371408514,-0.229120338034721));
#4383=CARTESIAN_POINT('',(0.555347454711814,-0.0542410911864143,-0.232813737880348));
#4384=CARTESIAN_POINT('',(0.557223008596618,-0.0236497478156937,-0.219222418443132));
#4385=CARTESIAN_POINT('',(0.5575,-0.0191318615527327,-0.21721518278052));
#4386=CARTESIAN_POINT('',(0.55754808555006,-0.0183475590674865,-0.216866727811309));
#4387=CARTESIAN_POINT('',(0.557596171100121,-0.0175632565822404,-0.216518272842097));
#4388=CARTESIAN_POINT('',(0.557644256650181,-0.0167789540969942,-0.216169817872885));
#4389=CARTESIAN_POINT('',(0.282533051931748,-0.0755743607904841,-0.245222328197054));
#4390=CARTESIAN_POINT('',(0.298229547189006,-0.0749606394657542,-0.2445949914975));
#4391=CARTESIAN_POINT('',(0.344005508502848,-0.0704081957381419,-0.24219545739527));
#4392=CARTESIAN_POINT('',(0.419798090884738,-0.0638039734850341,-0.240319712050823));
#4393=CARTESIAN_POINT('',(0.483235672645631,-0.0438337466113674,-0.229229213093526));
#4394=CARTESIAN_POINT('',(0.555347454711814,-0.0545551933071137,-0.232949703914115));
#4395=CARTESIAN_POINT('',(0.557223008596618,-0.023735471755169,-0.219258591205494));
#4396=CARTESIAN_POINT('',(0.5575,-0.0191838574327629,-0.217236617561469));
#4397=CARTESIAN_POINT('',(0.55754808555006,-0.0183936997755834,-0.216885604087067));
#4398=CARTESIAN_POINT('',(0.557596171100121,-0.0176035421184037,-0.216534590612666));
#4399=CARTESIAN_POINT('',(0.557644256650181,-0.0168133844612241,-0.216183577138265));
#4400=CARTESIAN_POINT('',(0.282533051931748,-0.0761793582148425,-0.24553647658316));
#4401=CARTESIAN_POINT('',(0.298229547189006,-0.0755613944355953,-0.244903031087525));
#4402=CARTESIAN_POINT('',(0.344005508502848,-0.0709742908356619,-0.24247546680819));
#4403=CARTESIAN_POINT('',(0.419798090884738,-0.0643215390947093,-0.240559831616421));
#4404=CARTESIAN_POINT('',(0.483235672645631,-0.0441845939450976,-0.229386501021344));
#4405=CARTESIAN_POINT('',(0.555347454711814,-0.055006281611815,-0.233146158205186));
#4406=CARTESIAN_POINT('',(0.557223008596618,-0.0238585834073086,-0.219310862406016));
#4407=CARTESIAN_POINT('',(0.5575,-0.0192585318131153,-0.217267595064743));
#4408=CARTESIAN_POINT('',(0.55754808555006,-0.018459965473107,-0.216912885016612));
#4409=CARTESIAN_POINT('',(0.557596171100121,-0.0176613991330988,-0.216558174968482));
#4410=CARTESIAN_POINT('',(0.557644256650181,-0.0168628327930905,-0.216203464920351));
#4411=CARTESIAN_POINT('',(0.282533051931748,-0.0763765193915503,-0.245639150418774));
#4412=CARTESIAN_POINT('',(0.298229547189006,-0.0757571745553159,-0.245003711275166));
#4413=CARTESIAN_POINT('',(0.344005508502848,-0.0711587795912336,-0.24256699327796));
#4414=CARTESIAN_POINT('',(0.419798090884738,-0.0644902183430768,-0.240638331703114));
#4415=CARTESIAN_POINT('',(0.483235672645631,-0.0442989402443337,-0.229437926220551));
#4416=CARTESIAN_POINT('',(0.555347454711814,-0.0551533002339908,-0.23321039384228));
#4417=CARTESIAN_POINT('',(0.557223008596618,-0.0238987082485095,-0.219327954815687));
#4418=CARTESIAN_POINT('',(0.5575,-0.0192828700332839,-0.217277725121143));
#4419=CARTESIAN_POINT('',(0.55754808555006,-0.0184815631448447,-0.216921806412445));
#4420=CARTESIAN_POINT('',(0.557596171100121,-0.0176802562564055,-0.216565887703747));
#4421=CARTESIAN_POINT('',(0.557644256650181,-0.0168789493679663,-0.21620996899505));
#4422=CARTESIAN_POINT('',(0.282533051931748,-0.0766647179614485,-0.245789631885914));
#4423=CARTESIAN_POINT('',(0.298229547189006,-0.0760433564054625,-0.245151274693139));
#4424=CARTESIAN_POINT('',(0.344005508502848,-0.0714284615982136,-0.242701150761382));
#4425=CARTESIAN_POINT('',(0.419798090884738,-0.0647367985697026,-0.24075341201119));
#4426=CARTESIAN_POINT('',(0.483235672645631,-0.0444660978073716,-0.229513321097812));
#4427=CARTESIAN_POINT('',(0.555347454711814,-0.0553682229801099,-0.233304576894684));
#4428=CARTESIAN_POINT('',(0.557223008596618,-0.0239573663634199,-0.219353017394136));
#4429=CARTESIAN_POINT('',(0.5575,-0.0193184501871461,-0.217292579633997));
#4430=CARTESIAN_POINT('',(0.55754808555006,-0.0185131369777968,-0.216934888810918));
#4431=CARTESIAN_POINT('',(0.557596171100121,-0.0177078237684475,-0.21657719798784));
#4432=CARTESIAN_POINT('',(0.557644256650181,-0.0169025105590982,-0.216219507164762));
#4433=CARTESIAN_POINT('',(0.282533051931748,-0.0767595221773085,-0.24583920164849));
#4434=CARTESIAN_POINT('',(0.298229547189006,-0.076137497558023,-0.245199883891157));
#4435=CARTESIAN_POINT('',(0.344005508502849,-0.0715171759369133,-0.24274534564152));
#4436=CARTESIAN_POINT('',(0.419798090884738,-0.0648179147686539,-0.240791325212555));
#4437=CARTESIAN_POINT('',(0.48323567264563,-0.0445210871974391,-0.229538160957284));
#4438=CARTESIAN_POINT('',(0.555347454711814,-0.0554389261090538,-0.233335607923064));
#4439=CARTESIAN_POINT('',(0.557223008596618,-0.0239766631534792,-0.219361275125827));
#4440=CARTESIAN_POINT('',(0.5575,-0.0193301550258007,-0.217297474088599));
#4441=CARTESIAN_POINT('',(0.55754808555006,-0.0185235238580062,-0.216939199402531));
#4442=CARTESIAN_POINT('',(0.557596171100121,-0.0177168926902117,-0.216580924716464));
#4443=CARTESIAN_POINT('',(0.557644256650181,-0.0169102615224172,-0.216222650030396));
#4444=CARTESIAN_POINT('',(0.282533051931748,-0.0769465079982632,-0.245937099114052));
#4445=CARTESIAN_POINT('',(0.298229547189006,-0.0763231762578056,-0.245295885555385));
#4446=CARTESIAN_POINT('',(0.344005508502849,-0.0716921528582955,-0.242832632523382));
#4447=CARTESIAN_POINT('',(0.419798090884738,-0.0649779081195814,-0.240866210882928));
#4448=CARTESIAN_POINT('',(0.48323567264563,-0.0446295492463022,-0.229587226377269));
#4449=CARTESIAN_POINT('',(0.555347454711814,-0.0555783829691525,-0.233396904657972));
#4450=CARTESIAN_POINT('',(0.557223008596618,-0.0240147253756444,-0.219377587606757));
#4451=CARTESIAN_POINT('',(0.5575,-0.0193532427685419,-0.217307143064514));
#4452=CARTESIAN_POINT('',(0.55754808555006,-0.0185440120396376,-0.216947715069755));
#4453=CARTESIAN_POINT('',(0.557596171100121,-0.0177347813107334,-0.216588287074996));
#4454=CARTESIAN_POINT('',(0.557644256650181,-0.0169255505818292,-0.216228859080236));
#4455=CARTESIAN_POINT('',(0.282533051931748,-0.077038701831171,-0.245985433250329));
#4456=CARTESIAN_POINT('',(0.298229547189006,-0.0764147259477607,-0.245343284330734));
#4457=CARTESIAN_POINT('',(0.344005508502849,-0.0717784268861925,-0.242875730263342));
#4458=CARTESIAN_POINT('',(0.419798090884738,-0.0650567957428898,-0.240903188278891));
#4459=CARTESIAN_POINT('',(0.483235672645631,-0.044683029005456,-0.229611455166788));
#4460=CARTESIAN_POINT('',(0.555347454711814,-0.0556471458414512,-0.233427174404778));
#4461=CARTESIAN_POINT('',(0.557223008596618,-0.0240334933160791,-0.21938564343685));
#4462=CARTESIAN_POINT('',(0.5575,-0.0193646272013892,-0.217311918229618));
#4463=CARTESIAN_POINT('',(0.55754808555006,-0.0185541146997679,-0.216951920713283));
#4464=CARTESIAN_POINT('',(0.557596171100121,-0.0177436021981466,-0.216591923196948));
#4465=CARTESIAN_POINT('',(0.557644256650181,-0.0169330896965253,-0.216231925680613));
#4466=CARTESIAN_POINT('',(0.282533051931748,-0.077493268941572,-0.246224058310279));
#4467=CARTESIAN_POINT('',(0.298229547189006,-0.0768661186692893,-0.245577294545867));
#4468=CARTESIAN_POINT('',(0.344005508502849,-0.0722038118073284,-0.243088514107321));
#4469=CARTESIAN_POINT('',(0.419798090884738,-0.0654457676494964,-0.241085767458727));
#4470=CARTESIAN_POINT('',(0.483235672645631,-0.0449467248946857,-0.229731091888733));
#4471=CARTESIAN_POINT('',(0.555347454711814,-0.0559862009524022,-0.233576645142995));
#4472=CARTESIAN_POINT('',(0.557223008596618,-0.0241260357968702,-0.219425424461418));
#4473=CARTESIAN_POINT('',(0.5575,-0.0194207634344405,-0.217335499715497));
#4474=CARTESIAN_POINT('',(0.55754808555006,-0.0186039308289213,-0.216972689968461));
#4475=CARTESIAN_POINT('',(0.557596171100121,-0.0177870982234022,-0.216609880221425));
#4476=CARTESIAN_POINT('',(0.557644256650181,-0.016970265617883,-0.216247070474389));
#4477=CARTESIAN_POINT('',(0.282533051931748,-0.0778364360566523,-0.246405212369634));
#4478=CARTESIAN_POINT('',(0.298229547189006,-0.0772068945161232,-0.245754955000822));
#4479=CARTESIAN_POINT('',(0.344005508502849,-0.0725249670455203,-0.243250085643865));
#4480=CARTESIAN_POINT('',(0.419798090884738,-0.065739453302988,-0.241224445842655));
#4481=CARTESIAN_POINT('',(0.483235672645631,-0.0451458323051446,-0.229821978144209));
#4482=CARTESIAN_POINT('',(0.555347454711814,-0.056242215439427,-0.233690212146956));
#4483=CARTESIAN_POINT('',(0.557223008596618,-0.0241959186730793,-0.219455655278194));
#4484=CARTESIAN_POINT('',(0.5575,-0.0194631574410888,-0.217353423017342));
#4485=CARTESIAN_POINT('',(0.55754808555006,-0.0186415527834509,-0.216988476692715));
#4486=CARTESIAN_POINT('',(0.557596171100121,-0.017819948125813,-0.216623530368088));
#4487=CARTESIAN_POINT('',(0.557644256650181,-0.0169983434681752,-0.216258584043461));
#4488=CARTESIAN_POINT('',(0.282533051931748,-0.0782007956716509,-0.246598440448717));
#4489=CARTESIAN_POINT('',(0.298229547189006,-0.0775687197507864,-0.245944465190762));
#4490=CARTESIAN_POINT('',(0.344005508502849,-0.07286597191938,-0.24342245668747));
#4491=CARTESIAN_POINT('',(0.419798090884738,-0.0660513096395115,-0.24137243024893));
#4492=CARTESIAN_POINT('',(0.483235672645631,-0.0453572669242114,-0.229918977394039));
#4493=CARTESIAN_POINT('',(0.555347454711814,-0.0565140853856108,-0.233811431788341));
#4494=CARTESIAN_POINT('',(0.557223008596618,-0.0242701352105787,-0.21948792822759));
#4495=CARTESIAN_POINT('',(0.5575,-0.0195081835109092,-0.217372559863724));
#4496=CARTESIAN_POINT('',(0.55754808555006,-0.0186815114046872,-0.217005333119086));
#4497=CARTESIAN_POINT('',(0.557596171100121,-0.0178548392984653,-0.216638106374448));
#4498=CARTESIAN_POINT('',(0.557644256650181,-0.0170281671922434,-0.21627087962981));
#4499=CARTESIAN_POINT('',(0.282533051931748,-0.0782409786373525,-0.246619763426425));
#4500=CARTESIAN_POINT('',(0.298229547189006,-0.0776086232825124,-0.245965378019895));
#4501=CARTESIAN_POINT('',(0.344005508502848,-0.0729035794780157,-0.243441478512662));
#4502=CARTESIAN_POINT('',(0.419798090884738,-0.0660857028432411,-0.241388761449966));
#4503=CARTESIAN_POINT('',(0.483235672645631,-0.0453805851983064,-0.229929682202526));
#4504=CARTESIAN_POINT('',(0.555347454711814,-0.056544068902524,-0.233824809759077));
#4505=CARTESIAN_POINT('',(0.557223008596618,-0.0242783203578254,-0.219491489989753));
#4506=CARTESIAN_POINT('',(0.5575,-0.0195131493632828,-0.21737467191793));
#4507=CARTESIAN_POINT('',(0.55754808555006,-0.0186859183893023,-0.217007193504816));
#4508=CARTESIAN_POINT('',(0.557596171100121,-0.0178586874153217,-0.216639715091701));
#4509=CARTESIAN_POINT('',(0.557644256650181,-0.0170314564413411,-0.216272236678587));
#4510=CARTESIAN_POINT('',(0.282533051931748,-0.0783207463635119,-0.246662117132182));
#4511=CARTESIAN_POINT('',(0.298229547189006,-0.0776878364302858,-0.246006917291999));
#4512=CARTESIAN_POINT('',(0.344005508502848,-0.072978235198982,-0.243479262319526));
#4513=CARTESIAN_POINT('',(0.419798090884738,-0.0661539782025853,-0.241421201800297));
#4514=CARTESIAN_POINT('',(0.483235672645631,-0.0454268754947749,-0.229950946666459));
#4515=CARTESIAN_POINT('',(0.555347454711814,-0.056603590853491,-0.233851384699308));
#4516=CARTESIAN_POINT('',(0.557223008596618,-0.0242945693145161,-0.219498565468167));
#4517=CARTESIAN_POINT('',(0.5575,-0.0195230075425557,-0.217378867615957));
#4518=CARTESIAN_POINT('',(0.55754808555006,-0.0186946671332507,-0.217010889274606));
#4519=CARTESIAN_POINT('',(0.557596171100121,-0.0178663267239458,-0.216642910933254));
#4520=CARTESIAN_POINT('',(0.557644256650181,-0.0170379863146409,-0.216274932591903));
#4521=CARTESIAN_POINT('',(0.282533051931748,-0.0783603483449261,-0.246683157139487));
#4522=CARTESIAN_POINT('',(0.298229547189006,-0.0777271631483342,-0.246027552837139));
#4523=CARTESIAN_POINT('',(0.344005508502849,-0.0730152994822265,-0.243498032584479));
#4524=CARTESIAN_POINT('',(0.419798090884738,-0.0661878751096156,-0.241437318069508));
#4525=CARTESIAN_POINT('',(0.483235672645631,-0.0454498575123038,-0.229961510987815));
#4526=CARTESIAN_POINT('',(0.555347454711814,-0.0566331421657845,-0.23386458751334));
#4527=CARTESIAN_POINT('',(0.557223008596618,-0.0243026366388363,-0.219502080740577));
#4528=CARTESIAN_POINT('',(0.5575,-0.0195279020015014,-0.217380952182605));
#4529=CARTESIAN_POINT('',(0.55754808555006,-0.0186990107845724,-0.217012725471548));
#4530=CARTESIAN_POINT('',(0.557596171100121,-0.0178701195676433,-0.21664449876049));
#4531=CARTESIAN_POINT('',(0.557644256650181,-0.0170412283507143,-0.216276272049432));
#4532=CARTESIAN_POINT('',(0.282533051931748,-0.0784780691033901,-0.246745735833614));
#4533=CARTESIAN_POINT('',(0.298229547189006,-0.077844065822974,-0.246088928879834));
#4534=CARTESIAN_POINT('',(0.344005508502849,-0.0731254772058289,-0.243553861586991));
#4535=CARTESIAN_POINT('',(0.419798090884738,-0.066288638027888,-0.241485254556943));
#4536=CARTESIAN_POINT('',(0.483235672645631,-0.0455181742140497,-0.229992933974221));
#4537=CARTESIAN_POINT('',(0.555347454711814,-0.0567209876164699,-0.233903859278216));
#4538=CARTESIAN_POINT('',(0.557223008596618,-0.0243266167375817,-0.219512536521811));
#4539=CARTESIAN_POINT('',(0.5575,-0.019542450137985,-0.217387152271794));
#4540=CARTESIAN_POINT('',(0.55754808555006,-0.0187119215377728,-0.217018186775017));
#4541=CARTESIAN_POINT('',(0.557596171100121,-0.0178813929375605,-0.216649221278241));
#4542=CARTESIAN_POINT('',(0.557644256650181,-0.0170508643373482,-0.216280255781465));
#4543=CARTESIAN_POINT('',(0.282533051931748,-0.0785550638221904,-0.246786712246214));
#4544=CARTESIAN_POINT('',(0.298229547189006,-0.0779205257027686,-0.246129118241424));
#4545=CARTESIAN_POINT('',(0.344005508502849,-0.0731975391820897,-0.243590419861638));
#4546=CARTESIAN_POINT('',(0.419798090884738,-0.0663545430607,-0.241516646447904));
#4547=CARTESIAN_POINT('',(0.48323567264563,-0.0455628572828453,-0.230013512257655));
#4548=CARTESIAN_POINT('',(0.555347454711814,-0.0567784444289104,-0.233929578480692));
#4549=CARTESIAN_POINT('',(0.557223008596618,-0.0243423002719038,-0.219519383730717));
#4550=CARTESIAN_POINT('',(0.5575,-0.0195519643806522,-0.217391212368036));
#4551=CARTESIAN_POINT('',(0.55754808555006,-0.018720364794918,-0.217021763030087));
#4552=CARTESIAN_POINT('',(0.557596171100121,-0.0178887652091838,-0.216652313692138));
#4553=CARTESIAN_POINT('',(0.557644256650181,-0.0170571656234497,-0.216282864354189));
#4554=CARTESIAN_POINT('',(0.282533051931748,-0.0787788429645763,-0.246905919042767));
#4555=CARTESIAN_POINT('',(0.298229547189006,-0.0781427509150485,-0.24624603643714));
#4556=CARTESIAN_POINT('',(0.344005508502849,-0.0734069834844525,-0.243696777291281));
#4557=CARTESIAN_POINT('',(0.419798090884738,-0.0665460945350995,-0.241607977922431));
#4558=CARTESIAN_POINT('',(0.483235672645631,-0.0456927272708716,-0.230073383865487));
#4559=CARTESIAN_POINT('',(0.555347454711814,-0.0569454427678966,-0.23400440950509));
#4560=CARTESIAN_POINT('',(0.557223008596618,-0.0243878821882757,-0.219539305293529));
#4561=CARTESIAN_POINT('',(0.5575,-0.0195796148978966,-0.217403024620342));
#4562=CARTESIAN_POINT('',(0.55754808555006,-0.0187449024314741,-0.217032167510702));
#4563=CARTESIAN_POINT('',(0.557596171100121,-0.0179101899650517,-0.216661310401062));
#4564=CARTESIAN_POINT('',(0.557644256650181,-0.0170754774986293,-0.216290453291422));
#4565=CARTESIAN_POINT('',(0.282533051931748,-0.0789184223741469,-0.246980426985469));
#4566=CARTESIAN_POINT('',(0.298229547189006,-0.0782813618204298,-0.246319115382206));
#4567=CARTESIAN_POINT('',(0.344005508502849,-0.0735376241841352,-0.243763259051978));
#4568=CARTESIAN_POINT('',(0.419798090884738,-0.0666655773526506,-0.241665073307637));
#4569=CARTESIAN_POINT('',(0.483235672645631,-0.0457737349717416,-0.230110813947418));
#4570=CARTESIAN_POINT('',(0.555347454711814,-0.0570496121961068,-0.234051194743984));
#4571=CARTESIAN_POINT('',(0.557223008596618,-0.0244163118837309,-0.219551759583533));
#4572=CARTESIAN_POINT('',(0.5575,-0.0195968589617165,-0.217410408739986));
#4573=CARTESIAN_POINT('',(0.55754808555006,-0.0187602046760051,-0.217038671451656));
#4574=CARTESIAN_POINT('',(0.557596171100121,-0.0179235503902938,-0.216666934163326));
#4575=CARTESIAN_POINT('',(0.557644256650181,-0.0170868961045824,-0.216295196874996));
#4576=CARTESIAN_POINT('',(0.282533051931748,-0.0791023908465215,-0.247078766853838));
#4577=CARTESIAN_POINT('',(0.298229547189006,-0.0784640544554614,-0.246415570467922));
#4578=CARTESIAN_POINT('',(0.344005508502849,-0.0737098135488324,-0.243851010051562));
#4579=CARTESIAN_POINT('',(0.419798090884738,-0.0668230627871921,-0.241740440403221));
#4580=CARTESIAN_POINT('',(0.483235672645631,-0.0458805080013016,-0.230160224105556));
#4581=CARTESIAN_POINT('',(0.555347454711814,-0.0571869156046057,-0.234112956793456));
#4582=CARTESIAN_POINT('',(0.557223008596618,-0.0244537826854449,-0.219568200378114));
#4583=CARTESIAN_POINT('',(0.5575,-0.0196195859727665,-0.217420156259532));
#4584=CARTESIAN_POINT('',(0.55754808555006,-0.0187803721733829,-0.217047257022463));
#4585=CARTESIAN_POINT('',(0.557596171100121,-0.0179411583739993,-0.216674357785394));
#4586=CARTESIAN_POINT('',(0.557644256650181,-0.0171019445746157,-0.216301458548325));
#4587=CARTESIAN_POINT('',(0.282533051931748,-0.0791594802303161,-0.247109309802347));
#4588=CARTESIAN_POINT('',(0.298229547189006,-0.0785207480466318,-0.246445528274514));
#4589=CARTESIAN_POINT('',(0.344005508502849,-0.0737632480562603,-0.243878265111179));
#4590=CARTESIAN_POINT('',(0.419798090884738,-0.066871934800075,-0.241763850104711));
#4591=CARTESIAN_POINT('',(0.483235672645631,-0.0459136425908641,-0.230175571664141));
#4592=CARTESIAN_POINT('',(0.555347454711814,-0.0572295249518027,-0.234132141508468));
#4593=CARTESIAN_POINT('',(0.557223008596618,-0.0244654106624381,-0.219573307202903));
#4594=CARTESIAN_POINT('',(0.5575,-0.0196266384623365,-0.217423183989394));
#4595=CARTESIAN_POINT('',(0.55754808555006,-0.018786630360939,-0.217049923822628));
#4596=CARTESIAN_POINT('',(0.557596171100121,-0.0179466222595415,-0.216676663655862));
#4597=CARTESIAN_POINT('',(0.557644256650181,-0.017106614158144,-0.216303403489096));
#4598=CARTESIAN_POINT('',(0.282533051931748,-0.0792244053040268,-0.2471440696073));
#4599=CARTESIAN_POINT('',(0.298229547189006,-0.0785852231277913,-0.246479622385093));
#4600=CARTESIAN_POINT('',(0.344005508502849,-0.0738240170445408,-0.243909283921556));
#4601=CARTESIAN_POINT('',(0.419798090884738,-0.0669275155320868,-0.241790493528455));
#4602=CARTESIAN_POINT('',(0.483235672645631,-0.0459513257102637,-0.230193039611401));
#4603=CARTESIAN_POINT('',(0.555347454711814,-0.0572779837186345,-0.234153977166761));
#4604=CARTESIAN_POINT('',(0.557223008596618,-0.0244786348158445,-0.219579119713739));
#4605=CARTESIAN_POINT('',(0.5575,-0.0196346589875776,-0.217426630119749));
#4606=CARTESIAN_POINT('',(0.55754808555006,-0.0187937475392907,-0.217052959150679));
#4607=CARTESIAN_POINT('',(0.557596171100121,-0.0179528360910038,-0.216679288181608));
#4608=CARTESIAN_POINT('',(0.557644256650181,-0.0171119246427169,-0.216305617212537));
#4609=CARTESIAN_POINT('',(0.282533051931748,-0.0792370684859673,-0.247150850624256));
#4610=CARTESIAN_POINT('',(0.298229547189006,-0.078597798548633,-0.246486273549826));
#4611=CARTESIAN_POINT('',(0.344005508502848,-0.0738358696348968,-0.243915335182924));
#4612=CARTESIAN_POINT('',(0.419798090884738,-0.0669383562142845,-0.241795691278048));
#4613=CARTESIAN_POINT('',(0.483235672645631,-0.0459586755782659,-0.230196447375804));
#4614=CARTESIAN_POINT('',(0.555347454711814,-0.0572874353261427,-0.234158237036646));
#4615=CARTESIAN_POINT('',(0.557223008596618,-0.024481214105634,-0.219580253664898));
#4616=CARTESIAN_POINT('',(0.5575,-0.0196362233382898,-0.217427302419222));
#4617=CARTESIAN_POINT('',(0.55754808555006,-0.0187951356971564,-0.217053551307681));
#4618=CARTESIAN_POINT('',(0.557596171100121,-0.017954048056023,-0.21667980019614));
#4619=CARTESIAN_POINT('',(0.557644256650181,-0.0171129604148896,-0.216306049084599));
#4620=CARTESIAN_POINT('',(0.282533051931748,-0.0792617225628546,-0.247164055204572));
#4621=CARTESIAN_POINT('',(0.298229547189006,-0.0786222817753986,-0.246499225294855));
#4622=CARTESIAN_POINT('',(0.344005508502848,-0.0738589456082165,-0.243927118806191));
#4623=CARTESIAN_POINT('',(0.419798090884738,-0.0669594621410425,-0.241805812960084));
#4624=CARTESIAN_POINT('',(0.483235672645631,-0.0459729851877103,-0.230203083419931));
#4625=CARTESIAN_POINT('',(0.555347454711814,-0.057305836878252,-0.23416653245432));
#4626=CARTESIAN_POINT('',(0.557223008596618,-0.0244862357795537,-0.2195824618597));
#4627=CARTESIAN_POINT('',(0.5575,-0.0196392690032733,-0.217428611621774));
#4628=CARTESIAN_POINT('',(0.55754808555006,-0.0187978383281126,-0.21705470444569));
#4629=CARTESIAN_POINT('',(0.557596171100121,-0.0179564076529519,-0.216680797269606));
#4630=CARTESIAN_POINT('',(0.557644256650181,-0.0171149769777912,-0.216306890093522));
#4631=CARTESIAN_POINT('',(0.282533051931748,-0.0792737068458446,-0.247170475226731));
#4632=CARTESIAN_POINT('',(0.298229547189006,-0.0786341830154276,-0.24650552240188));
#4633=CARTESIAN_POINT('',(0.344005508502848,-0.0738701628041434,-0.243932848008865));
#4634=CARTESIAN_POINT('',(0.419798090884738,-0.0669697217278907,-0.241810734179649));
#4635=CARTESIAN_POINT('',(0.483235672645631,-0.0459799411045251,-0.230206309925605));
#4636=CARTESIAN_POINT('',(0.555347454711814,-0.0573147818894684,-0.234170565778952));
#4637=CARTESIAN_POINT('',(0.557223008596618,-0.0244886768382446,-0.21958353552042));
#4638=CARTESIAN_POINT('',(0.5575,-0.019640749524945,-0.21742924818417));
#4639=CARTESIAN_POINT('',(0.55754808555006,-0.0187991521011042,-0.217055265128065));
#4640=CARTESIAN_POINT('',(0.557596171100121,-0.0179575546772635,-0.216681282071961));
#4641=CARTESIAN_POINT('',(0.557644256650181,-0.0171159572534227,-0.216307299015856));
#4642=CARTESIAN_POINT('',(0.282533051931748,-0.0793087018812823,-0.247189225866242));
#4643=CARTESIAN_POINT('',(0.298229547189006,-0.0786689355827365,-0.246523914086758));
#4644=CARTESIAN_POINT('',(0.344005508502848,-0.0739029179908873,-0.243949581151187));
#4645=CARTESIAN_POINT('',(0.419798090884738,-0.066999680739378,-0.241825107642307));
#4646=CARTESIAN_POINT('',(0.483235672645631,-0.0460002532751039,-0.230215733743378));
#4647=CARTESIAN_POINT('',(0.555347454711814,-0.057340902343111,-0.234182346126716));
#4648=CARTESIAN_POINT('',(0.557223008596618,-0.0244958054084204,-0.219586671600111));
#4649=CARTESIAN_POINT('',(0.5575,-0.0196450732765033,-0.217431107634081));
#4650=CARTESIAN_POINT('',(0.55754808555006,-0.018802988937746,-0.217056902955772));
#4651=CARTESIAN_POINT('',(0.557596171100121,-0.0179609045989888,-0.216682698277464));
#4652=CARTESIAN_POINT('',(0.557644256650181,-0.0171188202602315,-0.216308493599155));
#4653=CARTESIAN_POINT('',(0.282533051931748,-0.0793307645576739,-0.247201052271897));
#4654=CARTESIAN_POINT('',(0.298229547189006,-0.0786908454254521,-0.246535514142911));
#4655=CARTESIAN_POINT('',(0.344005508502849,-0.0739235686812832,-0.243960135271939));
#4656=CARTESIAN_POINT('',(0.419798090884738,-0.0670185687201398,-0.241834173670555));
#4657=CARTESIAN_POINT('',(0.483235672645631,-0.0460130595189721,-0.230221677942049));
#4658=CARTESIAN_POINT('',(0.555347454711814,-0.0573573704188542,-0.234189776770646));
#4659=CARTESIAN_POINT('',(0.557223008596618,-0.0245003001448317,-0.219588649922401));
#4660=CARTESIAN_POINT('',(0.5575,-0.0196477997288406,-0.217432280729587));
#4661=CARTESIAN_POINT('',(0.55754808555006,-0.0188054084169739,-0.217057936264367));
#4662=CARTESIAN_POINT('',(0.557596171100121,-0.0179630171051073,-0.216683591799147));
#4663=CARTESIAN_POINT('',(0.557644256650181,-0.0171206257932406,-0.216309247333927));
#4664=CARTESIAN_POINT('',(0.282533051931748,-0.0794360085506967,-0.247257488217424));
#4665=CARTESIAN_POINT('',(0.298229547189006,-0.0787953604970682,-0.246590870155281));
#4666=CARTESIAN_POINT('',(0.344005508502849,-0.0740220777301953,-0.244010500645852));
#4667=CARTESIAN_POINT('',(0.419798090884738,-0.0671086698496972,-0.241877438691035));
#4668=CARTESIAN_POINT('',(0.483235672645631,-0.0460741499255756,-0.230250045549353));
#4669=CARTESIAN_POINT('',(0.555347454711814,-0.0574359285574962,-0.234225238305317));
#4670=CARTESIAN_POINT('',(0.557223008596618,-0.0245217432520655,-0.219598091943836));
#4671=CARTESIAN_POINT('',(0.5575,-0.0196608077957205,-0.217437880056047));
#4672=CARTESIAN_POINT('',(0.55754808555006,-0.0188169521656468,-0.217062868501166));
#4673=CARTESIAN_POINT('',(0.557596171100121,-0.017973096535573,-0.216687856946284));
#4674=CARTESIAN_POINT('',(0.557644256650181,-0.0171292409054992,-0.216312845391402));
#4675=CARTESIAN_POINT('',(0.282533051931748,-0.0795039817005241,-0.247294009509065));
#4676=CARTESIAN_POINT('',(0.298229547189006,-0.0788628633000839,-0.246626693306312));
#4677=CARTESIAN_POINT('',(0.344005508502849,-0.0740857028795103,-0.244043096209467));
#4678=CARTESIAN_POINT('',(0.419798090884738,-0.0671668666757371,-0.241905442320986));
#4679=CARTESIAN_POINT('',(0.483235672645631,-0.0461136116500984,-0.230268408799848));
#4680=CARTESIAN_POINT('',(0.555347454711814,-0.0574866719001731,-0.234248194141115));
#4681=CARTESIAN_POINT('',(0.557223008596618,-0.024535599898418,-0.219604206872932));
#4682=CARTESIAN_POINT('',(0.5575,-0.0196692168258442,-0.21744150783379));
#4683=CARTESIAN_POINT('',(0.55754808555006,-0.0188244154926919,-0.217066064510848));
#4684=CARTESIAN_POINT('',(0.557596171100121,-0.0179796141595397,-0.216690621187907));
#4685=CARTESIAN_POINT('',(0.557644256650181,-0.0171348128263875,-0.216315177864965));
#4686=CARTESIAN_POINT('',(0.282533051931748,-0.0795719548503515,-0.247330530800705));
#4687=CARTESIAN_POINT('',(0.298229547189006,-0.0789303661030995,-0.246662516457341));
#4688=CARTESIAN_POINT('',(0.344005508502849,-0.0741493280288255,-0.244075691773082));
#4689=CARTESIAN_POINT('',(0.419798090884738,-0.0672250635017771,-0.241933445950937));
#4690=CARTESIAN_POINT('',(0.483235672645631,-0.0461530733746212,-0.230286772050342));
#4691=CARTESIAN_POINT('',(0.555347454711814,-0.0575374152428501,-0.234271149976912));
#4692=CARTESIAN_POINT('',(0.557223008596618,-0.0245494565447705,-0.219610321802027));
#4693=CARTESIAN_POINT('',(0.5575,-0.0196776258559678,-0.217445135611533));
#4694=CARTESIAN_POINT('',(0.55754808555006,-0.0188318788197371,-0.217069260520531));
#4695=CARTESIAN_POINT('',(0.557596171100121,-0.0179861317835064,-0.21669338542953));
#4696=CARTESIAN_POINT('',(0.557644256650181,-0.0171403847472757,-0.216317510338528));
#4697=CARTESIAN_POINT('',(0.,0.,0.));
#4698=CARTESIAN_POINT('',(0.11,-0.0507891865701536,-0.243923400741154));
#4699=CARTESIAN_POINT('',(0.133317959439292,-0.0557494966218356,-0.245125645076882));
#4700=CARTESIAN_POINT('',(0.179937398934324,-0.0656666111503618,-0.247529284092278));
#4701=CARTESIAN_POINT('',(0.253442687658965,-0.0834753925312686,-0.249982488033961));
#4702=CARTESIAN_POINT('',(0.309607518039745,-0.0774326589711723,-0.246412837710523));
#4703=CARTESIAN_POINT('',(0.343780783191716,-0.0740940614001858,-0.244969690083646));
#4704=CARTESIAN_POINT('',(0.350692059380177,-0.073392218480549,-0.244675943320952));
#4705=CARTESIAN_POINT('',(0.11,-0.0507426520669981,-0.243902911772386));
#4706=CARTESIAN_POINT('',(0.133317959439292,-0.0556983971879647,-0.245103877118351));
#4707=CARTESIAN_POINT('',(0.179937398934324,-0.0656063850812106,-0.247504959058115));
#4708=CARTESIAN_POINT('',(0.253442687658965,-0.0833986993708043,-0.249955408473415));
#4709=CARTESIAN_POINT('',(0.309607518039745,-0.0773615123808366,-0.246388983443202));
#4710=CARTESIAN_POINT('',(0.343780783191716,-0.0740259140118463,-0.244947601433921));
#4711=CARTESIAN_POINT('',(0.350692059380177,-0.073324702392296,-0.244654213979421));
#4712=CARTESIAN_POINT('',(0.11,-0.0506961175638425,-0.243882422803619));
#4713=CARTESIAN_POINT('',(0.133317959439292,-0.0556472977540938,-0.24508210915982));
#4714=CARTESIAN_POINT('',(0.179937398934324,-0.0655461590120596,-0.24748063402395));
#4715=CARTESIAN_POINT('',(0.253442687658965,-0.0833220062103402,-0.249928328912869));
#4716=CARTESIAN_POINT('',(0.309607518039745,-0.0772903657905012,-0.246365129175883));
#4717=CARTESIAN_POINT('',(0.343780783191716,-0.073957766623507,-0.244925512784195));
#4718=CARTESIAN_POINT('',(0.350692059380177,-0.0732571863040431,-0.244632484637892));
#4719=CARTESIAN_POINT('',(0.11,-0.0506240574435988,-0.243850731517907));
#4720=CARTESIAN_POINT('',(0.133317959439292,-0.0555681711643747,-0.245048441529614));
#4721=CARTESIAN_POINT('',(0.179937398934324,-0.0654529044774397,-0.24744301510149));
#4722=CARTESIAN_POINT('',(0.253442687658965,-0.0832032620482379,-0.249886458325424));
#4723=CARTESIAN_POINT('',(0.309607518039745,-0.0771802085254318,-0.246328247300853));
#4724=CARTESIAN_POINT('',(0.343780783191716,-0.0738522525599815,-0.244891361973541));
#4725=CARTESIAN_POINT('',(0.350692059380177,-0.0731526495775074,-0.244598889592713));
#4726=CARTESIAN_POINT('',(0.11,-0.0506089508199851,-0.243844089257027));
#4727=CARTESIAN_POINT('',(0.133317959439292,-0.0555515832315618,-0.245041385119471));
#4728=CARTESIAN_POINT('',(0.179937398934324,-0.0654333549731067,-0.247435130685511));
#4729=CARTESIAN_POINT('',(0.253442687658965,-0.0831783693302414,-0.249877683151098));
#4730=CARTESIAN_POINT('',(0.309607518039745,-0.0771571158710605,-0.246320517723803));
#4731=CARTESIAN_POINT('',(0.343780783191716,-0.0738301332558714,-0.244884204811485));
#4732=CARTESIAN_POINT('',(0.350692059380177,-0.0731307351513894,-0.244591848915264));
#4733=CARTESIAN_POINT('',(0.11,-0.0505849885103803,-0.243833555858699));
#4734=CARTESIAN_POINT('',(0.133317959439292,-0.0555252714294631,-0.245030195096566));
#4735=CARTESIAN_POINT('',(0.179937398934324,-0.0654023458464652,-0.247422627877502));
#4736=CARTESIAN_POINT('',(0.253442687658965,-0.0831388854677913,-0.249863768408036));
#4737=CARTESIAN_POINT('',(0.309607518039745,-0.0771204871369581,-0.246308261104395));
#4738=CARTESIAN_POINT('',(0.343780783191716,-0.0737950483783216,-0.244872855943542));
#4739=CARTESIAN_POINT('',(0.350692059380177,-0.0730959752356916,-0.244580684770815));
#4740=CARTESIAN_POINT('',(0.11,-0.0505767822226114,-0.24382994893856));
#4741=CARTESIAN_POINT('',(0.133317959439292,-0.0555162605553829,-0.245026363355824));
#4742=CARTESIAN_POINT('',(0.179937398934324,-0.0653917263683835,-0.24741834665444));
#4743=CARTESIAN_POINT('',(0.253442687658965,-0.0831253638217127,-0.24985900381042));
#4744=CARTESIAN_POINT('',(0.309607518039745,-0.0771079432415136,-0.246304064288317));
#4745=CARTESIAN_POINT('',(0.343780783191716,-0.0737830331830802,-0.244868969964955));
#4746=CARTESIAN_POINT('',(0.350692059380177,-0.0730840713249264,-0.244576862046154));
#4747=CARTESIAN_POINT('',(0.11,-0.0505599006622586,-0.243822529854421));
#4748=CARTESIAN_POINT('',(0.133317959439292,-0.0554977238568014,-0.245018481866179));
#4749=CARTESIAN_POINT('',(0.179937398934324,-0.0653698805630721,-0.247409540680581));
#4750=CARTESIAN_POINT('',(0.253442687658965,-0.0830975479111966,-0.249849203751283));
#4751=CARTESIAN_POINT('',(0.309607518039745,-0.0770821387179638,-0.246295432126654));
#4752=CARTESIAN_POINT('',(0.343780783191716,-0.0737583162772195,-0.244860977180185));
#4753=CARTESIAN_POINT('',(0.350692059380177,-0.0730595833481802,-0.244568999371151));
#4754=CARTESIAN_POINT('',(0.11,-0.0505512299713067,-0.24381871970401));
#4755=CARTESIAN_POINT('',(0.133317959439292,-0.0554882030598953,-0.245014434255009));
#4756=CARTESIAN_POINT('',(0.179937398934324,-0.0653586601550488,-0.247405018315709));
#4757=CARTESIAN_POINT('',(0.253442687658965,-0.0830832611743677,-0.249844170941919));
#4758=CARTESIAN_POINT('',(0.309607518039745,-0.0770688850754005,-0.24629099911802));
#4759=CARTESIAN_POINT('',(0.343780783191716,-0.0737456212600897,-0.244856872538565));
#4760=CARTESIAN_POINT('',(0.350692059380177,-0.073047005914207,-0.244564961550295));
#4761=CARTESIAN_POINT('',(0.11,-0.050506776153383,-0.243799187727207));
#4762=CARTESIAN_POINT('',(0.133317959439292,-0.0554393908485993,-0.244993685048063));
#4763=CARTESIAN_POINT('',(0.179937398934324,-0.0653011342371935,-0.247381835508723));
#4764=CARTESIAN_POINT('',(0.253442687658965,-0.0830100146259602,-0.249818371857801));
#4765=CARTESIAN_POINT('',(0.309607518039745,-0.0770009351506266,-0.246268274872342));
#4766=CARTESIAN_POINT('',(0.343780783191716,-0.0736805353813928,-0.244835831645609));
#4767=CARTESIAN_POINT('',(0.350692059380177,-0.0729825228782563,-0.244544263208879));
#4768=CARTESIAN_POINT('',(0.11,-0.0504676919369194,-0.243782022226561));
#4769=CARTESIAN_POINT('',(0.133317959439292,-0.0553964747539132,-0.244975449999004));
#4770=CARTESIAN_POINT('',(0.179937398934324,-0.065250557094146,-0.247361462118715));
#4771=CARTESIAN_POINT('',(0.253442687658965,-0.0829456162215911,-0.249795700471151));
#4772=CARTESIAN_POINT('',(0.309607518039745,-0.0769411937325427,-0.246248306027783));
#4773=CARTESIAN_POINT('',(0.343780783191716,-0.0736233121406813,-0.244817342339695));
#4774=CARTESIAN_POINT('',(0.350692059380177,-0.072925829678025,-0.24452607497692));
#4775=CARTESIAN_POINT('',(0.11,-0.0503417647245686,-0.243726743737919));
#4776=CARTESIAN_POINT('',(0.133317959439292,-0.0552582015272657,-0.244916727938159));
#4777=CARTESIAN_POINT('',(0.179937398934324,-0.0650876005641415,-0.247295855347124));
#4778=CARTESIAN_POINT('',(0.253442687658965,-0.082738129585421,-0.249722698241681));
#4779=CARTESIAN_POINT('',(0.309607518039745,-0.0767487124156792,-0.246184007912008));
#4780=CARTESIAN_POINT('',(0.343780783191716,-0.0734389446785249,-0.244757809401573));
#4781=CARTESIAN_POINT('',(0.350692059380177,-0.0727431700604894,-0.244467511702774));
#4782=CARTESIAN_POINT('',(0.11,-0.0502462471657209,-0.243684848763216));
#4783=CARTESIAN_POINT('',(0.133317959439292,-0.0551533194527152,-0.244872224012705));
#4784=CARTESIAN_POINT('',(0.179937398934324,-0.0649639960763223,-0.247246135363976));
#4785=CARTESIAN_POINT('',(0.253442687658965,-0.0825807499305576,-0.249667379329339));
#4786=CARTESIAN_POINT('',(0.309607518039745,-0.0766027154542879,-0.246135287058699));
#4787=CARTESIAN_POINT('',(0.343780783191716,-0.0732991027170585,-0.244712700748986));
#4788=CARTESIAN_POINT('',(0.350692059380177,-0.0726046236263436,-0.244423138082321));
#4789=CARTESIAN_POINT('',(0.11,-0.0500931773951828,-0.243617793411371));
#4790=CARTESIAN_POINT('',(0.133317959439292,-0.054985242593148,-0.244800994844535));
#4791=CARTESIAN_POINT('',(0.179937398934324,-0.064765915644581,-0.247166561512897));
#4792=CARTESIAN_POINT('',(0.253442687658965,-0.0823285458976039,-0.249578857975965));
#4793=CARTESIAN_POINT('',(0.309607518039745,-0.0763687553757073,-0.246057329662383));
#4794=CARTESIAN_POINT('',(0.343780783191716,-0.0730750077877769,-0.244640526746425));
#4795=CARTESIAN_POINT('',(0.350692059380177,-0.0723826051317255,-0.24435214088797));
#4796=CARTESIAN_POINT('',(0.11,-0.0500405218996256,-0.243594739479124));
#4797=CARTESIAN_POINT('',(0.133317959439292,-0.054927424682002,-0.244776506241814));
#4798=CARTESIAN_POINT('',(0.179937398934324,-0.0646977765506651,-0.247139204583145));
#4799=CARTESIAN_POINT('',(0.253442687658965,-0.0822417887948429,-0.249548427027363));
#4800=CARTESIAN_POINT('',(0.309607518039745,-0.0762882745767648,-0.246030531177552));
#4801=CARTESIAN_POINT('',(0.343780783191716,-0.0729979208135026,-0.244615716908291));
#4802=CARTESIAN_POINT('',(0.350692059380177,-0.0723062324929528,-0.244327735695907));
#4803=CARTESIAN_POINT('',(0.11,-0.0499600347599299,-0.243559524243758));
#4804=CARTESIAN_POINT('',(0.133317959439292,-0.0548390463955271,-0.244739100086153));
#4805=CARTESIAN_POINT('',(0.179937398934324,-0.0645936215475021,-0.247097418135273));
#4806=CARTESIAN_POINT('',(0.253442687658965,-0.0821091755399702,-0.249501949002516));
#4807=CARTESIAN_POINT('',(0.309607518039745,-0.0761652559053189,-0.245989602802198));
#4808=CARTESIAN_POINT('',(0.343780783191716,-0.0728800902919409,-0.244577826772304));
#4809=CARTESIAN_POINT('',(0.350692059380177,-0.0721894939727294,-0.244290463766003));
#4810=CARTESIAN_POINT('',(0.11,-0.0499329621950805,-0.243547683253612));
#4811=CARTESIAN_POINT('',(0.133317959439292,-0.0548093195324107,-0.244726522487944));
#4812=CARTESIAN_POINT('',(0.179937398934324,-0.0645585879637105,-0.247083367841518));
#4813=CARTESIAN_POINT('',(0.253442687658965,-0.0820645697532988,-0.249486321817526));
#4814=CARTESIAN_POINT('',(0.309607518039745,-0.0761238775219684,-0.24597584184778));
#4815=CARTESIAN_POINT('',(0.343780783191716,-0.072840457089059,-0.244565087513247));
#4816=CARTESIAN_POINT('',(0.350692059380177,-0.072150228094367,-0.244277932395019));
#4817=CARTESIAN_POINT('',(0.11,-0.0498784359816295,-0.243523843240585));
#4818=CARTESIAN_POINT('',(0.133317959439292,-0.0547494475107602,-0.244701199704935));
#4819=CARTESIAN_POINT('',(0.179937398934324,-0.0644880281036771,-0.247055080566454));
#4820=CARTESIAN_POINT('',(0.253442687658965,-0.0819747315809443,-0.249454861358811));
#4821=CARTESIAN_POINT('',(0.309607518039745,-0.0760405396547564,-0.245948139011361));
#4822=CARTESIAN_POINT('',(0.343780783191716,-0.0727606341958075,-0.244539441851716));
#4823=CARTESIAN_POINT('',(0.350692059380177,-0.0720711450287272,-0.244252705311057));
#4824=CARTESIAN_POINT('',(0.11,-0.0498509706033973,-0.243511839045501));
#4825=CARTESIAN_POINT('',(0.133317959439292,-0.0547192894666929,-0.24468844902266));
#4826=CARTESIAN_POINT('',(0.179937398934324,-0.0644524866309136,-0.247040837437358));
#4827=CARTESIAN_POINT('',(0.253442687658965,-0.0819294798290884,-0.249439021235091));
#4828=CARTESIAN_POINT('',(0.309607518039745,-0.0759985622113028,-0.245934191096813));
#4829=CARTESIAN_POINT('',(0.343780783191716,-0.0727204273028994,-0.244526529862941));
#4830=CARTESIAN_POINT('',(0.350692059380177,-0.0720313107982891,-0.244240004102598));
#4831=CARTESIAN_POINT('',(0.11,-0.0496019482016719,-0.243403039433454));
#4832=CARTESIAN_POINT('',(0.133317959439292,-0.0544458539130443,-0.244572884901499));
#4833=CARTESIAN_POINT('',(0.179937398934324,-0.0641302420268019,-0.246911749078617));
#4834=CARTESIAN_POINT('',(0.253442687658965,-0.0815191979642254,-0.249295466075496));
#4835=CARTESIAN_POINT('',(0.309607518039745,-0.075617968162857,-0.245807787113238));
#4836=CARTESIAN_POINT('',(0.343780783191716,-0.0723558866680295,-0.244409515646934));
#4837=CARTESIAN_POINT('',(0.350692059380177,-0.0716701490498401,-0.244124900412019));
#4838=CARTESIAN_POINT('',(0.11,-0.0493675531947273,-0.243300911022401));
#4839=CARTESIAN_POINT('',(0.133317959439292,-0.0541884843041623,-0.24446441559778));
#4840=CARTESIAN_POINT('',(0.179937398934324,-0.0638269394507695,-0.246790602470836));
#4841=CARTESIAN_POINT('',(0.253442687658965,-0.081133055164092,-0.249160792716825));
#4842=CARTESIAN_POINT('',(0.309607518039745,-0.0752597721563135,-0.245689221775711));
#4843=CARTESIAN_POINT('',(0.343780783191716,-0.0720128027351847,-0.244299769200441));
#4844=CARTESIAN_POINT('',(0.350692059380177,-0.0713302458102856,-0.24401694822876));
#4845=CARTESIAN_POINT('',(0.11,-0.049057293389437,-0.243166182689191));
#4846=CARTESIAN_POINT('',(0.133317959439292,-0.0538478210045452,-0.244321336605337));
#4847=CARTESIAN_POINT('',(0.179937398934324,-0.0634254906494066,-0.246630828061543));
#4848=CARTESIAN_POINT('',(0.253442687658965,-0.0806219948453212,-0.248983259721641));
#4849=CARTESIAN_POINT('',(0.309607518039745,-0.0747857088613692,-0.245532952549068));
#4850=CARTESIAN_POINT('',(0.343780783191716,-0.0715587455439955,-0.244155141905086));
#4851=CARTESIAN_POINT('',(0.350692059380177,-0.0708803992759958,-0.243874689389965));
#4852=CARTESIAN_POINT('',(0.11,-0.0489943781260484,-0.24313888363158));
#4853=CARTESIAN_POINT('',(0.133317959439292,-0.053778740780196,-0.244292346188708));
#4854=CARTESIAN_POINT('',(0.179937398934324,-0.0633440848600679,-0.246598456122206));
#4855=CARTESIAN_POINT('',(0.253442687658965,-0.0805183636906369,-0.248947293557761));
#4856=CARTESIAN_POINT('',(0.309607518039745,-0.0746895802880421,-0.245501295576003));
#4857=CARTESIAN_POINT('',(0.343780783191716,-0.071466673992001,-0.244125844234153));
#4858=CARTESIAN_POINT('',(0.350692059380177,-0.0707891815948955,-0.24384587169172));
#4859=CARTESIAN_POINT('',(0.11,-0.0488667968984753,-0.243083571340333));
#4860=CARTESIAN_POINT('',(0.133317959439292,-0.0536386587886651,-0.244233608361367));
#4861=CARTESIAN_POINT('',(0.179937398934324,-0.0631790101752231,-0.246532869643587));
#4862=CARTESIAN_POINT('',(0.253442687658965,-0.0803082238979785,-0.248874433217033));
#4863=CARTESIAN_POINT('',(0.309607518039745,-0.0744946549238455,-0.245437167755562));
#4864=CARTESIAN_POINT('',(0.343780783191716,-0.0712799758477754,-0.244066497544196));
#4865=CARTESIAN_POINT('',(0.350692059380177,-0.070604215002535,-0.243787497650003));
#4866=CARTESIAN_POINT('',(0.11,-0.0488021227031438,-0.243055554518883));
#4867=CARTESIAN_POINT('',(0.133317959439292,-0.053567647976223,-0.244203857137002));
#4868=CARTESIAN_POINT('',(0.179937398934324,-0.063095330606805,-0.246499650839136));
#4869=CARTESIAN_POINT('',(0.253442687658965,-0.080201701651648,-0.24883753429184));
#4870=CARTESIAN_POINT('',(0.309607518039745,-0.0743958455173876,-0.245404692730369));
#4871=CARTESIAN_POINT('',(0.343780783191716,-0.0711853371735661,-0.244036444658481));
#4872=CARTESIAN_POINT('',(0.350692059380177,-0.0705104541216289,-0.243757937503144));
#4873=CARTESIAN_POINT('',(0.11,-0.0486055565013338,-0.242970473386143));
#4874=CARTESIAN_POINT('',(0.133317959439292,-0.0533518235779582,-0.244113511137337));
#4875=CARTESIAN_POINT('',(0.179937398934324,-0.0628410034258785,-0.246398778826434));
#4876=CARTESIAN_POINT('',(0.253442687658965,-0.0798779535722892,-0.248725499803209));
#4877=CARTESIAN_POINT('',(0.309607518039745,-0.0740955403913,-0.245306095027868));
#4878=CARTESIAN_POINT('',(0.343780783191716,-0.070897708897073,-0.24394520380713));
#4879=CARTESIAN_POINT('',(0.350692059380177,-0.0702254938628667,-0.243668193237961));
#4880=CARTESIAN_POINT('',(0.11,-0.048471132629143,-0.242912383528124));
#4881=CARTESIAN_POINT('',(0.133317959439292,-0.0532042310007069,-0.24405182950336));
#4882=CARTESIAN_POINT('',(0.179937398934324,-0.0626670827451587,-0.246329916178939));
#4883=CARTESIAN_POINT('',(0.253442687658965,-0.0796565662050261,-0.248649033438458));
#4884=CARTESIAN_POINT('',(0.309607518039745,-0.0738901860811357,-0.245238805788574));
#4885=CARTESIAN_POINT('',(0.343780783191716,-0.0707010245483495,-0.243882939250469));
#4886=CARTESIAN_POINT('',(0.350692059380177,-0.0700306342062091,-0.243606950804262));
#4887=CARTESIAN_POINT('',(0.11,-0.0480588154922392,-0.24273452067503));
#4888=CARTESIAN_POINT('',(0.133317959439292,-0.0527515255926882,-0.243862978724827));
#4889=CARTESIAN_POINT('',(0.179937398934324,-0.0621336293383085,-0.246119097314971));
#4890=CARTESIAN_POINT('',(0.253442687658965,-0.0789775435839415,-0.248414992140159));
#4891=CARTESIAN_POINT('',(0.309607518039745,-0.0732603461939,-0.245032873880453));
#4892=CARTESIAN_POINT('',(0.343780783191716,-0.070097780610339,-0.243692398072139));
#4893=CARTESIAN_POINT('',(0.350692059380177,-0.0694329876183085,-0.243419540293433));
#4894=CARTESIAN_POINT('',(0.11,-0.0477718767071951,-0.242611154400914));
#4895=CARTESIAN_POINT('',(0.133317959439292,-0.0524364850856557,-0.243732003703668));
#4896=CARTESIAN_POINT('',(0.179937398934324,-0.0617624052474874,-0.245972910177013));
#4897=CARTESIAN_POINT('',(0.253442687658965,-0.0785050478108247,-0.248252775002567));
#4898=CARTESIAN_POINT('',(0.309607518039745,-0.0728220836600859,-0.244890167021383));
#4899=CARTESIAN_POINT('',(0.343780783191716,-0.0696780301292123,-0.243560373942125));
#4900=CARTESIAN_POINT('',(0.350692059380177,-0.0690171330691381,-0.243289689006571));
#4901=CARTESIAN_POINT('',(0.11,-0.0471797107768706,-0.242357581266115));
#4902=CARTESIAN_POINT('',(0.133317959439292,-0.0517863369826683,-0.24346282212905));
#4903=CARTESIAN_POINT('',(0.179937398934324,-0.0609963337766217,-0.245672522753635));
#4904=CARTESIAN_POINT('',(0.253442687658965,-0.0775300571399432,-0.247919630385654));
#4905=CARTESIAN_POINT('',(0.309607518039744,-0.0719177572228764,-0.244597158783322));
#4906=CARTESIAN_POINT('',(0.343780783191715,-0.068811916662558,-0.243289342774165));
#4907=CARTESIAN_POINT('',(0.350692059380177,-0.0681590614404344,-0.243023127532225));
#4908=CARTESIAN_POINT('',(0.11,-0.0468746025245723,-0.242227427382775));
#4909=CARTESIAN_POINT('',(0.133317959439292,-0.0514513604984786,-0.243324672112277));
#4910=CARTESIAN_POINT('',(0.179937398934324,-0.0606016419372735,-0.245518386121062));
#4911=CARTESIAN_POINT('',(0.253442687658965,-0.0770277618934941,-0.2477487744046));
#4912=CARTESIAN_POINT('',(0.309607518039745,-0.0714518780648406,-0.244446920253289));
#4913=CARTESIAN_POINT('',(0.343780783191716,-0.0683657303842863,-0.2431503938794));
#4914=CARTESIAN_POINT('',(0.350692059380177,-0.0677170193760637,-0.242886474529989));
#4915=CARTESIAN_POINT('',(0.11,-0.0462480123852484,-0.241961274570234));
#4916=CARTESIAN_POINT('',(0.133317959439292,-0.0507634464290772,-0.243042203400256));
#4917=CARTESIAN_POINT('',(0.179937398934324,-0.0597911233468681,-0.245203297140934));
#4918=CARTESIAN_POINT('',(0.253442687658965,-0.075996355740108,-0.247399712998707));
#4919=CARTESIAN_POINT('',(0.309607518039745,-0.0704952738774256,-0.244140056888095));
#4920=CARTESIAN_POINT('',(0.343780783191716,-0.0674495775834245,-0.242866637963697));
#4921=CARTESIAN_POINT('',(0.350692059380177,-0.0668093790034268,-0.242607417370181));
#4922=CARTESIAN_POINT('',(0.11,-0.0459265222864016,-0.241825271981941));
#4923=CARTESIAN_POINT('',(0.133317959439292,-0.0504104997391613,-0.242897880779226));
#4924=CARTESIAN_POINT('',(0.179937398934324,-0.0593752857059717,-0.245042340334406));
#4925=CARTESIAN_POINT('',(0.253442687658965,-0.0754672307176628,-0.24722150251812));
#4926=CARTESIAN_POINT('',(0.309607518039745,-0.0700045358210736,-0.243983427621972));
#4927=CARTESIAN_POINT('',(0.343780783191716,-0.0669795986340971,-0.242721826853744));
#4928=CARTESIAN_POINT('',(0.350692059380177,-0.0663437683946707,-0.242465009193196));
#4929=CARTESIAN_POINT('',(0.11,-0.0452687785645907,-0.241548281567311));
#4930=CARTESIAN_POINT('',(0.133317959439292,-0.0496884149205011,-0.242603984687679));
#4931=CARTESIAN_POINT('',(0.179937398934324,-0.0585245641650708,-0.244714644836687));
#4932=CARTESIAN_POINT('',(0.253442687658965,-0.0743848342539959,-0.24685890885364));
#4933=CARTESIAN_POINT('',(0.309607518039745,-0.0690006937910407,-0.243664829228825));
#4934=CARTESIAN_POINT('',(0.343780783191716,-0.0660182381753104,-0.2424273217159));
#4935=CARTESIAN_POINT('',(0.350692059380177,-0.0653913470569547,-0.242175402338488));
#4936=CARTESIAN_POINT('',(0.11,-0.0449325275334242,-0.241407295151141));
#4937=CARTESIAN_POINT('',(0.133317959439292,-0.0493192796806921,-0.242454412744093));
#4938=CARTESIAN_POINT('',(0.179937398934324,-0.0580896837480673,-0.244547907905873));
#4939=CARTESIAN_POINT('',(0.253442687658965,-0.0738315673789728,-0.246674527726395));
#4940=CARTESIAN_POINT('',(0.309607518039744,-0.0684875940248306,-0.243502861915971));
#4941=CARTESIAN_POINT('',(0.343780783191715,-0.0655268606813426,-0.242277629372003));
#4942=CARTESIAN_POINT('',(0.350692059380177,-0.0649045403030062,-0.242028205318146));
#4943=CARTESIAN_POINT('',(0.11,-0.0442467101659225,-0.241121107187557));
#4944=CARTESIAN_POINT('',(0.133317959439292,-0.0485664097071658,-0.242150840116859));
#4945=CARTESIAN_POINT('',(0.179937398934324,-0.0572027559502411,-0.244209578237517));
#4946=CARTESIAN_POINT('',(0.253442687658965,-0.0727032894021048,-0.246300646658802));
#4947=CARTESIAN_POINT('',(0.309607518039744,-0.0674412601301268,-0.243174524373959));
#4948=CARTESIAN_POINT('',(0.343780783191715,-0.0645248424701009,-0.241974234775215));
#4949=CARTESIAN_POINT('',(0.350692059380177,-0.0639118465713394,-0.241729880724603));
#4950=CARTESIAN_POINT('',(0.11,-0.0438971437495932,-0.240975905596619));
#4951=CARTESIAN_POINT('',(0.133317959439292,-0.048182674882886,-0.241996839385354));
#4952=CARTESIAN_POINT('',(0.179937398934324,-0.0567507084577265,-0.24403798544345));
#4953=CARTESIAN_POINT('',(0.253442687658965,-0.0721282781499141,-0.246111146650704));
#4954=CARTESIAN_POINT('',(0.309607518039745,-0.0669080258636598,-0.243008154085346));
#4955=CARTESIAN_POINT('',(0.343780783191716,-0.0640142016226245,-0.241820532467711));
#4956=CARTESIAN_POINT('',(0.350692059380177,-0.063405959465048,-0.241578753097776));
#4957=CARTESIAN_POINT('',(0.11,-0.0431861380022295,-0.240682054219089));
#4958=CARTESIAN_POINT('',(0.133317959439292,-0.0474021911772897,-0.241685227851985));
#4959=CARTESIAN_POINT('',(0.179937398934324,-0.0558313179374709,-0.243690866149947));
#4960=CARTESIAN_POINT('',(0.253442687658965,-0.0709589032656007,-0.245728077051864));
#4961=CARTESIAN_POINT('',(0.309607518039745,-0.0658236449957126,-0.242671943428531));
#4962=CARTESIAN_POINT('',(0.343780783191716,-0.0629757869601431,-0.241509987144215));
#4963=CARTESIAN_POINT('',(0.350692059380177,-0.0623772159382024,-0.241273423491907));
#4964=CARTESIAN_POINT('',(0.11,-0.0428247310553625,-0.240533419816367));
#4965=CARTESIAN_POINT('',(0.133317959439292,-0.0470054779317463,-0.241527633455631));
#4966=CARTESIAN_POINT('',(0.179937398934324,-0.0553640170464166,-0.243515358098584));
#4967=CARTESIAN_POINT('',(0.253442687658965,-0.0703645935390692,-0.245534528257877));
#4968=CARTESIAN_POINT('',(0.309607518039745,-0.0652725483715437,-0.242502121431593));
#4969=CARTESIAN_POINT('',(0.343780783191716,-0.0624480610065568,-0.241353161177447));
#4970=CARTESIAN_POINT('',(0.350692059380177,-0.0618544069333996,-0.241119238292607));
#4971=CARTESIAN_POINT('',(0.11,-0.0420910592080295,-0.240233266714606));
#4972=CARTESIAN_POINT('',(0.133317959439292,-0.0462001537611784,-0.241209437328863));
#4973=CARTESIAN_POINT('',(0.179937398934324,-0.054415438867863,-0.243161088673257));
#4974=CARTESIAN_POINT('',(0.253442687658965,-0.0691583106121305,-0.245144139158551));
#4975=CARTESIAN_POINT('',(0.309607518039745,-0.064154011954382,-0.242159700215124));
#4976=CARTESIAN_POINT('',(0.343780783191716,-0.0613769805895874,-0.241037014831438));
#4977=CARTESIAN_POINT('',(0.350692059380177,-0.0607933104209552,-0.240808430318335));
#4978=CARTESIAN_POINT('',(0.11,-0.041718787270322,-0.240081744672577));
#4979=CARTESIAN_POINT('',(0.133317959439292,-0.0457915350617727,-0.241048832019546));
#4980=CARTESIAN_POINT('',(0.179937398934324,-0.0539341523322241,-0.242982323248735));
#4981=CARTESIAN_POINT('',(0.253442687658965,-0.0685463254944446,-0.244947294255079));
#4982=CARTESIAN_POINT('',(0.309607518039745,-0.0635865611362774,-0.241987096943236));
#4983=CARTESIAN_POINT('',(0.343780783191716,-0.0608336155864422,-0.240877690697639));
#4984=CARTESIAN_POINT('',(0.350692059380177,-0.0602550124757365,-0.240651803849506));
#4985=CARTESIAN_POINT('',(0.11,-0.0409642762776922,-0.239776321226969));
#4986=CARTESIAN_POINT('',(0.133317959439292,-0.0449633795022261,-0.240725153799385));
#4987=CARTESIAN_POINT('',(0.179937398934324,-0.052958759685296,-0.242622148380571));
#4988=CARTESIAN_POINT('',(0.253442687658965,-0.0673061722729223,-0.244551010596342));
#4989=CARTESIAN_POINT('',(0.309607518039745,-0.0624366924765832,-0.241639735084406));
#4990=CARTESIAN_POINT('',(0.343780783191716,-0.0597325768456722,-0.240557128525197));
#4991=CARTESIAN_POINT('',(0.350692059380177,-0.0591642459673791,-0.240336685376347));
#4992=CARTESIAN_POINT('',(0.11,-0.0405820500013474,-0.2396224267446));
#4993=CARTESIAN_POINT('',(0.133317959439292,-0.0445438566713092,-0.240562088270485));
#4994=CARTESIAN_POINT('',(0.179937398934324,-0.0524646701036403,-0.242440747240014));
#4995=CARTESIAN_POINT('',(0.253442687658965,-0.0666780252522915,-0.244351581285177));
#4996=CARTESIAN_POINT('',(0.309607518039745,-0.0618542942390139,-0.241464984907073));
#4997=CARTESIAN_POINT('',(0.343780783191716,-0.0591749219147395,-0.240395898330646));
#4998=CARTESIAN_POINT('',(0.350692059380177,-0.0586117960427992,-0.240178201100541));
#4999=CARTESIAN_POINT('',(0.11,-0.0394216601698323,-0.239157877940735));
#5000=CARTESIAN_POINT('',(0.133317959439292,-0.0432702744547177,-0.240069942694472));
#5001=CARTESIAN_POINT('',(0.179937398934324,-0.0509647831127781,-0.241893427623035));
#5002=CARTESIAN_POINT('',(0.253442687658965,-0.064771372864103,-0.243750376257975));
#5003=CARTESIAN_POINT('',(0.309607518039745,-0.0600865663968547,-0.240938369252947));
#5004=CARTESIAN_POINT('',(0.343780783191716,-0.0574823326804063,-0.23991014691585));
#5005=CARTESIAN_POINT('',(0.350692059380177,-0.0569350123921922,-0.239700748168955));
#5006=CARTESIAN_POINT('',(0.11,-0.0386297387602267,-0.238844332931433));
#5007=CARTESIAN_POINT('',(0.133317959439292,-0.0424011497393586,-0.239737886552883));
#5008=CARTESIAN_POINT('',(0.179937398934323,-0.0499413063474138,-0.24152436229915));
#5009=CARTESIAN_POINT('',(0.253442687658965,-0.0634705777483029,-0.243345648380633));
#5010=CARTESIAN_POINT('',(0.309607518039744,-0.058880630892143,-0.240584107497912));
#5011=CARTESIAN_POINT('',(0.343780783191715,-0.0563277042089643,-0.239583535838344));
#5012=CARTESIAN_POINT('',(0.350692059380177,-0.0557911757046666,-0.239379750818189));
#5013=CARTESIAN_POINT('',(0.11,-0.0370148893524422,-0.238212783076863));
#5014=CARTESIAN_POINT('',(0.133317959439292,-0.0406289738547059,-0.239069311590275));
#5015=CARTESIAN_POINT('',(0.179937398934324,-0.0478545886955699,-0.240781763287033));
#5016=CARTESIAN_POINT('',(0.253442687658965,-0.0608189983789409,-0.242532816922964));
#5017=CARTESIAN_POINT('',(0.309607518039745,-0.0564225949066248,-0.239873203468999));
#5018=CARTESIAN_POINT('',(0.343780783191716,-0.0539743537351136,-0.238928484091974));
#5019=CARTESIAN_POINT('',(0.350692059380177,-0.0534598427738768,-0.238736035171553));
#5020=CARTESIAN_POINT('',(0.11,-0.0361919393717267,-0.237894765240483));
#5021=CARTESIAN_POINT('',(0.133317959439292,-0.0397258987420171,-0.238732779003541));
#5022=CARTESIAN_POINT('',(0.179937398934324,-0.0467913199453639,-0.240408214284429));
#5023=CARTESIAN_POINT('',(0.253442687658965,-0.0594681790974807,-0.242124696055476));
#5024=CARTESIAN_POINT('',(0.309607518039745,-0.0551704616587056,-0.239516545662054));
#5025=CARTESIAN_POINT('',(0.343780783191716,-0.0527756001719947,-0.238600028852305));
#5026=CARTESIAN_POINT('',(0.350692059380177,-0.0522723152246808,-0.23841330250181));
#5027=CARTESIAN_POINT('',(0.11,-0.0349375734112634,-0.237416271742649));
#5028=CARTESIAN_POINT('',(0.133317959439292,-0.0383494858429001,-0.238226641011709));
#5029=CARTESIAN_POINT('',(0.179937398934324,-0.0451708994225552,-0.239846806841653));
#5030=CARTESIAN_POINT('',(0.253442687658965,-0.0574099708185843,-0.241512579815758));
#5031=CARTESIAN_POINT('',(0.309607518039745,-0.0532627613951181,-0.238982088167542));
#5032=CARTESIAN_POINT('',(0.343780783191716,-0.0509493127366765,-0.238108134170999));
#5033=CARTESIAN_POINT('',(0.350692059380177,-0.0504631479365134,-0.23793004161523));
#5034=CARTESIAN_POINT('',(0.11,-0.0345161336288555,-0.237256533648416));
#5035=CARTESIAN_POINT('',(0.133317959439292,-0.0378870544448025,-0.238057709662815));
#5036=CARTESIAN_POINT('',(0.179937398934324,-0.0446265137628756,-0.239659495480538));
#5037=CARTESIAN_POINT('',(0.253442687658965,-0.0567185810270913,-0.241308557874002));
#5038=CARTESIAN_POINT('',(0.309607518039745,-0.0526219534605877,-0.238804029236596));
#5039=CARTESIAN_POINT('',(0.343780783191716,-0.0503358659503304,-0.237944305679843));
#5040=CARTESIAN_POINT('',(0.350692059380177,-0.0498554546473103,-0.237769099312194));
#5041=CARTESIAN_POINT('',(0.11,-0.0336671291162152,-0.236936858496928));
#5042=CARTESIAN_POINT('',(0.133317959439292,-0.0369554990303827,-0.237719710495122));
#5043=CARTESIAN_POINT('',(0.179937398934324,-0.0435299148856779,-0.239284861230477));
#5044=CARTESIAN_POINT('',(0.253442687658965,-0.0553260097766573,-0.240900935648531));
#5045=CARTESIAN_POINT('',(0.309607518039745,-0.0513313107692363,-0.238448443957864));
#5046=CARTESIAN_POINT('',(0.343780783191716,-0.0491003601042681,-0.237617243671411));
#5047=CARTESIAN_POINT('',(0.350692059380177,-0.0486315424988628,-0.237447821434016));
#5048=CARTESIAN_POINT('',(0.11,-0.0332395593681196,-0.236776917747895));
#5049=CARTESIAN_POINT('',(0.133317959439292,-0.0364863694721204,-0.237550638700784));
#5050=CARTESIAN_POINT('',(0.179937398934324,-0.0429776950784367,-0.239097533798665));
#5051=CARTESIAN_POINT('',(0.253442687658965,-0.0546248197862912,-0.240697330026505));
#5052=CARTESIAN_POINT('',(0.309607518039745,-0.0506814680750015,-0.23827091281806));
#5053=CARTESIAN_POINT('',(0.343780783191716,-0.0484782934270506,-0.237454005659176));
#5054=CARTESIAN_POINT('',(0.350692059380177,-0.0480153160897931,-0.237287481424946));
#5055=CARTESIAN_POINT('',(0.11,-0.0323787565939243,-0.236457082815891));
#5056=CARTESIAN_POINT('',(0.133317959439292,-0.0355419251885141,-0.237212620713871));
#5057=CARTESIAN_POINT('',(0.179937398934324,-0.0418660268875493,-0.238723162552352));
#5058=CARTESIAN_POINT('',(0.253442687658965,-0.0532134136720018,-0.240290876222096));
#5059=CARTESIAN_POINT('',(0.309607518039745,-0.0493734670512783,-0.23791668167115));
#5060=CARTESIAN_POINT('',(0.343780783191716,-0.047226229614999,-0.237128402800169));
#5061=CARTESIAN_POINT('',(0.350692059380177,-0.0467750133256646,-0.236967682167535));
#5062=CARTESIAN_POINT('',(0.11,-0.0319455235678247,-0.236297188632918));
#5063=CARTESIAN_POINT('',(0.133317959439292,-0.0350666104631701,-0.237043674521296));
#5064=CARTESIAN_POINT('',(0.179937398934324,-0.0413065785039033,-0.238536118737852));
#5065=CARTESIAN_POINT('',(0.253442687658965,-0.0525031975480785,-0.240088028039714));
#5066=CARTESIAN_POINT('',(0.309607518039744,-0.0487153087217898,-0.237739981664046));
#5067=CARTESIAN_POINT('',(0.343780783191715,-0.046596232480165,-0.236966037953397));
#5068=CARTESIAN_POINT('',(0.350692059380177,-0.0461509369706058,-0.236808222919194));
#5069=CARTESIAN_POINT('',(0.11,-0.0310738659431685,-0.23597769974567));
#5070=CARTESIAN_POINT('',(0.133317959439292,-0.0341103143804238,-0.236706177760654));
#5071=CARTESIAN_POINT('',(0.179937398934324,-0.0401810653210865,-0.238162618957038));
#5072=CARTESIAN_POINT('',(0.253442687658965,-0.0510745217634156,-0.239683435572814));
#5073=CARTESIAN_POINT('',(0.309607518039744,-0.0473914034894231,-0.237387720916114));
#5074=CARTESIAN_POINT('',(0.343780783191715,-0.0453290048036364,-0.236642468606818));
#5075=CARTESIAN_POINT('',(0.350692059380177,-0.0448956250382021,-0.236490468083934));
#5076=CARTESIAN_POINT('',(0.11,-0.0306354437988422,-0.23581810734315));
#5077=CARTESIAN_POINT('',(0.133317959439292,-0.0336293357548478,-0.236537629693727));
#5078=CARTESIAN_POINT('',(0.179937398934324,-0.0396150038087377,-0.237976165890493));
#5079=CARTESIAN_POINT('',(0.253442687658965,-0.0503560664358412,-0.239481694780711));
#5080=CARTESIAN_POINT('',(0.309607518039745,-0.0467256606147742,-0.237212163316774));
#5081=CARTESIAN_POINT('',(0.343780783191716,-0.0446917781294883,-0.236481267061041));
#5082=CARTESIAN_POINT('',(0.350692059380177,-0.0442643932942708,-0.236332175412385));
#5083=CARTESIAN_POINT('',(0.11,-0.0293130217851214,-0.235340087650204));
#5084=CARTESIAN_POINT('',(0.133317959439292,-0.0321785941659362,-0.236032907447963));
#5085=CARTESIAN_POINT('',(0.179937398934324,-0.037907713756089,-0.237418057410451));
#5086=CARTESIAN_POINT('',(0.253442687658965,-0.0481893805859961,-0.238878544417824));
#5087=CARTESIAN_POINT('',(0.309607518039745,-0.0447180195792568,-0.23668756791618));
#5088=CARTESIAN_POINT('',(0.343780783191716,-0.0427701779013128,-0.235999745365902));
#5089=CARTESIAN_POINT('',(0.350692059380177,-0.042360880592844,-0.235859379993502));
#5090=CARTESIAN_POINT('',(0.11,-0.0284218660492021,-0.235022418089751));
#5091=CARTESIAN_POINT('',(0.133317959439292,-0.0312010251424817,-0.235697655420811));
#5092=CARTESIAN_POINT('',(0.179937398934324,-0.0367573792279893,-0.237047652875867));
#5093=CARTESIAN_POINT('',(0.253442687658965,-0.0467298295008267,-0.238479206978505));
#5094=CARTESIAN_POINT('',(0.309607518039745,-0.0433657083983035,-0.236340607663931));
#5095=CARTESIAN_POINT('',(0.343780783191716,-0.0414758835864306,-0.235681508329563));
#5096=CARTESIAN_POINT('',(0.350692059380177,-0.041078781621747,-0.235546960016652));
#5097=CARTESIAN_POINT('',(0.11,-0.0266237823290983,-0.234390684784094));
#5098=CARTESIAN_POINT('',(0.133317959439292,-0.0292287072920009,-0.235031298359962));
#5099=CARTESIAN_POINT('',(0.179937398934324,-0.0344367162523608,-0.236312072774104));
#5100=CARTESIAN_POINT('',(0.253442687658965,-0.0437860091886234,-0.237688187529709));
#5101=CARTESIAN_POINT('',(0.309607518039745,-0.0406383953991855,-0.235654111658755));
#5102=CARTESIAN_POINT('',(0.343780783191716,-0.038865704775644,-0.235052339358561));
#5103=CARTESIAN_POINT('',(0.350692059380177,-0.0384932227895168,-0.234929396885813));
#5104=CARTESIAN_POINT('',(0.11,-0.0257168452518668,-0.234076607616318));
#5105=CARTESIAN_POINT('',(0.133317959439292,-0.0282339484101442,-0.234700178865877));
#5106=CARTESIAN_POINT('',(0.179937398934324,-0.0332663758271132,-0.235946880671637));
#5107=CARTESIAN_POINT('',(0.253442687658965,-0.042301724223036,-0.237296485713397));
#5108=CARTESIAN_POINT('',(0.309607518039745,-0.0392633787258924,-0.235314557802494));
#5109=CARTESIAN_POINT('',(0.343780783191716,-0.0375498058896122,-0.234741390243458));
#5110=CARTESIAN_POINT('',(0.350692059380177,-0.0371897486382008,-0.234624236742518));
#5111=CARTESIAN_POINT('',(0.11,-0.0238902518367957,-0.233453265245479));
#5112=CARTESIAN_POINT('',(0.133317959439292,-0.0262306013293567,-0.234043364154897));
#5113=CARTESIAN_POINT('',(0.179937398934324,-0.0309096463311174,-0.235223144936115));
#5114=CARTESIAN_POINT('',(0.253442687658965,-0.0393134499846495,-0.23652229374618));
#5115=CARTESIAN_POINT('',(0.309607518039745,-0.036495302979886,-0.23464423659041));
#5116=CARTESIAN_POINT('',(0.343780783191716,-0.0349008684162744,-0.234128052674272));
#5117=CARTESIAN_POINT('',(0.350692059380177,-0.0345658483299604,-0.234022427228872));
#5118=CARTESIAN_POINT('',(0.11,-0.0229706140381539,-0.233144027808724));
#5119=CARTESIAN_POINT('',(0.133317959439292,-0.0252220337184186,-0.233717699029246));
#5120=CARTESIAN_POINT('',(0.179937398934324,-0.0297232819445032,-0.234864636042531));
#5121=CARTESIAN_POINT('',(0.253442687658965,-0.0378094934482189,-0.23613984570079));
#5122=CARTESIAN_POINT('',(0.309607518039745,-0.0351022747446912,-0.234313507586445));
#5123=CARTESIAN_POINT('',(0.343780783191716,-0.0335678596527162,-0.233825700535996));
#5124=CARTESIAN_POINT('',(0.350692059380177,-0.0332454517789674,-0.233725813752507));
#5125=CARTESIAN_POINT('',(0.11,-0.0211215272310612,-0.232531353583946));
#5126=CARTESIAN_POINT('',(0.133317959439292,-0.023194258953211,-0.23307283496778));
#5127=CARTESIAN_POINT('',(0.179937398934324,-0.0273382575463028,-0.234155415057048));
#5128=CARTESIAN_POINT('',(0.253442687658965,-0.0347866356311252,-0.235385389597316));
#5129=CARTESIAN_POINT('',(0.309607518039745,-0.0323025843150885,-0.233661899119382));
#5130=CARTESIAN_POINT('',(0.343780783191716,-0.0308889209041817,-0.233230529284517));
#5131=CARTESIAN_POINT('',(0.350692059380177,-0.0305918852311382,-0.233142051593476));
#5132=CARTESIAN_POINT('',(0.11,-0.0201920604882289,-0.23222791050823));
#5133=CARTESIAN_POINT('',(0.133317959439292,-0.0221750324224002,-0.232753629336736));
#5134=CARTESIAN_POINT('',(0.179937398934324,-0.0261395748750159,-0.233804695455139));
#5135=CARTESIAN_POINT('',(0.253442687658965,-0.033267705784361,-0.23501337322438));
#5136=CARTESIAN_POINT('',(0.309607518039744,-0.0308958955794551,-0.233341012460347));
#5137=CARTESIAN_POINT('',(0.343780783191715,-0.0295429654854906,-0.232937703588895));
#5138=CARTESIAN_POINT('',(0.350692059380177,-0.0292586900334659,-0.232854896453048));
#5139=CARTESIAN_POINT('',(0.11,-0.0183261672238716,-0.23162763021241));
#5140=CARTESIAN_POINT('',(0.133317959439292,-0.0201290647185337,-0.232122526171193));
#5141=CARTESIAN_POINT('',(0.179937398934324,-0.0237335855552292,-0.233111968333443));
#5142=CARTESIAN_POINT('',(0.253442687658965,-0.0302195444242608,-0.234280720982953));
#5143=CARTESIAN_POINT('',(0.309607518039745,-0.0280731814834626,-0.232709888183816));
#5144=CARTESIAN_POINT('',(0.343780783191716,-0.0268422435545845,-0.232362307215822));
#5145=CARTESIAN_POINT('',(0.350692059380177,-0.0265835970155796,-0.232290757355712));
#5146=CARTESIAN_POINT('',(0.11,-0.0173897637785067,-0.231330780807312));
#5147=CARTESIAN_POINT('',(0.133317959439292,-0.0191023484604264,-0.231810615012619));
#5148=CARTESIAN_POINT('',(0.179937398934324,-0.0225263074979542,-0.232769944312433));
#5149=CARTESIAN_POINT('',(0.253442687658965,-0.0286903474007247,-0.233920062879299));
#5150=CARTESIAN_POINT('',(0.309607518039745,-0.0266571877212966,-0.232399629550901));
#5151=CARTESIAN_POINT('',(0.343780783191716,-0.0254875070714241,-0.23207971617208));
#5152=CARTESIAN_POINT('',(0.350692059380177,-0.0252417288989609,-0.232013753172866));
#5153=CARTESIAN_POINT('',(0.11,-0.015513175037004,-0.230744351962336));
#5154=CARTESIAN_POINT('',(0.133317959439292,-0.0170448795803111,-0.231194784041417));
#5155=CARTESIAN_POINT('',(0.179937398934324,-0.0201072061731195,-0.232095329867995));
#5156=CARTESIAN_POINT('',(0.253442687658965,-0.0256267894063206,-0.233210802281967));
#5157=CARTESIAN_POINT('',(0.309607518039745,-0.0238206144561408,-0.231790308842938));
#5158=CARTESIAN_POINT('',(0.343780783191716,-0.0227737644336596,-0.231525266263322));
#5159=CARTESIAN_POINT('',(0.350692059380177,-0.0225537875379119,-0.231470379109371));
#5160=CARTESIAN_POINT('',(0.11,-0.0145730500065432,-0.230454809595598));
#5161=CARTESIAN_POINT('',(0.133317959439292,-0.0160141933504749,-0.230890904104954));
#5162=CARTESIAN_POINT('',(0.179937398934324,-0.0188954615463906,-0.231762784924797));
#5163=CARTESIAN_POINT('',(0.253442687658965,-0.0240925295754504,-0.232862252759938));
#5164=CARTESIAN_POINT('',(0.309607518039745,-0.0224001288924153,-0.231491293993812));
#5165=CARTESIAN_POINT('',(0.343780783191716,-0.0214148484578499,-0.231253451517808));
#5166=CARTESIAN_POINT('',(0.350692059380177,-0.0212078036772482,-0.231204052711431));
#5167=CARTESIAN_POINT('',(0.11,-0.0131614765232295,-0.230025912229304));
#5168=CARTESIAN_POINT('',(0.133317959439292,-0.0144667246611763,-0.230441019915273));
#5169=CARTESIAN_POINT('',(0.179937398934324,-0.0170762984856541,-0.231270941920255));
#5170=CARTESIAN_POINT('',(0.253442687658965,-0.0217896027793681,-0.232348242191666));
#5171=CARTESIAN_POINT('',(0.309607518039745,-0.0202681091959539,-0.231050923974775));
#5172=CARTESIAN_POINT('',(0.343780783191716,-0.0193753185105209,-0.230853523535067));
#5173=CARTESIAN_POINT('',(0.350692059380177,-0.0191876990575517,-0.230812282099062));
#5174=CARTESIAN_POINT('',(0.11,-0.012690719141178,-0.229883847970259));
#5175=CARTESIAN_POINT('',(0.133317959439292,-0.013950659765886,-0.230292046538518));
#5176=CARTESIAN_POINT('',(0.179937398934324,-0.0164696505838361,-0.231108155190926));
#5177=CARTESIAN_POINT('',(0.253442687658965,-0.0210217010417551,-0.232178372560351));
#5178=CARTESIAN_POINT('',(0.309607518039745,-0.0195572176819207,-0.230905491142344));
#5179=CARTESIAN_POINT('',(0.343780783191716,-0.0186952796153426,-0.230721511803034));
#5180=CARTESIAN_POINT('',(0.350692059380177,-0.0185141398271495,-0.23068297698748));
#5181=CARTESIAN_POINT('',(0.11,-0.0117489593440374,-0.229601503545132));
#5182=CARTESIAN_POINT('',(0.133317959439292,-0.0129182874434185,-0.229996052264475));
#5183=CARTESIAN_POINT('',(0.179937398934324,-0.0152561172488467,-0.230784870865739));
#5184=CARTESIAN_POINT('',(0.253442687658965,-0.0194857323183888,-0.231841511094709));
#5185=CARTESIAN_POINT('',(0.309607518039745,-0.0181353230747833,-0.230617282360134));
#5186=CARTESIAN_POINT('',(0.343780783191716,-0.0173351200195657,-0.230460025530959));
#5187=CARTESIAN_POINT('',(0.350692059380177,-0.017166945408495,-0.230426878886259));
#5188=CARTESIAN_POINT('',(0.11,-0.0112779398696968,-0.229461217588884));
#5189=CARTESIAN_POINT('',(0.133317959439292,-0.0124019609125471,-0.22984902512508));
#5190=CARTESIAN_POINT('',(0.179937398934324,-0.0146492086245405,-0.230624366124211));
#5191=CARTESIAN_POINT('',(0.253442687658965,-0.0187176348448058,-0.231674511313882));
#5192=CARTESIAN_POINT('',(0.309607518039745,-0.0174242921715979,-0.230474499633538));
#5193=CARTESIAN_POINT('',(0.343780783191716,-0.0166549727665348,-0.230330544827426));
#5194=CARTESIAN_POINT('',(0.350692059380177,-0.0164932839333928,-0.230300079857273));
#5195=CARTESIAN_POINT('',(0.11,-0.0103364944053496,-0.229182620485062));
#5196=CARTESIAN_POINT('',(0.133317959439292,-0.0113699802561185,-0.229557119881819));
#5197=CARTESIAN_POINT('',(0.179937398934324,-0.0134362215674274,-0.230305854007266));
#5198=CARTESIAN_POINT('',(0.253442687658965,-0.017182612290355,-0.231343589367877));
#5199=CARTESIAN_POINT('',(0.309607518039745,-0.0160033587046996,-0.230191756153208));
#5200=CARTESIAN_POINT('',(0.343780783191716,-0.0152957833184014,-0.23007426655342));
#5201=CARTESIAN_POINT('',(0.350692059380177,-0.0151470607596643,-0.230049136029695));
#5202=CARTESIAN_POINT('',(0.11,-0.00986606947447979,-0.229044309696975));
#5203=CARTESIAN_POINT('',(0.133317959439292,-0.0108543273546237,-0.229412242177707));
#5204=CARTESIAN_POINT('',(0.179937398934324,-0.0128301446884177,-0.230147847112112));
#5205=CARTESIAN_POINT('',(0.253442687658965,-0.0164156893552587,-0.231179667763155));
#5206=CARTESIAN_POINT('',(0.309607518039745,-0.0152934580968245,-0.230051795874202));
#5207=CARTESIAN_POINT('',(0.343780783191716,-0.0146167429351462,-0.229947469404211));
#5208=CARTESIAN_POINT('',(0.350692059380177,-0.0144745008429153,-0.22992499164157));
#5209=CARTESIAN_POINT('',(0.11,-0.00892669433755756,-0.228769868146045));
#5210=CARTESIAN_POINT('',(0.133317959439292,-0.00982465705093982,-0.22912484809456));
#5211=CARTESIAN_POINT('',(0.179937398934324,-0.011619947865057,-0.229834557118407));
#5212=CARTESIAN_POINT('',(0.253442687658965,-0.0148844319632745,-0.230855122443842));
#5213=CARTESIAN_POINT('',(0.309607518039744,-0.0138760966787224,-0.229774879796836));
#5214=CARTESIAN_POINT('',(0.343780783191715,-0.013261021937953,-0.22969671993479));
#5215=CARTESIAN_POINT('',(0.350692059380177,-0.0131317235922812,-0.229679514622678));
#5216=CARTESIAN_POINT('',(0.11,-0.00845775113793502,-0.228633730440515));
#5217=CARTESIAN_POINT('',(0.133317959439292,-0.00931064697685268,-0.228982324254785));
#5218=CARTESIAN_POINT('',(0.179937398934324,-0.011015835891925,-0.229679265523381));
#5219=CARTESIAN_POINT('',(0.253442687658965,-0.014120106423454,-0.23069448828108));
#5220=CARTESIAN_POINT('',(0.309607518039745,-0.0131686441745604,-0.229637914007044));
#5221=CARTESIAN_POINT('',(0.343780783191716,-0.0125843491919475,-0.229572757927769));
#5222=CARTESIAN_POINT('',(0.350692059380177,-0.0124615140364836,-0.229558172369476));
#5223=CARTESIAN_POINT('',(0.11,-0.00705440748885585,-0.228228938521187));
#5224=CARTESIAN_POINT('',(0.133317959439292,-0.00777246414092182,-0.228558659636439));
#5225=CARTESIAN_POINT('',(0.179937398934324,-0.00920806997650737,-0.229217868844807));
#5226=CARTESIAN_POINT('',(0.253442687658965,-0.011833073460775,-0.230217927859181));
#5227=CARTESIAN_POINT('',(0.309607518039745,-0.0110518546948608,-0.229231859416076));
#5228=CARTESIAN_POINT('',(0.343780783191716,-0.010559697125634,-0.229205442137277));
#5229=CARTESIAN_POINT('',(0.350692059380177,-0.0104562085814827,-0.22919865958758));
#5230=CARTESIAN_POINT('',(0.11,-0.00612328125519745,-0.227964115312378));
#5231=CARTESIAN_POINT('',(0.133317959439292,-0.00675191351979384,-0.228281655138429));
#5232=CARTESIAN_POINT('',(0.179937398934324,-0.00800873377888537,-0.228916510377217));
#5233=CARTESIAN_POINT('',(0.253442687658965,-0.0103160174640352,-0.229907685800983));
#5234=CARTESIAN_POINT('',(0.309607518039745,-0.0096478187134608,-0.228967935257596));
#5235=CARTESIAN_POINT('',(0.343780783191716,-0.00921683049785931,-0.228966970333875));
#5236=CARTESIAN_POINT('',(0.350692059380177,-0.00912618521152676,-0.228965312627876));
#5237=CARTESIAN_POINT('',(0.11,-0.00496350773156644,-0.227646160143423));
#5238=CARTESIAN_POINT('',(0.133317959439292,-0.00548091158234,-0.227949618416292));
#5239=CARTESIAN_POINT('',(0.179937398934324,-0.00651535362168026,-0.228556320500499));
#5240=CARTESIAN_POINT('',(0.253442687658965,-0.00842785309463951,-0.229540192529713));
#5241=CARTESIAN_POINT('',(0.309607518039745,-0.0079005969664273,-0.228656651472523));
#5242=CARTESIAN_POINT('',(0.343780783191716,-0.00754589567420272,-0.228686585464856));
#5243=CARTESIAN_POINT('',(0.350692059380177,-0.00747126518156901,-0.228691143079989));
#5244=CARTESIAN_POINT('',(0.11,-0.00473175974026232,-0.227583222801736));
#5245=CARTESIAN_POINT('',(0.133317959439292,-0.00522694551179702,-0.227883922016883));
#5246=CARTESIAN_POINT('',(0.179937398934324,-0.00621696709473033,-0.228485107935543));
#5247=CARTESIAN_POINT('',(0.253442687658965,-0.00805062800208679,-0.229467709340532));
#5248=CARTESIAN_POINT('',(0.309607518039744,-0.00755154377850639,-0.22859532578616));
#5249=CARTESIAN_POINT('',(0.343780783191715,-0.00721209113252446,-0.228631393735314));
#5250=CARTESIAN_POINT('',(0.350692059380177,-0.00714066163470178,-0.228637184877999));
#5251=CARTESIAN_POINT('',(0.11,-0.00426864190998871,-0.227458824908906));
#5252=CARTESIAN_POINT('',(0.133317959439292,-0.0047194458942423,-0.227754136624959));
#5253=CARTESIAN_POINT('',(0.179937398934324,-0.00562073526832948,-0.228344551352912));
#5254=CARTESIAN_POINT('',(0.253442687658965,-0.00729695875013986,-0.229325048347053));
#5255=CARTESIAN_POINT('',(0.309607518039744,-0.0068541916499709,-0.228474790249369));
#5256=CARTESIAN_POINT('',(0.343780783191715,-0.00654522243753715,-0.228523023218439));
#5257=CARTESIAN_POINT('',(0.350692059380177,-0.00648019172211022,-0.228531259985854));
#5258=CARTESIAN_POINT('',(0.11,-0.00403726643975845,-0.227397381388622));
#5259=CARTESIAN_POINT('',(0.133317959439292,-0.0044659064296748,-0.22769006630186));
#5260=CARTESIAN_POINT('',(0.179937398934324,-0.00532288347893514,-0.228275229280607));
#5261=CARTESIAN_POINT('',(0.253442687658965,-0.00692050771885042,-0.229254898330369));
#5262=CARTESIAN_POINT('',(0.309607518039744,-0.00650588678377108,-0.228415606076507));
#5263=CARTESIAN_POINT('',(0.343780783191715,-0.00621215285201282,-0.228469869090287));
#5264=CARTESIAN_POINT('',(0.350692059380177,-0.0061503200239052,-0.228479317740078));
#5265=CARTESIAN_POINT('',(0.11,-0.00334372140268862,-0.227215317320157));
#5266=CARTESIAN_POINT('',(0.133317959439292,-0.00370595254948166,-0.227500324237814));
#5267=CARTESIAN_POINT('',(0.179937398934324,-0.00443015884528121,-0.228070136651631));
#5268=CARTESIAN_POINT('',(0.253442687658965,-0.00579235291552586,-0.229047999177979));
#5269=CARTESIAN_POINT('',(0.309607518039745,-0.00546212998304776,-0.22824131095207));
#5270=CARTESIAN_POINT('',(0.343780783191716,-0.00521408078721472,-0.228313504694738));
#5271=CARTESIAN_POINT('',(0.350692059380177,-0.00516183673015459,-0.228326555790006));
#5272=CARTESIAN_POINT('',(0.11,-0.00288214464743118,-0.227096928672055));
#5273=CARTESIAN_POINT('',(0.133317959439292,-0.00320021487202671,-0.227377082822682));
#5274=CARTESIAN_POINT('',(0.179937398934324,-0.00383613053305646,-0.227937193132008));
#5275=CARTESIAN_POINT('',(0.253442687658965,-0.00504186247385222,-0.228914740173501));
#5276=CARTESIAN_POINT('',(0.309607518039745,-0.00476784870604564,-0.228129401606049));
#5277=CARTESIAN_POINT('',(0.343780783191716,-0.00455022667903157,-0.228213339419112));
#5278=CARTESIAN_POINT('',(0.350692059380177,-0.0045043683763377,-0.228228748461622));
#5279=CARTESIAN_POINT('',(0.11,-0.00196089037110248,-0.226865641942248));
#5280=CARTESIAN_POINT('',(0.133317959439292,-0.00219088652404024,-0.227136573415302));
#5281=CARTESIAN_POINT('',(0.179937398934324,-0.00265071628589772,-0.227678244887381));
#5282=CARTESIAN_POINT('',(0.253442687658965,-0.00354457386332755,-0.228656758092007));
#5283=CARTESIAN_POINT('',(0.309607518039745,-0.0033828173379886,-0.227913402177217));
#5284=CARTESIAN_POINT('',(0.343780783191716,-0.00322596441020338,-0.228020438897636));
#5285=CARTESIAN_POINT('',(0.350692059380177,-0.00319285863900253,-0.228040482865272));
#5286=CARTESIAN_POINT('',(0.11,-0.00150121285003124,-0.226752743860542));
#5287=CARTESIAN_POINT('',(0.133317959439292,-0.00168729585350873,-0.227019305423055));
#5288=CARTESIAN_POINT('',(0.179937398934324,-0.0020593303509637,-0.227552240162375));
#5289=CARTESIAN_POINT('',(0.253442687658965,-0.0027977756944765,-0.22853203501499));
#5290=CARTESIAN_POINT('',(0.309607518039745,-0.00269206724693367,-0.227809312094405));
#5291=CARTESIAN_POINT('',(0.343780783191716,-0.00256555624955834,-0.227927703651786));
#5292=CARTESIAN_POINT('',(0.350692059380177,-0.00253881725548423,-0.227950024597306));
#5293=CARTESIAN_POINT('',(0.11,-0.000584083070682794,-0.226531954034834));
#5294=CARTESIAN_POINT('',(0.133317959439292,-0.000682612040944777,-0.226790209695866));
#5295=CARTESIAN_POINT('',(0.179937398934324,-0.000879600348587866,-0.227306538502213));
#5296=CARTESIAN_POINT('',(0.253442687658965,-0.00130833838133382,-0.228290313188314));
#5297=CARTESIAN_POINT('',(0.309607518039745,-0.00131451625642442,-0.227608195647995));
#5298=CARTESIAN_POINT('',(0.343780783191716,-0.00124857728664639,-0.227748937910159));
#5299=CARTESIAN_POINT('',(0.350692059380177,-0.00123454741167758,-0.227775738238883));
#5300=CARTESIAN_POINT('',(0.11,-0.000126617046660309,-0.226424035638588));
#5301=CARTESIAN_POINT('',(0.133317959439292,-0.000181503614309408,-0.226678353094061));
#5302=CARTESIAN_POINT('',(0.179937398934324,-0.000291237959901222,-0.227186808272517));
#5303=CARTESIAN_POINT('',(0.253442687658965,-0.00056567475651075,-0.228173273964737));
#5304=CARTESIAN_POINT('',(0.309607518039744,-0.000627692104479934,-0.227511132278103));
#5305=CARTESIAN_POINT('',(0.343780783191715,-0.000591983861627886,-0.227662872256455));
#5306=CARTESIAN_POINT('',(0.350692059380177,-0.000584296465927916,-0.227691875374403));
#5307=CARTESIAN_POINT('',(0.11,0.00124181088769643,-0.226107340868072));
#5308=CARTESIAN_POINT('',(0.133317959439292,0.00131739114848984,-0.226350443165919));
#5309=CARTESIAN_POINT('',(0.179937398934324,0.00146849825562116,-0.226836475955153));
#5310=CARTESIAN_POINT('',(0.253442687658965,0.00165512679147346,-0.227832939846709));
#5311=CARTESIAN_POINT('',(0.309607518039744,0.00142599068382171,-0.227229784440206));
#5312=CARTESIAN_POINT('',(0.343780783191715,0.00137122086690859,-0.227414005745029));
#5313=CARTESIAN_POINT('',(0.350692059380177,0.00135992707293166,-0.227449511071795));
#5314=CARTESIAN_POINT('',(0.11,0.00214876514020935,-0.225905697555762));
#5315=CARTESIAN_POINT('',(0.133317959439292,0.00231070495343177,-0.226142129062237));
#5316=CARTESIAN_POINT('',(0.179937398934324,0.00263447013297137,-0.226614824983145));
#5317=CARTESIAN_POINT('',(0.253442687658965,0.00312600613936707,-0.22762054299296));
#5318=CARTESIAN_POINT('',(0.309607518039744,0.00278599421301127,-0.227055446431107));
#5319=CARTESIAN_POINT('',(0.343780783191715,0.00267119315666643,-0.227260633945643));
#5320=CARTESIAN_POINT('',(0.350692059380177,0.00264730732930886,-0.227300331374814));
#5321=CARTESIAN_POINT('',(0.11,0.00394786684708295,-0.225520485022294));
#5322=CARTESIAN_POINT('',(0.133317959439292,0.00428092040517605,-0.225745048629697));
#5323=CARTESIAN_POINT('',(0.179937398934324,0.00494679214410543,-0.226194017139803));
#5324=CARTESIAN_POINT('',(0.253442687658965,0.00604196543252941,-0.227222797287688));
#5325=CARTESIAN_POINT('',(0.309607518039745,0.00548180490189706,-0.226731343067608));
#5326=CARTESIAN_POINT('',(0.343780783191716,0.00524780377592187,-0.226977115463793));
#5327=CARTESIAN_POINT('',(0.350692059380177,0.00519891797418616,-0.227024918513092));
#5328=CARTESIAN_POINT('',(0.11,0.00484001901732172,-0.225336944391022));
#5329=CARTESIAN_POINT('',(0.133317959439292,0.00525782697367995,-0.225556314276765));
#5330=CARTESIAN_POINT('',(0.179937398934324,0.00609314761109232,-0.225994899014082));
#5331=CARTESIAN_POINT('',(0.253442687658965,0.00748705015504461,-0.227037499084822));
#5332=CARTESIAN_POINT('',(0.309607518039745,0.00681761566037563,-0.226581623890531));
#5333=CARTESIAN_POINT('',(0.343780783191716,0.00652444502305298,-0.226847012612245));
#5334=CARTESIAN_POINT('',(0.350692059380177,0.00646315114532032,-0.226898728686992));
#5335=CARTESIAN_POINT('',(0.11,0.00616386409981064,-0.225073487000235));
#5336=CARTESIAN_POINT('',(0.133317959439292,0.00670731968848312,-0.225285972363093));
#5337=CARTESIAN_POINT('',(0.179937398934324,0.00779384679220823,-0.2257107929201));
#5338=CARTESIAN_POINT('',(0.253442687658965,0.0096303049853422,-0.226776735050534));
#5339=CARTESIAN_POINT('',(0.309607518039745,0.00879859657142686,-0.226372537769427));
#5340=CARTESIAN_POINT('',(0.343780783191716,0.00841755472626594,-0.226666428957162));
#5341=CARTESIAN_POINT('',(0.350692059380177,0.00833783583649686,-0.226723824850123));
#5342=CARTESIAN_POINT('',(0.11,0.00660275226849814,-0.224987644096704));
#5343=CARTESIAN_POINT('',(0.133317959439292,0.00718784335187726,-0.225197985705275));
#5344=CARTESIAN_POINT('',(0.179937398934324,0.00835761202017304,-0.225618520268757));
#5345=CARTESIAN_POINT('',(0.253442687658965,0.0103406666702793,-0.226692678822367));
#5346=CARTESIAN_POINT('',(0.309607518039745,0.00945513938953834,-0.226305425747678));
#5347=CARTESIAN_POINT('',(0.343780783191716,0.00904495410079112,-0.226608664103656));
#5348=CARTESIAN_POINT('',(0.350692059380177,0.00895912467862421,-0.226667921652082));
#5349=CARTESIAN_POINT('',(0.11,0.00747516831510144,-0.224819612352378));
#5350=CARTESIAN_POINT('',(0.133317959439292,0.00814298766935589,-0.225025933584438));
#5351=CARTESIAN_POINT('',(0.179937398934324,0.00947815441326984,-0.225438430236196));
#5352=CARTESIAN_POINT('',(0.253442687658965,0.0117524007662104,-0.226529752047065));
#5353=CARTESIAN_POINT('',(0.309607518039745,0.0107598562070543,-0.226175853136608));
#5354=CARTESIAN_POINT('',(0.343780783191716,0.0102917190751429,-0.226497494183664));
#5355=CARTESIAN_POINT('',(0.350692059380177,0.0101937393991277,-0.226560415202689));
#5356=CARTESIAN_POINT('',(0.11,0.00790868755292158,-0.224737421285403));
#5357=CARTESIAN_POINT('',(0.133317959439292,0.00861759893198845,-0.22494186557867));
#5358=CARTESIAN_POINT('',(0.179937398934324,0.0100349206847683,-0.225350609679322));
#5359=CARTESIAN_POINT('',(0.253442687658965,0.012453759774123,-0.226450876932517));
#5360=CARTESIAN_POINT('',(0.309607518039745,0.0114080179027552,-0.226113388137039));
#5361=CARTESIAN_POINT('',(0.343780783191716,0.0109110729528233,-0.226444084782568));
#5362=CARTESIAN_POINT('',(0.350692059380177,0.0108070536765653,-0.226508807634365));
#5363=CARTESIAN_POINT('',(0.11,0.00876968328173418,-0.224576366683145));
#5364=CARTESIAN_POINT('',(0.133317959439292,0.0095601774125707,-0.224777285060625));
#5365=CARTESIAN_POINT('',(0.179937398934324,0.0111406070123243,-0.225178979821556));
#5366=CARTESIAN_POINT('',(0.253442687658965,0.0138464400409086,-0.226297709095769));
#5367=CARTESIAN_POINT('',(0.309607518039745,0.0126950140387138,-0.22599253768365));
#5368=CARTESIAN_POINT('',(0.343780783191716,0.0121408373962921,-0.226341070638266));
#5369=CARTESIAN_POINT('',(0.350692059380177,0.0120248198843655,-0.226409340962002));
#5370=CARTESIAN_POINT('',(0.11,0.00919715977272665,-0.224497503147861));
#5371=CARTESIAN_POINT('',(0.133317959439292,0.0100281446305204,-0.224696772548347));
#5372=CARTESIAN_POINT('',(0.179937398934324,0.0116895270683817,-0.225095170520664));
#5373=CARTESIAN_POINT('',(0.253442687658965,0.0145377612997815,-0.226223416373571));
#5374=CARTESIAN_POINT('',(0.309607518039745,0.0133338484789714,-0.225934152229829));
#5375=CARTESIAN_POINT('',(0.343780783191716,0.0127512479620805,-0.22629146589506));
#5376=CARTESIAN_POINT('',(0.350692059380177,0.0126292718147282,-0.226361481857963));
#5377=CARTESIAN_POINT('',(0.11,0.0100454048320193,-0.2243427815303));
#5378=CARTESIAN_POINT('',(0.133317959439292,0.0109567127692675,-0.224538942401469));
#5379=CARTESIAN_POINT('',(0.179937398934324,0.0127786845997142,-0.224931125512028));
#5380=CARTESIAN_POINT('',(0.253442687658965,0.0159093443995539,-0.22607881916767));
#5381=CARTESIAN_POINT('',(0.309607518039745,0.0146012562747145,-0.225820897801748));
#5382=CARTESIAN_POINT('',(0.343780783191716,0.0139622396888644,-0.226195514606631));
#5383=CARTESIAN_POINT('',(0.350692059380177,0.013828437146932,-0.226268969265708));
#5384=CARTESIAN_POINT('',(0.11,0.0104661844344313,-0.224266929644781));
#5385=CARTESIAN_POINT('',(0.133317959439292,0.0114173257116154,-0.224461631708877));
#5386=CARTESIAN_POINT('',(0.179937398934324,0.0133189360707189,-0.224850898236264));
#5387=CARTESIAN_POINT('',(0.253442687658965,0.0165896234085448,-0.226008526096191));
#5388=CARTESIAN_POINT('',(0.309607518039745,0.0152298452432756,-0.225766039569245));
#5389=CARTESIAN_POINT('',(0.343780783191716,0.0145628356502652,-0.226149178466366));
#5390=CARTESIAN_POINT('',(0.350692059380177,0.0144231651804387,-0.226224326109497));
#5391=CARTESIAN_POINT('',(0.11,0.0113002500460315,-0.224117841578247));
#5392=CARTESIAN_POINT('',(0.133317959439292,0.0123303328235406,-0.224309769392057));
#5393=CARTESIAN_POINT('',(0.179937398934324,0.0143897703933666,-0.224693489379506));
#5394=CARTESIAN_POINT('',(0.253442687658965,0.0179379194335668,-0.225871213773021));
#5395=CARTESIAN_POINT('',(0.309607518039745,0.0164756627543815,-0.225659162646467));
#5396=CARTESIAN_POINT('',(0.343780783191716,0.0157531549196438,-0.22605910744352));
#5397=CARTESIAN_POINT('',(0.350692059380177,0.0156018511149898,-0.226137592817548));
#5398=CARTESIAN_POINT('',(0.11,0.0117135328662604,-0.224044603606311));
#5399=CARTESIAN_POINT('',(0.133317959439292,0.0127827234733564,-0.224235215735022));
#5400=CARTESIAN_POINT('',(0.179937398934324,0.0149203490638776,-0.224616305282098));
#5401=CARTESIAN_POINT('',(0.253442687658965,0.018605931202641,-0.225804191034472));
#5402=CARTESIAN_POINT('',(0.309607518039745,0.0170928865508622,-0.225607140689895));
#5403=CARTESIAN_POINT('',(0.343780783191716,0.0163428737631515,-0.226015369422587));
#5404=CARTESIAN_POINT('',(0.350692059380177,0.0161858046099391,-0.226095499570927));
#5405=CARTESIAN_POINT('',(0.11,0.0125317698197882,-0.223900325862382));
#5406=CARTESIAN_POINT('',(0.133317959439292,0.0136783792620195,-0.224088400342835));
#5407=CARTESIAN_POINT('',(0.179937398934324,0.0159707878089895,-0.224464416386814));
#5408=CARTESIAN_POINT('',(0.253442687658965,0.019928410654603,-0.225672652108991));
#5409=CARTESIAN_POINT('',(0.309607518039745,0.0183148022943444,-0.225505209779778));
#5410=CARTESIAN_POINT('',(0.343780783191716,0.0175103275393511,-0.225929789889065));
#5411=CARTESIAN_POINT('',(0.350692059380177,0.0173418426995678,-0.226013166079797));
#5412=CARTESIAN_POINT('',(0.11,0.0129367348650829,-0.223829290398727));
#5413=CARTESIAN_POINT('',(0.133317959439292,0.0141216561529042,-0.224016143411106));
#5414=CARTESIAN_POINT('',(0.179937398934324,0.0164906613151174,-0.224389717382179));
#5415=CARTESIAN_POINT('',(0.253442687658965,0.0205828945269845,-0.225608143768653));
#5416=CARTESIAN_POINT('',(0.309607518039744,0.018919509146445,-0.22545530834333));
#5417=CARTESIAN_POINT('',(0.343780783191715,0.0180880766855912,-0.225887955726646));
#5418=CARTESIAN_POINT('',(0.350692059380177,0.0179139413640206,-0.225972933148418));
#5419=CARTESIAN_POINT('',(0.11,0.0141378104375665,-0.223618827471673));
#5420=CARTESIAN_POINT('',(0.133317959439292,0.0154363593147896,-0.2238020792166));
#5421=CARTESIAN_POINT('',(0.179937398934324,0.0180325393523547,-0.224168453197876));
#5422=CARTESIAN_POINT('',(0.253442687658965,0.0225239999731199,-0.225417178691139));
#5423=CARTESIAN_POINT('',(0.309607518039744,0.0207129758825551,-0.22530763646259));
#5424=CARTESIAN_POINT('',(0.343780783191715,0.019801586878963,-0.225764194503285));
#5425=CARTESIAN_POINT('',(0.350692059380177,0.0196106922803622,-0.225853917655353));
#5426=CARTESIAN_POINT('',(0.11,0.0149200235014879,-0.223482012891222));
#5427=CARTESIAN_POINT('',(0.133317959439292,0.0162925732153924,-0.223662944043661));
#5428=CARTESIAN_POINT('',(0.179937398934324,0.0190367026280834,-0.224024678479981));
#5429=CARTESIAN_POINT('',(0.253442687658965,0.0237881537585382,-0.225293223161176));
#5430=CARTESIAN_POINT('',(0.309607518039745,0.021880970866582,-0.2252118426225));
#5431=CARTESIAN_POINT('',(0.343780783191716,0.0209175050932068,-0.225683954296048));
#5432=CARTESIAN_POINT('',(0.350692059380177,0.0207156950107693,-0.225776764297714));
#5433=CARTESIAN_POINT('',(0.11,0.0164386513858191,-0.223211206316712));
#5434=CARTESIAN_POINT('',(0.133317959439292,0.0179549457236749,-0.2233871567565));
#5435=CARTESIAN_POINT('',(0.179937398934324,0.0209864627963574,-0.22373893328751));
#5436=CARTESIAN_POINT('',(0.253442687658965,0.0262431168717044,-0.225044319771677));
#5437=CARTESIAN_POINT('',(0.309607518039745,0.0241493093126043,-0.225018259792552));
#5438=CARTESIAN_POINT('',(0.343780783191716,0.0230847756734048,-0.22552091812336));
#5439=CARTESIAN_POINT('',(0.350692059380177,0.0228617802817399,-0.225619794256829));
#5440=CARTESIAN_POINT('',(0.11,0.0171750143283531,-0.223077187901591));
#5441=CARTESIAN_POINT('',(0.133317959439292,0.0187610501106378,-0.223250476211395));
#5442=CARTESIAN_POINT('',(0.179937398934324,0.0219320007841598,-0.223596930363832));
#5443=CARTESIAN_POINT('',(0.253442687658965,0.0274338598375891,-0.22491933151502));
#5444=CARTESIAN_POINT('',(0.309607518039745,0.0252495905823573,-0.224920431637446));
#5445=CARTESIAN_POINT('',(0.343780783191716,0.0241360678829121,-0.225438083389316));
#5446=CARTESIAN_POINT('',(0.350692059380177,0.0239028030892558,-0.225539938896632));
#5447=CARTESIAN_POINT('',(0.11,0.0185892347863662,-0.222805813312854));
#5448=CARTESIAN_POINT('',(0.133317959439292,0.0203094087237313,-0.22297270360335));
#5449=CARTESIAN_POINT('',(0.179937398934324,0.023748540908634,-0.223306366238809));
#5450=CARTESIAN_POINT('',(0.253442687658965,0.0297225005774451,-0.224657018467139));
#5451=CARTESIAN_POINT('',(0.309607518039745,0.0273646757126005,-0.224712027457746));
#5452=CARTESIAN_POINT('',(0.343780783191716,0.0261571703794043,-0.225259420965574));
#5453=CARTESIAN_POINT('',(0.350692059380177,0.0259042013460915,-0.225367196283736));
#5454=CARTESIAN_POINT('',(0.11,0.0192672369109745,-0.222668500804739));
#5455=CARTESIAN_POINT('',(0.133317959439292,0.0210518237697908,-0.222831662221776));
#5456=CARTESIAN_POINT('',(0.179937398934324,0.0246197362753775,-0.223157869745605));
#5457=CARTESIAN_POINT('',(0.253442687658965,0.0308206455319422,-0.22451978897792));
#5458=CARTESIAN_POINT('',(0.309607518039745,0.0283797032520921,-0.2246015418929));
#5459=CARTESIAN_POINT('',(0.343780783191716,0.0271271919097546,-0.225163681142346));
#5460=CARTESIAN_POINT('',(0.350692059380177,0.0268647854479414,-0.225274396318953));
#5461=CARTESIAN_POINT('',(0.11,0.0202260225600364,-0.222453972774005));
#5462=CARTESIAN_POINT('',(0.133317959439292,0.0221019832891079,-0.222609990196477));
#5463=CARTESIAN_POINT('',(0.179937398934324,0.0258525789590118,-0.222921914780017));
#5464=CARTESIAN_POINT('',(0.253442687658965,0.0323761307897829,-0.224293323787849));
#5465=CARTESIAN_POINT('',(0.309607518039744,0.0298179123566321,-0.224415438328485));
#5466=CARTESIAN_POINT('',(0.343780783191715,0.0285019068259694,-0.22499980754282));
#5467=CARTESIAN_POINT('',(0.350692059380177,0.0282261817318537,-0.225114968015931));
#5468=CARTESIAN_POINT('',(0.11,0.0205359789904522,-0.222381087837414));
#5469=CARTESIAN_POINT('',(0.133317959439292,0.0224415304821063,-0.222534472539485));
#5470=CARTESIAN_POINT('',(0.179937398934324,0.0262512867646456,-0.22284113354283));
#5471=CARTESIAN_POINT('',(0.253442687658965,0.0328794444064884,-0.224214497945317));
#5472=CARTESIAN_POINT('',(0.309607518039745,0.0302833558727934,-0.224350099697751));
#5473=CARTESIAN_POINT('',(0.343780783191716,0.0289468489786376,-0.2249418936252));
#5474=CARTESIAN_POINT('',(0.350692059380177,0.0286668227295089,-0.225058540962005));
#5475=CARTESIAN_POINT('',(0.11,0.0209830400194455,-0.222267686894694));
#5476=CARTESIAN_POINT('',(0.133317959439292,0.0229313889734145,-0.222416515597046));
#5477=CARTESIAN_POINT('',(0.179937398934324,0.0268267099345497,-0.222714067820793));
#5478=CARTESIAN_POINT('',(0.253442687658965,0.0336064426185174,-0.224087640146083));
#5479=CARTESIAN_POINT('',(0.309607518039745,0.030955837650939,-0.224243726240914));
#5480=CARTESIAN_POINT('',(0.343780783191716,0.0295898206965325,-0.224846787436123));
#5481=CARTESIAN_POINT('',(0.350692059380177,0.0293036015045522,-0.224965696039724));
#5482=CARTESIAN_POINT('',(0.11,0.0211290801692584,-0.222229206675379));
#5483=CARTESIAN_POINT('',(0.133317959439292,0.0230914299754744,-0.222376415381851));
#5484=CARTESIAN_POINT('',(0.179937398934324,0.0270147427463516,-0.222670728758733));
#5485=CARTESIAN_POINT('',(0.253442687658965,0.033844110899498,-0.224043915504967));
#5486=CARTESIAN_POINT('',(0.309607518039745,0.0311757155046353,-0.22420687213977));
#5487=CARTESIAN_POINT('',(0.343780783191716,0.0298000690514776,-0.224813710935858));
#5488=CARTESIAN_POINT('',(0.350692059380177,0.029511828716021,-0.224933378487396));
#5489=CARTESIAN_POINT('',(0.11,0.0214146269757345,-0.222150548380635));
#5490=CARTESIAN_POINT('',(0.133317959439292,0.0234043999846064,-0.222294275585827));
#5491=CARTESIAN_POINT('',(0.179937398934324,0.0273825397801342,-0.222581628420608));
#5492=CARTESIAN_POINT('',(0.253442687658965,0.0343092444054561,-0.223952979862623));
#5493=CARTESIAN_POINT('',(0.309607518039745,0.0316061083753877,-0.224129796881622));
#5494=CARTESIAN_POINT('',(0.343780783191716,0.0302116590476161,-0.224744253039122));
#5495=CARTESIAN_POINT('',(0.350692059380177,0.0299194714227263,-0.224865452853154));
#5496=CARTESIAN_POINT('',(0.11,0.0215541530093263,-0.222110369373308));
#5497=CARTESIAN_POINT('',(0.133317959439292,0.0235573497007192,-0.222252235247756));
#5498=CARTESIAN_POINT('',(0.179937398934324,0.0275623273744375,-0.2225358667365));
#5499=CARTESIAN_POINT('',(0.253442687658965,0.0345367376390713,-0.223905769574363));
#5500=CARTESIAN_POINT('',(0.309607518039745,0.0318166495695065,-0.224089576810316));
#5501=CARTESIAN_POINT('',(0.343780783191716,0.030413025936828,-0.224707872948609));
#5502=CARTESIAN_POINT('',(0.350692059380177,0.030118911971282,-0.224829846119919));
#5503=CARTESIAN_POINT('',(0.11,0.021961929038171,-0.221986785335722));
#5504=CARTESIAN_POINT('',(0.133317959439292,0.0240044469397903,-0.222122645376818));
#5505=CARTESIAN_POINT('',(0.179937398934324,0.0280880392446815,-0.222394269443329));
#5506=CARTESIAN_POINT('',(0.253442687658965,0.0352023995286619,-0.223757990623755));
#5507=CARTESIAN_POINT('',(0.309607518039745,0.0324328428995542,-0.223962996357899));
#5508=CARTESIAN_POINT('',(0.343780783191716,0.0310024504776034,-0.224592931872036));
#5509=CARTESIAN_POINT('',(0.350692059380177,0.030702714496693,-0.22471725234499));
#5510=CARTESIAN_POINT('',(0.11,0.0222192030709626,-0.221900341652819));
#5511=CARTESIAN_POINT('',(0.133317959439292,0.0242866528798239,-0.222031633907412));
#5512=CARTESIAN_POINT('',(0.179937398934324,0.0284200913791986,-0.222294125629088));
#5513=CARTESIAN_POINT('',(0.253442687658965,0.0356234746557818,-0.223651266880844));
#5514=CARTESIAN_POINT('',(0.309607518039744,0.0328228107012857,-0.223870705221403));
#5515=CARTESIAN_POINT('',(0.343780783191715,0.0313755886155146,-0.224508557469195));
#5516=CARTESIAN_POINT('',(0.350692059380177,0.0310723162109358,-0.224634478714864));
#5517=CARTESIAN_POINT('',(0.11,0.0225167620870463,-0.221785670652885));
#5518=CARTESIAN_POINT('',(0.133317959439292,0.024613257759025,-0.221910329779671));
#5519=CARTESIAN_POINT('',(0.179937398934324,0.0288047674571982,-0.222159559933527));
#5520=CARTESIAN_POINT('',(0.253442687658965,0.0361123581520688,-0.223504442621107));
#5521=CARTESIAN_POINT('',(0.309607518039744,0.033275900500984,-0.223742408106388));
#5522=CARTESIAN_POINT('',(0.343780783191715,0.0318093191630722,-0.224390410768332));
#5523=CARTESIAN_POINT('',(0.350692059380177,0.0315019755934551,-0.224518391222254));
#5524=CARTESIAN_POINT('',(0.11,0.0225750722140178,-0.221762405633084));
#5525=CARTESIAN_POINT('',(0.133317959439292,0.0246772711075731,-0.221885691964574));
#5526=CARTESIAN_POINT('',(0.179937398934324,0.0288801832182909,-0.222132177498027));
#5527=CARTESIAN_POINT('',(0.253442687658965,0.0362082618306956,-0.223474406790105));
#5528=CARTESIAN_POINT('',(0.309607518039745,0.0333647999633004,-0.223716102023665));
#5529=CARTESIAN_POINT('',(0.343780783191716,0.0318944306663421,-0.224366147493293));
#5530=CARTESIAN_POINT('',(0.350692059380177,0.0315862903319447,-0.224494542700985));
#5531=CARTESIAN_POINT('',(0.11,0.0226606259018222,-0.221726982839458));
#5532=CARTESIAN_POINT('',(0.133317959439292,0.0247712110218637,-0.221848136626103));
#5533=CARTESIAN_POINT('',(0.179937398934324,0.0289908896587983,-0.22209035857699));
#5534=CARTESIAN_POINT('',(0.253442687658965,0.0363491374536863,-0.223428287249495));
#5535=CARTESIAN_POINT('',(0.309607518039745,0.0334954151241601,-0.223675615666549));
#5536=CARTESIAN_POINT('',(0.343780783191716,0.0320194973678864,-0.224328745523608));
#5537=CARTESIAN_POINT('',(0.350692059380177,0.0317101896801845,-0.224457767480651));
#5538=CARTESIAN_POINT('',(0.11,0.0226888252139815,-0.221715087697596));
#5539=CARTESIAN_POINT('',(0.133317959439292,0.024802177642001,-0.221835518410798));
#5540=CARTESIAN_POINT('',(0.179937398934324,0.0290273889391661,-0.222076294725811));
#5541=CARTESIAN_POINT('',(0.253442687658965,0.0363955993438855,-0.223412736434974));
#5542=CARTESIAN_POINT('',(0.309607518039745,0.0335384978438624,-0.223661949014491));
#5543=CARTESIAN_POINT('',(0.343780783191716,0.0320607528403141,-0.224316110354494));
#5544=CARTESIAN_POINT('',(0.350692059380177,0.0317510606656712,-0.224445341995992));
#5545=CARTESIAN_POINT('',(0.11,0.0227445685060352,-0.221691117486864));
#5546=CARTESIAN_POINT('',(0.133317959439292,0.0248633977267781,-0.221810076909082));
#5547=CARTESIAN_POINT('',(0.179937398934324,0.0290995587388041,-0.222047911681927));
#5548=CARTESIAN_POINT('',(0.253442687658965,0.0364875015342118,-0.223381269787927));
#5549=CARTESIAN_POINT('',(0.309607518039745,0.033623725588782,-0.223634263361387));
#5550=CARTESIAN_POINT('',(0.343780783191716,0.0321423723176549,-0.224290495178412));
#5551=CARTESIAN_POINT('',(0.350692059380177,0.0318319207915472,-0.224420147891677));
#5552=CARTESIAN_POINT('',(0.11,0.0227721135795331,-0.221679043521396));
#5553=CARTESIAN_POINT('',(0.133317959439292,0.0248936527241102,-0.221797255212198));
#5554=CARTESIAN_POINT('',(0.179937398934324,0.0291352316686339,-0.222033595050652));
#5555=CARTESIAN_POINT('',(0.253442687658965,0.0365329453045034,-0.223365358014548));
#5556=CARTESIAN_POINT('',(0.309607518039745,0.0336658737369594,-0.2236202481675));
#5557=CARTESIAN_POINT('',(0.343780783191716,0.0321827389344686,-0.224277518395313));
#5558=CARTESIAN_POINT('',(0.350692059380177,0.0318719124389701,-0.224407382374977));
#5559=CARTESIAN_POINT('',(0.11,0.0229080358168376,-0.221618091321572));
#5560=CARTESIAN_POINT('',(0.133317959439292,0.0250429690245423,-0.221732489685871));
#5561=CARTESIAN_POINT('',(0.179937398934324,0.0293113266294024,-0.221961205566288));
#5562=CARTESIAN_POINT('',(0.253442687658965,0.036757378395044,-0.223284673089206));
#5563=CARTESIAN_POINT('',(0.309607518039745,0.033874058545557,-0.223549089941321));
#5564=CARTESIAN_POINT('',(0.343780783191716,0.0323821408502884,-0.224211575040021));
#5565=CARTESIAN_POINT('',(0.350692059380177,0.0320694654737182,-0.224342500498138));
#5566=CARTESIAN_POINT('',(0.11,0.0230110027078758,-0.221567465079653));
#5567=CARTESIAN_POINT('',(0.133317959439292,0.0251561524807681,-0.221678572883826));
#5568=CARTESIAN_POINT('',(0.179937398934324,0.0294449359957023,-0.221900709969513));
#5569=CARTESIAN_POINT('',(0.253442687658965,0.0369280025717054,-0.223216512581008));
#5570=CARTESIAN_POINT('',(0.309607518039745,0.0340324212881593,-0.223488692701943));
#5571=CARTESIAN_POINT('',(0.343780783191716,0.0325338776026305,-0.224155423908365));
#5572=CARTESIAN_POINT('',(0.350692059380177,0.0322198064309558,-0.224287215264728));
#5573=CARTESIAN_POINT('',(0.11,0.0232010143143409,-0.221458927267369));
#5574=CARTESIAN_POINT('',(0.133317959439292,0.0253652396537027,-0.221562585939732));
#5575=CARTESIAN_POINT('',(0.179937398934324,0.029692160820397,-0.221769830026288));
#5576=CARTESIAN_POINT('',(0.253442687658965,0.0372448310577704,-0.223066750417966));
#5577=CARTESIAN_POINT('',(0.309607518039744,0.0343268043090083,-0.22335512813612));
#5578=CARTESIAN_POINT('',(0.343780783191715,0.0328161374695485,-0.22403070840054));
#5579=CARTESIAN_POINT('',(0.350692059380177,0.0324995091808318,-0.224164309481079));
#5580=CARTESIAN_POINT('',(0.11,0.023288059029768,-0.221401015697004));
#5581=CARTESIAN_POINT('',(0.133317959439292,0.0254611433704114,-0.221500515797683));
#5582=CARTESIAN_POINT('',(0.179937398934324,0.0298057762787918,-0.221699445679837));
#5583=CARTESIAN_POINT('',(0.253442687658965,0.0373910353671742,-0.222985148763121));
#5584=CARTESIAN_POINT('',(0.309607518039745,0.0344628245872551,-0.223281960809676));
#5585=CARTESIAN_POINT('',(0.343780783191716,0.0329466605841245,-0.223962144024372));
#5586=CARTESIAN_POINT('',(0.350692059380177,0.0326288709734702,-0.22409668893084));
#5587=CARTESIAN_POINT('',(0.11,0.0233841758280449,-0.221321850176065));
#5588=CARTESIAN_POINT('',(0.133317959439292,0.0255672603220505,-0.221415366921343));
#5589=CARTESIAN_POINT('',(0.179937398934324,0.0299318864697974,-0.221602334321283));
#5590=CARTESIAN_POINT('',(0.253442687658965,0.0375544187895709,-0.222870860971163));
#5591=CARTESIAN_POINT('',(0.309607518039745,0.034615153234964,-0.223178877365829));
#5592=CARTESIAN_POINT('',(0.343780783191716,0.0330930284055294,-0.223865167557798));
#5593=CARTESIAN_POINT('',(0.350692059380177,0.0327739760967206,-0.224000968761927));
#5594=CARTESIAN_POINT('',(0.11,0.0234027647329,-0.221305678268979));
#5595=CARTESIAN_POINT('',(0.133317959439292,0.0255877955800316,-0.221397959084791));
#5596=CARTESIAN_POINT('',(0.179937398934324,0.0299563130584941,-0.221582455499263));
#5597=CARTESIAN_POINT('',(0.253442687658965,0.0375861268458052,-0.222847389143676));
#5598=CARTESIAN_POINT('',(0.309607518039745,0.0346447342183631,-0.223157679412237));
#5599=CARTESIAN_POINT('',(0.343780783191716,0.0331214626199342,-0.223845208740986));
#5600=CARTESIAN_POINT('',(0.350692059380177,0.0328021671920305,-0.223981265045865));
#5601=CARTESIAN_POINT('',(0.11,0.0234386051896032,-0.221272601280814));
#5602=CARTESIAN_POINT('',(0.133317959439292,0.0256274157166801,-0.221362325680089));
#5603=CARTESIAN_POINT('',(0.179937398934324,0.0300034898838393,-0.221541711068168));
#5604=CARTESIAN_POINT('',(0.253442687658965,0.0376475035113801,-0.222799119507987));
#5605=CARTESIAN_POINT('',(0.309607518039745,0.0347020317538012,-0.223114030840065));
#5606=CARTESIAN_POINT('',(0.343780783191716,0.0331765650054323,-0.223804075753211));
#5607=CARTESIAN_POINT('',(0.350692059380177,0.0328568037368673,-0.223940650350046));
#5608=CARTESIAN_POINT('',(0.11,0.0234558626537121,-0.221255691187411));
#5609=CARTESIAN_POINT('',(0.133317959439292,0.0256465082051556,-0.221344093819673));
#5610=CARTESIAN_POINT('',(0.179937398934324,0.0300262511241906,-0.221520836607851));
#5611=CARTESIAN_POINT('',(0.253442687658965,0.0376771883761208,-0.222774309781107));
#5612=CARTESIAN_POINT('',(0.309607518039744,0.0347297636312992,-0.223091569455798));
#5613=CARTESIAN_POINT('',(0.343780783191715,0.0332032465235095,-0.223782892339303));
#5614=CARTESIAN_POINT('',(0.350692059380177,0.0328832621233708,-0.223919730439443));
#5615=CARTESIAN_POINT('',(0.11,0.0235052789237423,-0.221203987559366));
#5616=CARTESIAN_POINT('',(0.133317959439292,0.0257012317031442,-0.221288300714103));
#5617=CARTESIAN_POINT('',(0.179937398934324,0.0300915853273455,-0.221456867437367));
#5618=CARTESIAN_POINT('',(0.253442687658965,0.0377626483072108,-0.222698024635641));
#5619=CARTESIAN_POINT('',(0.309607518039744,0.0348096645060742,-0.223022422866592));
#5620=CARTESIAN_POINT('',(0.343780783191715,0.0332801588973755,-0.223717629665786));
#5621=CARTESIAN_POINT('',(0.350692059380177,0.0329595388825308,-0.223855269210453));
#5622=CARTESIAN_POINT('',(0.11,0.0235350796283635,-0.221168222354658));
#5623=CARTESIAN_POINT('',(0.133317959439292,0.0257343055423562,-0.2212496445969));
#5624=CARTESIAN_POINT('',(0.179937398934324,0.0301312031225335,-0.221412431538256));
#5625=CARTESIAN_POINT('',(0.253442687658965,0.0378148172276911,-0.222644701679417));
#5626=CARTESIAN_POINT('',(0.309607518039745,0.0348585291014797,-0.22297398202079));
#5627=CARTESIAN_POINT('',(0.343780783191716,0.0333272492651818,-0.223671843713959));
#5628=CARTESIAN_POINT('',(0.350692059380177,0.0330062508239995,-0.223810031919498));
#5629=CARTESIAN_POINT('',(0.11,0.023612072063774,-0.221058201025743));
#5630=CARTESIAN_POINT('',(0.133317959439292,0.0258200320677539,-0.221130527144237));
#5631=CARTESIAN_POINT('',(0.179937398934324,0.0302343916553061,-0.221275128266553));
#5632=CARTESIAN_POINT('',(0.253442687658965,0.0379520181368913,-0.222478844841098));
#5633=CARTESIAN_POINT('',(0.309607518039745,0.0349873792863273,-0.222822949891841));
#5634=CARTESIAN_POINT('',(0.343780783191716,0.0334516243094713,-0.223528868554961));
#5635=CARTESIAN_POINT('',(0.350692059380177,0.033129667181592,-0.223668724604858));
#5636=CARTESIAN_POINT('',(0.11,0.0236468541161102,-0.220981219186747));
#5637=CARTESIAN_POINT('',(0.133317959439292,0.0258591897617,-0.221046916707719));
#5638=CARTESIAN_POINT('',(0.179937398934324,0.0302822975400969,-0.221178265319586));
#5639=CARTESIAN_POINT('',(0.253442687658965,0.0380177442733819,-0.222360422989354));
#5640=CARTESIAN_POINT('',(0.309607518039745,0.0350496212743685,-0.222714649017146));
#5641=CARTESIAN_POINT('',(0.343780783191716,0.0335120129268417,-0.223426062044279));
#5642=CARTESIAN_POINT('',(0.350692059380177,0.0331896521309288,-0.223567059139406));
#5643=CARTESIAN_POINT('',(0.11,0.0236597180432542,-0.220884324507512));
#5644=CARTESIAN_POINT('',(0.133317959439292,0.0258747468457447,-0.220941265291681));
#5645=CARTESIAN_POINT('',(0.179937398934324,0.030303239034622,-0.221055106618545));
#5646=CARTESIAN_POINT('',(0.253442687658965,0.0380514163518989,-0.222207617752222));
#5647=CARTESIAN_POINT('',(0.309607518039745,0.0350827322970991,-0.222574156162727));
#5648=CARTESIAN_POINT('',(0.343780783191716,0.033544863883909,-0.223292242416502));
#5649=CARTESIAN_POINT('',(0.350692059380177,0.0332224282965138,-0.223434631481679));
#5650=CARTESIAN_POINT('',(0.11,0.0236607553799938,-0.220864912188946));
#5651=CARTESIAN_POINT('',(0.133317959439292,0.0258761845010631,-0.220920078035928));
#5652=CARTESIAN_POINT('',(0.179937398934324,0.0303054770441827,-0.221030370742811));
#5653=CARTESIAN_POINT('',(0.253442687658965,0.0380557238896322,-0.222176817587117));
#5654=CARTESIAN_POINT('',(0.309607518039745,0.0350871179113437,-0.222545801607936));
#5655=CARTESIAN_POINT('',(0.343780783191716,0.0335492990474638,-0.223265212560142));
#5656=CARTESIAN_POINT('',(0.350692059380177,0.0332268697325145,-0.223407878259353));
#5657=CARTESIAN_POINT('',(0.11,0.023659541178248,-0.220826117760344));
#5658=CARTESIAN_POINT('',(0.133317959439292,0.0258754668780439,-0.22087769269103));
#5659=CARTESIAN_POINT('',(0.179937398934324,0.0303057522276724,-0.220980806103113));
#5660=CARTESIAN_POINT('',(0.253442687658965,0.038059091968775,-0.22211486603483));
#5661=CARTESIAN_POINT('',(0.309607518039745,0.0350910551325989,-0.222488692122407));
#5662=CARTESIAN_POINT('',(0.343780783191716,0.0335535554540655,-0.223210724097708));
#5663=CARTESIAN_POINT('',(0.350692059380177,0.0332311847290037,-0.223353937828049));
#5664=CARTESIAN_POINT('',(0.11,0.0236573164898022,-0.220806735727447));
#5665=CARTESIAN_POINT('',(0.133317959439292,0.025873338756359,-0.220856494992135));
#5666=CARTESIAN_POINT('',(0.179937398934324,0.0303038171712627,-0.220955978355398));
#5667=CARTESIAN_POINT('',(0.253442687658965,0.0380581797833467,-0.222083716799408));
#5668=CARTESIAN_POINT('',(0.309607518039745,0.0350906331136588,-0.22245993959457));
#5669=CARTESIAN_POINT('',(0.343780783191716,0.0335534044817213,-0.223183268382039));
#5670=CARTESIAN_POINT('',(0.350692059380177,0.0332310863538161,-0.223326753607976));
#5671=CARTESIAN_POINT('',(0.11,0.0236461580637908,-0.220748782631679));
#5672=CARTESIAN_POINT('',(0.133317959439292,0.0258620470215571,-0.220793052767728));
#5673=CARTESIAN_POINT('',(0.179937398934324,0.0302922589130928,-0.220881561753017));
#5674=CARTESIAN_POINT('',(0.253442687658965,0.0380482250262279,-0.221990028535371));
#5675=CARTESIAN_POINT('',(0.309607518039745,0.0350827172412611,-0.222373355134355));
#5676=CARTESIAN_POINT('',(0.343780783191716,0.033546609816898,-0.223100526159182));
#5677=CARTESIAN_POINT('',(0.350692059380177,0.0332245139214229,-0.223244816749837));
#5678=CARTESIAN_POINT('',(0.11,0.0236327399655505,-0.220710404571733));
#5679=CARTESIAN_POINT('',(0.133317959439292,0.0258479760386934,-0.220750959114496));
#5680=CARTESIAN_POINT('',(0.179937398934324,0.030276882622392,-0.220832039539116));
#5681=CARTESIAN_POINT('',(0.253442687658965,0.0380319642537034,-0.221927248948986));
#5682=CARTESIAN_POINT('',(0.309607518039745,0.0350685735722258,-0.22231519632528));
#5683=CARTESIAN_POINT('',(0.343780783191716,0.0335336243766283,-0.223044864576148));
#5684=CARTESIAN_POINT('',(0.350692059380177,0.0332117625573874,-0.22318967991385));
#5685=CARTESIAN_POINT('',(0.11,0.0235774954444817,-0.220597222073298));
#5686=CARTESIAN_POINT('',(0.133317959439292,0.0257893380973489,-0.22062660925688));
#5687=CARTESIAN_POINT('',(0.179937398934324,0.030211460238711,-0.22068536285539));
#5688=CARTESIAN_POINT('',(0.253442687658965,0.0379588729261143,-0.2217401865193));
#5689=CARTESIAN_POINT('',(0.309607518039745,0.0350037198878113,-0.222141544219428));
#5690=CARTESIAN_POINT('',(0.343780783191716,0.0334732672978133,-0.222878454543729));
#5691=CARTESIAN_POINT('',(0.350692059380177,0.0331523217456936,-0.223024795136954));
#5692=CARTESIAN_POINT('',(0.11,0.0235206787953051,-0.220524369316211));
#5693=CARTESIAN_POINT('',(0.133317959439292,0.0257283461494661,-0.220546284158248));
#5694=CARTESIAN_POINT('',(0.179937398934324,0.0301421206442033,-0.220590098354556));
#5695=CARTESIAN_POINT('',(0.253442687658965,0.0378777333184949,-0.221617179958853));
#5696=CARTESIAN_POINT('',(0.309607518039745,0.0349305873210132,-0.222026875381966));
#5697=CARTESIAN_POINT('',(0.343780783191716,0.0334044948356907,-0.222768280739182));
#5698=CARTESIAN_POINT('',(0.350692059380177,0.0330844454743749,-0.222915572813076));
#5699=CARTESIAN_POINT('',(0.11,0.0234344983277536,-0.220440488404541));
#5700=CARTESIAN_POINT('',(0.133317959439292,0.0256354128388725,-0.22045352165554));
#5701=CARTESIAN_POINT('',(0.179937398934324,0.0300356864199282,-0.220479578946612));
#5702=CARTESIAN_POINT('',(0.253442687658965,0.0377510065458223,-0.221473010962146));
#5703=CARTESIAN_POINT('',(0.309607518039745,0.0348157221106745,-0.22189201894409));
#5704=CARTESIAN_POINT('',(0.343780783191716,0.0332960822734571,-0.222638438262577));
#5705=CARTESIAN_POINT('',(0.350692059380177,0.032977364228717,-0.222786796495078));
#5706=CARTESIAN_POINT('',(0.11,0.0234165120516291,-0.220424078161379));
#5707=CARTESIAN_POINT('',(0.133317959439292,0.0256159994495267,-0.220435358321006));
#5708=CARTESIAN_POINT('',(0.179937398934324,0.0300134198127162,-0.220457910668291));
#5709=CARTESIAN_POINT('',(0.253442687658965,0.0377244048961443,-0.221444665455351));
#5710=CARTESIAN_POINT('',(0.309607518039745,0.0347915844376413,-0.221865479686221));
#5711=CARTESIAN_POINT('',(0.343780783191716,0.0332732856484473,-0.222612872181202));
#5712=CARTESIAN_POINT('',(0.350692059380177,0.0329548444986978,-0.222761437610179));
#5713=CARTESIAN_POINT('',(0.11,0.0233792285572143,-0.220392039695142));
#5714=CARTESIAN_POINT('',(0.133317959439292,0.0255757295697792,-0.220399870845592));
#5715=CARTESIAN_POINT('',(0.179937398934324,0.0299671792728563,-0.220415527612022));
#5716=CARTESIAN_POINT('',(0.253442687658965,0.0376690092500561,-0.221389077453058));
#5717=CARTESIAN_POINT('',(0.309607518039745,0.0347412715093151,-0.221813384931261));
#5718=CARTESIAN_POINT('',(0.343780783191716,0.0332257384651646,-0.222562658575376));
#5719=CARTESIAN_POINT('',(0.350692059380177,0.0329078687585519,-0.222711625042653));
#5720=CARTESIAN_POINT('',(0.11,0.0233599183620829,-0.220376400346465));
#5721=CARTESIAN_POINT('',(0.133317959439292,0.0255548589659922,-0.220382534299916));
#5722=CARTESIAN_POINT('',(0.179937398934324,0.029943188954538,-0.2203947978718));
#5723=CARTESIAN_POINT('',(0.253442687658965,0.03764019572999,-0.221361815456427));
#5724=CARTESIAN_POINT('',(0.309607518039745,0.0347150784857993,-0.221787811111016));
#5725=CARTESIAN_POINT('',(0.343780783191716,0.0332009711058272,-0.222537993383604));
#5726=CARTESIAN_POINT('',(0.350692059380177,0.0328833961480493,-0.222687153833355));
#5727=CARTESIAN_POINT('',(0.11,0.0233000850089017,-0.220330541508404));
#5728=CARTESIAN_POINT('',(0.133317959439292,0.025490153276314,-0.220331659594881));
#5729=CARTESIAN_POINT('',(0.179937398934324,0.0298687420352675,-0.220333894977654));
#5730=CARTESIAN_POINT('',(0.253442687658965,0.0375505814960308,-0.221281508719978));
#5731=CARTESIAN_POINT('',(0.309607518039745,0.0346335514134284,-0.221712405259967));
#5732=CARTESIAN_POINT('',(0.343780783191716,0.0331238430629827,-0.222465223960048));
#5733=CARTESIAN_POINT('',(0.350692059380177,0.032807178091413,-0.222614948059397));
#5734=CARTESIAN_POINT('',(0.11,0.023257659083065,-0.220301381226987));
#5735=CARTESIAN_POINT('',(0.133317959439292,0.0254442243121055,-0.220299256367511));
#5736=CARTESIAN_POINT('',(0.179937398934324,0.0298158094700001,-0.220295008150252));
#5737=CARTESIAN_POINT('',(0.253442687658965,0.0374866071083764,-0.221229943233603));
#5738=CARTESIAN_POINT('',(0.309607518039744,0.0345752693627502,-0.221663888838856));
#5739=CARTESIAN_POINT('',(0.343780783191715,0.0330686564146434,-0.222418345880024));
#5740=CARTESIAN_POINT('',(0.350692059380177,0.0327526324201506,-0.222568421348675));
#5741=CARTESIAN_POINT('',(0.11,0.0231235908422864,-0.220217493651742));
#5742=CARTESIAN_POINT('',(0.133317959439292,0.0252989668135895,-0.220205893260538));
#5743=CARTESIAN_POINT('',(0.179937398934324,0.0296481813637368,-0.220182700676416));
#5744=CARTESIAN_POINT('',(0.253442687658965,0.0372833765888048,-0.221080229707425));
#5745=CARTESIAN_POINT('',(0.309607518039744,0.0343899246133013,-0.221522761518206));
#5746=CARTESIAN_POINT('',(0.343780783191715,0.0328930353163454,-0.222281826793712));
#5747=CARTESIAN_POINT('',(0.350692059380177,0.0325790264751317,-0.222432893676612));
#5748=CARTESIAN_POINT('',(0.11,0.0230251580640763,-0.220166359626923));
#5749=CARTESIAN_POINT('',(0.133317959439292,0.0251921676733916,-0.220148779956069));
#5750=CARTESIAN_POINT('',(0.179937398934324,0.0295246554122801,-0.220113633038354));
#5751=CARTESIAN_POINT('',(0.253442687658965,0.0371328131002792,-0.220987064600571));
#5752=CARTESIAN_POINT('',(0.309607518039745,0.0342523633171167,-0.22143457256135));
#5753=CARTESIAN_POINT('',(0.343780783191716,0.0327625397131064,-0.222196300941182));
#5754=CARTESIAN_POINT('',(0.350692059380177,0.0324499972701435,-0.222347945175373));
#5755=CARTESIAN_POINT('',(0.11,0.0228672104017425,-0.220094270876251));
#5756=CARTESIAN_POINT('',(0.133317959439292,0.0250206473808286,-0.220068030538317));
#5757=CARTESIAN_POINT('',(0.179937398934324,0.0293259994513749,-0.22001556840715));
#5758=CARTESIAN_POINT('',(0.253442687658965,0.0368899025080187,-0.220853546482883));
#5759=CARTESIAN_POINT('',(0.309607518039745,0.0340301978175291,-0.221307771027121));
#5760=CARTESIAN_POINT('',(0.343780783191716,0.0325516448258824,-0.222073084656771));
#5761=CARTESIAN_POINT('',(0.350692059380177,0.0322414434773286,-0.222225511521127));
#5762=CARTESIAN_POINT('',(0.11,0.022812844765128,-0.22007101000712));
#5763=CARTESIAN_POINT('',(0.133317959439292,0.0249615870197328,-0.22004193415546));
#5764=CARTESIAN_POINT('',(0.179937398934324,0.0292575529591951,-0.219983803000768));
#5765=CARTESIAN_POINT('',(0.253442687658965,0.0368060880822906,-0.220810078702002));
#5766=CARTESIAN_POINT('',(0.309607518039745,0.0339535053968993,-0.221266417495525));
#5767=CARTESIAN_POINT('',(0.343780783191716,0.0324788212804144,-0.222032857979623));
#5768=CARTESIAN_POINT('',(0.350692059380177,0.0321694238779372,-0.22218553182237));
#5769=CARTESIAN_POINT('',(0.11,0.0227291319903916,-0.220036949993631));
#5770=CARTESIAN_POINT('',(0.133317959439292,0.024870618535793,-0.220003673139799));
#5771=CARTESIAN_POINT('',(0.179937398934324,0.0291520781846394,-0.219937142949717));
#5772=CARTESIAN_POINT('',(0.253442687658965,0.0366767937783651,-0.220745967372076));
#5773=CARTESIAN_POINT('',(0.309607518039745,0.0338351575663323,-0.221205337436717));
#5774=CARTESIAN_POINT('',(0.343780783191716,0.0323664194528407,-0.221973391354936));
#5775=CARTESIAN_POINT('',(0.350692059380177,0.0320582579801659,-0.22212642006142));
#5776=CARTESIAN_POINT('',(0.11,0.0227008686453699,-0.220025733558652));
#5777=CARTESIAN_POINT('',(0.133317959439292,0.024839901052534,-0.219991065082867));
#5778=CARTESIAN_POINT('',(0.179937398934324,0.0291164541593065,-0.219921752632372));
#5779=CARTESIAN_POINT('',(0.253442687658965,0.0366331021815808,-0.220724776963038));
#5780=CARTESIAN_POINT('',(0.309607518039745,0.0337951585302343,-0.221185134281984));
#5781=CARTESIAN_POINT('',(0.343780783191716,0.0323284263823747,-0.221953713102407));
#5782=CARTESIAN_POINT('',(0.350692059380177,0.0320206819247617,-0.222106857475908));
#5783=CARTESIAN_POINT('',(0.11,0.0226436809296381,-0.220003532185071));
#5784=CARTESIAN_POINT('',(0.133317959439292,0.0247777407814782,-0.219966093674695));
#5785=CARTESIAN_POINT('',(0.179937398934324,0.0290443522918317,-0.219891243112672));
#5786=CARTESIAN_POINT('',(0.253442687658965,0.0365446348843777,-0.220682689433881));
#5787=CARTESIAN_POINT('',(0.309607518039745,0.03371415628835,-0.221144982152245));
#5788=CARTESIAN_POINT('',(0.343780783191716,0.0322514794456804,-0.221914589253492));
#5789=CARTESIAN_POINT('',(0.350692059380177,0.0319445781339746,-0.222067960602112));
#5790=CARTESIAN_POINT('',(0.11,0.0226147528465025,-0.219992550986909));
#5791=CARTESIAN_POINT('',(0.133317959439292,0.0247462939237026,-0.219953734331047));
#5792=CARTESIAN_POINT('',(0.179937398934324,0.0290078696648567,-0.219876128452023));
#5793=CARTESIAN_POINT('',(0.253442687658965,0.0364998531632386,-0.220661797553089));
#5794=CARTESIAN_POINT('',(0.309607518039745,0.0336731474181502,-0.221125037953523));
#5795=CARTESIAN_POINT('',(0.343780783191716,0.0322125200467199,-0.221895148220882));
#5796=CARTESIAN_POINT('',(0.350692059380177,0.0319060448947373,-0.222048630833349));
#5797=CARTESIAN_POINT('',(0.11,0.0223514730520258,-0.219894782722839));
#5798=CARTESIAN_POINT('',(0.133317959439292,0.0244600603231744,-0.219843624438277));
#5799=CARTESIAN_POINT('',(0.179937398934324,0.0286757446742526,-0.219741344023992));
#5800=CARTESIAN_POINT('',(0.253442687658965,0.0360920157200243,-0.2204751265108));
#5801=CARTESIAN_POINT('',(0.309607518039745,0.0332996185778872,-0.220946718704381));
#5802=CARTESIAN_POINT('',(0.343780783191716,0.0318576274176806,-0.22172126025295));
#5803=CARTESIAN_POINT('',(0.350692059380177,0.031555027852949,-0.221875724534657));
#5804=CARTESIAN_POINT('',(0.11,0.0220966320168877,-0.219815433292688));
#5805=CARTESIAN_POINT('',(0.133317959439292,0.0241827904165908,-0.219753743289613));
#5806=CARTESIAN_POINT('',(0.179937398934324,0.0283536328758212,-0.219630406881327));
#5807=CARTESIAN_POINT('',(0.253442687658965,0.0356953463272102,-0.220318838543172));
#5808=CARTESIAN_POINT('',(0.309607518039745,0.0329359555485698,-0.220796593429474));
#5809=CARTESIAN_POINT('',(0.343780783191716,0.0315118879188344,-0.221574382596512));
#5810=CARTESIAN_POINT('',(0.350692059380177,0.0312130188298272,-0.2217295793459));
#5811=CARTESIAN_POINT('',(0.11,0.0216900590306362,-0.219706643743081));
#5812=CARTESIAN_POINT('',(0.133317959439292,0.0237401877104654,-0.219629799956876));
#5813=CARTESIAN_POINT('',(0.179937398934324,0.0278389961930499,-0.219476166691887));
#5814=CARTESIAN_POINT('',(0.253442687658965,0.0350602744624035,-0.220097924788199));
#5815=CARTESIAN_POINT('',(0.309607518039745,0.032353307621803,-0.220583272094655));
#5816=CARTESIAN_POINT('',(0.343780783191716,0.0309577016956219,-0.22136502842624));
#5817=CARTESIAN_POINT('',(0.350692059380177,0.0306647600564023,-0.221521139970412));
#5818=CARTESIAN_POINT('',(0.11,0.0215504946535661,-0.219672087211458));
#5819=CARTESIAN_POINT('',(0.133317959439292,0.0235882164424227,-0.219590299668847));
#5820=CARTESIAN_POINT('',(0.179937398934324,0.0276622199113212,-0.219426782384921));
#5821=CARTESIAN_POINT('',(0.253442687658965,0.0348419225670241,-0.220026542413948));
#5822=CARTESIAN_POINT('',(0.309607518039745,0.0321529150537921,-0.220514145351959));
#5823=CARTESIAN_POINT('',(0.343780783191716,0.030767058506902,-0.221297073420429));
#5824=CARTESIAN_POINT('',(0.350692059380177,0.030476147850639,-0.221453459255519));
#5825=CARTESIAN_POINT('',(0.11,0.0212643592460485,-0.219606198446383));
#5826=CARTESIAN_POINT('',(0.133317959439292,0.0232765771029977,-0.219514734700275));
#5827=CARTESIAN_POINT('',(0.179937398934324,0.027299590732346,-0.219331871847771));
#5828=CARTESIAN_POINT('',(0.253442687658965,0.0343936457972892,-0.219888114883344));
#5829=CARTESIAN_POINT('',(0.309607518039745,0.0317413911322021,-0.220379718061319));
#5830=CARTESIAN_POINT('',(0.343780783191716,0.0303754849150946,-0.221164710067775));
#5831=CARTESIAN_POINT('',(0.350692059380177,0.0300887313118896,-0.221321587523562));
#5832=CARTESIAN_POINT('',(0.11,0.0211177488625526,-0.219574863273569));
#5833=CARTESIAN_POINT('',(0.133317959439292,0.0231168663589271,-0.219478666323152));
#5834=CARTESIAN_POINT('',(0.179937398934324,0.0271136885254777,-0.219286340407104));
#5835=CARTESIAN_POINT('',(0.253442687658965,0.0341636603083075,-0.219821060611297));
#5836=CARTESIAN_POINT('',(0.309607518039745,0.0315302038717675,-0.22031440819876));
#5837=CARTESIAN_POINT('',(0.343780783191716,0.030174500942367,-0.221100292230062));
#5838=CARTESIAN_POINT('',(0.350692059380177,0.0298898738986774,-0.221257386986884));
#5839=CARTESIAN_POINT('',(0.11,0.0206681538342925,-0.219485346156273));
#5840=CARTESIAN_POINT('',(0.133317959439292,0.0226270092772113,-0.219375243599884));
#5841=CARTESIAN_POINT('',(0.179937398934324,0.0265433357910481,-0.219155116299328));
#5842=CARTESIAN_POINT('',(0.253442687658965,0.0334575819418863,-0.219625934394916));
#5843=CARTESIAN_POINT('',(0.309607518039745,0.0308816820561007,-0.22012380379545));
#5844=CARTESIAN_POINT('',(0.343780783191716,0.0295572173373418,-0.220911974592329));
#5845=CARTESIAN_POINT('',(0.350692059380177,0.0292791022872769,-0.221069641923417));
#5846=CARTESIAN_POINT('',(0.11,0.0203554053117559,-0.219431652612937));
#5847=CARTESIAN_POINT('',(0.133317959439292,0.0222861380900621,-0.219312671661838));
#5848=CARTESIAN_POINT('',(0.179937398934324,0.0261462391496623,-0.219074793846445));
#5849=CARTESIAN_POINT('',(0.253442687658965,0.0329653671649712,-0.219503899050346));
#5850=CARTESIAN_POINT('',(0.309607518039745,0.0304293874665054,-0.220003834439064));
#5851=CARTESIAN_POINT('',(0.343780783191716,0.029126586018202,-0.220793010667716));
#5852=CARTESIAN_POINT('',(0.350692059380177,0.0288529887173251,-0.220950953943194));
#5853=CARTESIAN_POINT('',(0.11,0.0198702114181628,-0.219358732188123));
#5854=CARTESIAN_POINT('',(0.133317959439292,0.021757175104611,-0.219226938917412));
#5855=CARTESIAN_POINT('',(0.179937398934324,0.025529768913204,-0.218963445517583));
#5856=CARTESIAN_POINT('',(0.253442687658965,0.032200478852115,-0.219331151713002));
#5857=CARTESIAN_POINT('',(0.309607518039744,0.0297262889716089,-0.219832986117541));
#5858=CARTESIAN_POINT('',(0.343780783191715,0.0284570150403252,-0.220623013969876));
#5859=CARTESIAN_POINT('',(0.350692059380177,0.0281904118578669,-0.220781237300657));
#5860=CARTESIAN_POINT('',(0.11,0.019705821148971,-0.21933568106716));
#5861=CARTESIAN_POINT('',(0.133317959439292,0.0215779329181901,-0.219199700172061));
#5862=CARTESIAN_POINT('',(0.179937398934324,0.0253208333885452,-0.218927834482952));
#5863=CARTESIAN_POINT('',(0.253442687658965,0.0319411210943255,-0.21927526642077));
#5864=CARTESIAN_POINT('',(0.309607518039744,0.0294878438101377,-0.219777535931399));
#5865=CARTESIAN_POINT('',(0.343780783191715,0.0282299167048774,-0.220567739327258));
#5866=CARTESIAN_POINT('',(0.350692059380177,0.0279656809076107,-0.220726033923656));
#5867=CARTESIAN_POINT('',(0.11,0.0193721118600274,-0.219292000736199));
#5868=CARTESIAN_POINT('',(0.133317959439292,0.0212140338306548,-0.219147806485452));
#5869=CARTESIAN_POINT('',(0.179937398934324,0.0248965760397102,-0.218859519889632));
#5870=CARTESIAN_POINT('',(0.253442687658965,0.0314142565333331,-0.219166786587152));
#5871=CARTESIAN_POINT('',(0.309607518039744,0.0290033871948195,-0.219669548853146));
#5872=CARTESIAN_POINT('',(0.343780783191715,0.027768468782625,-0.220459896902788));
#5873=CARTESIAN_POINT('',(0.350692059380177,0.027509034130671,-0.220618291911279));
#5874=CARTESIAN_POINT('',(0.11,0.0192027818661633,-0.219271379551396));
#5875=CARTESIAN_POINT('',(0.133317959439292,0.0210293646734338,-0.219123160293895));
#5876=CARTESIAN_POINT('',(0.179937398934324,0.0246812393963447,-0.21882682652914));
#5877=CARTESIAN_POINT('',(0.253442687658965,0.0311467301595367,-0.219114204292238));
#5878=CARTESIAN_POINT('',(0.309607518039745,0.0287573576404157,-0.219617022879613));
#5879=CARTESIAN_POINT('',(0.343780783191716,0.0275341019064142,-0.220407339306214));
#5880=CARTESIAN_POINT('',(0.350692059380177,0.0272771011859849,-0.220565763310523));
#5881=CARTESIAN_POINT('',(0.11,0.0186878323741796,-0.219213124486869));
#5882=CARTESIAN_POINT('',(0.133317959439292,0.0204677086036936,-0.21905307657731));
#5883=CARTESIAN_POINT('',(0.179937398934324,0.0240262031797952,-0.218733093868041));
#5884=CARTESIAN_POINT('',(0.253442687658965,0.0303326188955781,-0.218961407141437));
#5885=CARTESIAN_POINT('',(0.309607518039745,0.0280085575538031,-0.219463837594012));
#5886=CARTESIAN_POINT('',(0.343780783191716,0.0268207335183544,-0.220253754557854));
#5887=CARTESIAN_POINT('',(0.350692059380177,0.026571128108602,-0.220412203337646));
#5888=CARTESIAN_POINT('',(0.11,0.0183352533656686,-0.219179099097028));
#5889=CARTESIAN_POINT('',(0.133317959439292,0.0200830730930975,-0.219011493910367));
#5890=CARTESIAN_POINT('',(0.179937398934324,0.0235774773201584,-0.218676401987811));
#5891=CARTESIAN_POINT('',(0.253442687658965,0.0297745018628463,-0.218866142019493));
#5892=CARTESIAN_POINT('',(0.309607518039745,0.0274950755981933,-0.219367570916942));
#5893=CARTESIAN_POINT('',(0.343780783191716,0.0263314642470784,-0.220156815447431));
#5894=CARTESIAN_POINT('',(0.350692059380177,0.0260869137325808,-0.220315197794912));
#5895=CARTESIAN_POINT('',(0.11,0.0176140248557926,-0.219120412545568));
#5896=CARTESIAN_POINT('',(0.133317959439292,0.0192961271025438,-0.218938357013205));
#5897=CARTESIAN_POINT('',(0.179937398934324,0.0226591428124318,-0.218574374611664));
#5898=CARTESIAN_POINT('',(0.253442687658965,0.0286315161496295,-0.218688687696829));
#5899=CARTESIAN_POINT('',(0.309607518039745,0.0264432402476808,-0.2191866975933));
#5900=CARTESIAN_POINT('',(0.343780783191716,0.025329070270464,-0.219973823706925));
#5901=CARTESIAN_POINT('',(0.350692059380177,0.025094843933402,-0.220131914857633));
#5902=CARTESIAN_POINT('',(0.11,0.0172454265913373,-0.219095741975682));
#5903=CARTESIAN_POINT('',(0.133317959439292,0.0188938729671069,-0.218906793107631));
#5904=CARTESIAN_POINT('',(0.179937398934324,0.0221896007204753,-0.218529028906409));
#5905=CARTESIAN_POINT('',(0.253442687658965,0.0280467319956909,-0.218606489282758));
#5906=CARTESIAN_POINT('',(0.309607518039744,0.0259049646964285,-0.219102083735043));
#5907=CARTESIAN_POINT('',(0.343780783191715,0.0248160198893435,-0.219887764966117));
#5908=CARTESIAN_POINT('',(0.350692059380177,0.024587062095992,-0.22004563157132));
#5909=CARTESIAN_POINT('',(0.11,0.0164939982164141,-0.219055625925768));
#5910=CARTESIAN_POINT('',(0.133317959439292,0.0180737018912206,-0.218853564336335));
#5911=CARTESIAN_POINT('',(0.179937398934324,0.0212319928248443,-0.218449583959435));
#5912=CARTESIAN_POINT('',(0.253442687658965,0.0268533749491847,-0.218455158109997));
#5913=CARTESIAN_POINT('',(0.309607518039744,0.0248062738766615,-0.218944551325276));
#5914=CARTESIAN_POINT('',(0.343780783191715,0.0237686700477698,-0.219726594594243));
#5915=CARTESIAN_POINT('',(0.350692059380177,0.0235504374889641,-0.219883858685988));
#5916=CARTESIAN_POINT('',(0.11,0.0161111562967726,-0.219040182614177));
#5917=CARTESIAN_POINT('',(0.133317959439292,0.0176557718232642,-0.218831901724253));
#5918=CARTESIAN_POINT('',(0.179937398934324,0.0207439112579281,-0.218415487141706));
#5919=CARTESIAN_POINT('',(0.253442687658965,0.0262447816492893,-0.218386027577583));
#5920=CARTESIAN_POINT('',(0.309607518039744,0.0242458399002417,-0.218871634505485));
#5921=CARTESIAN_POINT('',(0.343780783191715,0.0232343528354934,-0.219651484422819));
#5922=CARTESIAN_POINT('',(0.350692059380177,0.0230215771677126,-0.219808370492571));
#5923=CARTESIAN_POINT('',(0.11,0.0153328768675101,-0.219018419106073));
#5924=CARTESIAN_POINT('',(0.133317959439292,0.0168060372198829,-0.218798384572877));
#5925=CARTESIAN_POINT('',(0.179937398934324,0.0197513168054625,-0.218358471010379));
#5926=CARTESIAN_POINT('',(0.253442687658965,0.0250064270566426,-0.218260859215083));
#5927=CARTESIAN_POINT('',(0.309607518039744,0.0231052496032365,-0.218737560557769));
#5928=CARTESIAN_POINT('',(0.343780783191715,0.022146776546974,-0.219512296414965));
#5929=CARTESIAN_POINT('',(0.350692059380177,0.0219450797560453,-0.21966827703107));
#5930=CARTESIAN_POINT('',(0.11,0.0149374731722869,-0.219012088573802));
#5931=CARTESIAN_POINT('',(0.133317959439292,0.0163742697213607,-0.218786519171739));
#5932=CARTESIAN_POINT('',(0.179937398934324,0.0192468473995491,-0.218335539783134));
#5933=CARTESIAN_POINT('',(0.253442687658965,0.024376720724392,-0.218204808848263));
#5934=CARTESIAN_POINT('',(0.309607518039745,0.0225251441784496,-0.218676392690027));
#5935=CARTESIAN_POINT('',(0.343780783191716,0.0215935662000789,-0.219448208821054));
#5936=CARTESIAN_POINT('',(0.350692059380177,0.0213974909396718,-0.21960366220384));
#5937=CARTESIAN_POINT('',(0.11,0.0141354828039752,-0.219008519891242));
#5938=CARTESIAN_POINT('',(0.133317959439292,0.0154984048402379,-0.218772580156508));
#5939=CARTESIAN_POINT('',(0.179937398934324,0.018223285701765,-0.218300867431535));
#5940=CARTESIAN_POINT('',(0.253442687658965,0.0230984050989889,-0.218105913860232));
#5941=CARTESIAN_POINT('',(0.309607518039745,0.0213472977548282,-0.218565955210509));
#5942=CARTESIAN_POINT('',(0.343780783191716,0.020470193764464,-0.219331218887689));
#5943=CARTESIAN_POINT('',(0.350692059380177,0.0202855064468726,-0.219485471095782));
#5944=CARTESIAN_POINT('',(0.11,0.0137288757136413,-0.219011287981719));
#5945=CARTESIAN_POINT('',(0.133317959439292,0.0150542849432211,-0.218770513144646));
#5946=CARTESIAN_POINT('',(0.179937398934324,0.0177041667026185,-0.218289133632086));
#5947=CARTESIAN_POINT('',(0.253442687658965,0.0224497616238347,-0.218063077037378));
#5948=CARTESIAN_POINT('',(0.309607518039745,0.0207495252200867,-0.218516692253671));
#5949=CARTESIAN_POINT('',(0.343780783191716,0.0199000015725161,-0.219278322575289));
#5950=CARTESIAN_POINT('',(0.350692059380177,0.0197210809681349,-0.219431900715278));
#5951=CARTESIAN_POINT('',(0.11,0.0129056355444614,-0.219025963945585));
#5952=CARTESIAN_POINT('',(0.133317959439292,0.0141549782853272,-0.218776237190299));
#5953=CARTESIAN_POINT('',(0.179937398934324,0.0166527808253818,-0.218276960167853));
#5954=CARTESIAN_POINT('',(0.253442687658965,0.0211354108568696,-0.217990819341814));
#5955=CARTESIAN_POINT('',(0.309607518039744,0.0195380381662135,-0.218430286129241));
#5956=CARTESIAN_POINT('',(0.343780783191715,0.0187442801022654,-0.219183943300089));
#5957=CARTESIAN_POINT('',(0.350692059380177,0.0185770213135947,-0.21933602772433));
#5958=CARTESIAN_POINT('',(0.11,0.0124890096537975,-0.219037871420801));
#5959=CARTESIAN_POINT('',(0.133317959439292,0.0136997993126561,-0.218784027905492));
#5960=CARTESIAN_POINT('',(0.179937398934324,0.0161205229351207,-0.21827652027242));
#5961=CARTESIAN_POINT('',(0.253442687658965,0.0204697146351831,-0.217961398661352));
#5962=CARTESIAN_POINT('',(0.309607518039745,0.0189243339137534,-0.218393143307372));
#5963=CARTESIAN_POINT('',(0.343780783191716,0.0181587606543776,-0.219142460768758));
#5964=CARTESIAN_POINT('',(0.350692059380177,0.0179973968769291,-0.219293725561888));
#5965=CARTESIAN_POINT('',(0.11,0.011225838267865,-0.219087358750836));
#5966=CARTESIAN_POINT('',(0.133317959439292,0.012319568476543,-0.218822269220163));
#5967=CARTESIAN_POINT('',(0.179937398934324,0.0145062559274798,-0.2182922775042));
#5968=CARTESIAN_POINT('',(0.253442687658965,0.018449812679799,-0.217893551088242));
#5969=CARTESIAN_POINT('',(0.309607518039745,0.0170618699834658,-0.218300204394129));
#5970=CARTESIAN_POINT('',(0.343780783191716,0.0163816388936878,-0.219035454185957));
#5971=CARTESIAN_POINT('',(0.350692059380177,0.0162381277424039,-0.219184043672093));
#5972=CARTESIAN_POINT('',(0.11,0.0103659246941905,-0.21913870762933));
#5973=CARTESIAN_POINT('',(0.133317959439292,0.0113797415120816,-0.218867592554902));
#5974=CARTESIAN_POINT('',(0.179937398934324,0.0134066586582311,-0.218325554009831));
#5975=CARTESIAN_POINT('',(0.253442687658965,0.0170726751829812,-0.217875536609056));
#5976=CARTESIAN_POINT('',(0.309607518039745,0.0157916498273229,-0.218262894180859));
#5977=CARTESIAN_POINT('',(0.343780783191716,0.0151693687539873,-0.218987366557829));
#5978=CARTESIAN_POINT('',(0.350692059380177,0.0150379838349614,-0.219133883778948));
#5979=CARTESIAN_POINT('',(0.11,0.00861803030145011,-0.219278513014444));
#5980=CARTESIAN_POINT('',(0.133317959439292,0.00946896368085138,-0.218998420577466));
#5981=CARTESIAN_POINT('',(0.179937398934324,0.01117022906381,-0.218438433651824));
#5982=CARTESIAN_POINT('',(0.253442687658965,0.0142693011111003,-0.217895442031333));
#5983=CARTESIAN_POINT('',(0.309607518039745,0.0132050767277547,-0.21823913572345));
#5984=CARTESIAN_POINT('',(0.343780783191716,0.0127002903824352,-0.218939292737975));
#5985=CARTESIAN_POINT('',(0.350692059380177,0.0125934991408436,-0.219081094207853));
#5986=CARTESIAN_POINT('',(0.11,0.00773010499960074,-0.219366976223424));
#5987=CARTESIAN_POINT('',(0.133317959439292,0.00849807371828453,-0.219083933329221));
#5988=CARTESIAN_POINT('',(0.179937398934324,0.0100334684130033,-0.218518047574286));
#5989=CARTESIAN_POINT('',(0.253442687658965,0.0128431545465331,-0.217933379517095));
#5990=CARTESIAN_POINT('',(0.309607518039744,0.0118888062509171,-0.218252704986223));
#5991=CARTESIAN_POINT('',(0.343780783191715,0.0114435605607322,-0.218939324041446));
#5992=CARTESIAN_POINT('',(0.350692059380177,0.0113492359175136,-0.219078482010293));
#5993=CARTESIAN_POINT('',(0.11,0.00638189156412887,-0.219527684990304));
#5994=CARTESIAN_POINT('',(0.133317959439292,0.00702355604769313,-0.219242597560773));
#5995=CARTESIAN_POINT('',(0.179937398934324,0.00830643153452617,-0.218672624180108));
#5996=CARTESIAN_POINT('',(0.253442687658965,0.0106746360964984,-0.218033077322201));
#5997=CARTESIAN_POINT('',(0.309607518039744,0.00988672958189086,-0.218312094125854));
#5998=CARTESIAN_POINT('',(0.343780783191715,0.00953166707839991,-0.218976363561825));
#5999=CARTESIAN_POINT('',(0.350692059380177,0.00945623058137995,-0.219111132660909));
#6000=CARTESIAN_POINT('',(0.11,0.00592976616353619,-0.219585923663674));
#6001=CARTESIAN_POINT('',(0.133317959439292,0.00652901965218876,-0.219300551581864));
#6002=CARTESIAN_POINT('',(0.179937398934324,0.00772710312210638,-0.218730009097811));
#6003=CARTESIAN_POINT('',(0.253442687658965,0.00994691322824219,-0.218073441937122));
#6004=CARTESIAN_POINT('',(0.309607518039745,0.0092147586345507,-0.218338396461317));
#6005=CARTESIAN_POINT('',(0.343780783191716,0.00888990259247639,-0.218994875576668));
#6006=CARTESIAN_POINT('',(0.350692059380177,0.00882079352560819,-0.219128111116028));
#6007=CARTESIAN_POINT('',(0.11,0.00502083244810826,-0.219711765660163));
#6008=CARTESIAN_POINT('',(0.133317959439292,0.00553471469578058,-0.21942662990972));
#6009=CARTESIAN_POINT('',(0.179937398934324,0.00656211601772312,-0.218856559921382));
#6010=CARTESIAN_POINT('',(0.253442687658965,0.00848290964513824,-0.218168565556379));
#6011=CARTESIAN_POINT('',(0.309607518039745,0.00786270572751886,-0.218404151471493));
#6012=CARTESIAN_POINT('',(0.343780783191716,0.00759850145128258,-0.219044373705491));
#6013=CARTESIAN_POINT('',(0.350692059380177,0.00754209915089808,-0.219174401732119));
#6014=CARTESIAN_POINT('',(0.11,0.0045640185357031,-0.219779367964016));
#6015=CARTESIAN_POINT('',(0.133317959439292,0.00503494004695349,-0.219494753038429));
#6016=CARTESIAN_POINT('',(0.179937398934324,0.00597645025747615,-0.218925724331725));
#6017=CARTESIAN_POINT('',(0.253442687658965,0.00774662020571665,-0.218223322323666));
#6018=CARTESIAN_POINT('',(0.309607518039744,0.00718261574506991,-0.218443601947158));
#6019=CARTESIAN_POINT('',(0.343780783191715,0.0069488571479153,-0.219075357637125));
#6020=CARTESIAN_POINT('',(0.350692059380177,0.00689883426202585,-0.219203711715401));
#6021=CARTESIAN_POINT('',(0.11,0.00364638067621946,-0.219923948033407));
#6022=CARTESIAN_POINT('',(0.133317959439292,0.00403089346463829,-0.219641189795337));
#6023=CARTESIAN_POINT('',(0.179937398934324,0.00479964729669754,-0.219075873151497));
#6024=CARTESIAN_POINT('',(0.253442687658965,0.00626655586366716,-0.218347325603542));
#6025=CARTESIAN_POINT('',(0.309607518039744,0.00581531258840233,-0.21853575732824));
#6026=CARTESIAN_POINT('',(0.343780783191715,0.00564263832669621,-0.219149908668675));
#6027=CARTESIAN_POINT('',(0.350692059380177,0.00560541658930724,-0.219274775356089));
#6028=CARTESIAN_POINT('',(0.11,0.00318555672914097,-0.220000925798946));
#6029=CARTESIAN_POINT('',(0.133317959439292,0.00352662153115018,-0.219719503423535));
#6030=CARTESIAN_POINT('',(0.179937398934324,0.0042085100961659,-0.219156857560925));
#6031=CARTESIAN_POINT('',(0.253442687658965,0.00552278096103926,-0.218416572116131));
#6032=CARTESIAN_POINT('',(0.309607518039745,0.0051280994141837,-0.218588462233656));
#6033=CARTESIAN_POINT('',(0.343780783191716,0.00498606380884439,-0.219193475768592));
#6034=CARTESIAN_POINT('',(0.350692059380177,0.00495526380546087,-0.219316529013493));
#6035=CARTESIAN_POINT('',(0.11,0.00226058287501972,-0.220164269642179));
#6036=CARTESIAN_POINT('',(0.133317959439292,0.00251432743609796,-0.219886343749344));
#6037=CARTESIAN_POINT('',(0.179937398934324,0.00302163723064402,-0.219330688380833));
#6038=CARTESIAN_POINT('',(0.253442687658965,0.00402883552511007,-0.218569654716596));
#6039=CARTESIAN_POINT('',(0.309607518039745,0.00374755374007312,-0.218707234962839));
#6040=CARTESIAN_POINT('',(0.343780783191716,0.00366694180971242,-0.219293306570549));
#6041=CARTESIAN_POINT('',(0.350692059380177,0.0036490178508542,-0.219412594326072));
#6042=CARTESIAN_POINT('',(0.11,0.00179644479347667,-0.220250643717268));
#6043=CARTESIAN_POINT('',(0.133317959439292,0.00200631805092681,-0.219974879318333));
#6044=CARTESIAN_POINT('',(0.179937398934324,0.0024259162431612,-0.219423545410039));
#6045=CARTESIAN_POINT('',(0.253442687658965,0.0032786826693151,-0.218653504843074));
#6046=CARTESIAN_POINT('',(0.309607518039744,0.00305423736758411,-0.218773316012346));
#6047=CARTESIAN_POINT('',(0.343780783191715,0.00300440961672507,-0.219349583067916));
#6048=CARTESIAN_POINT('',(0.350692059380177,0.002992939794594,-0.219466918684133));
#6049=CARTESIAN_POINT('',(0.11,0.000399956293024632,-0.220523792329562));
#6050=CARTESIAN_POINT('',(0.133317959439292,0.000477664977361526,-0.220255756051356));
#6051=CARTESIAN_POINT('',(0.179937398934324,0.000633027427369819,-0.219719872922869));
#6052=CARTESIAN_POINT('',(0.253442687658965,0.00102010024119523,-0.218926958161651));
#6053=CARTESIAN_POINT('',(0.309607518039744,0.000966464160302311,-0.218991642525409));
#6054=CARTESIAN_POINT('',(0.343780783191715,0.00100914636490655,-0.219537507843311));
#6055=CARTESIAN_POINT('',(0.350692059380177,0.00101707481752955,-0.219648781323332));
#6056=CARTESIAN_POINT('',(0.11,-0.000536509842157829,-0.220724565214761));
#6057=CARTESIAN_POINT('',(0.133317959439292,-0.000547648659002161,-0.22046333597297));
#6058=CARTESIAN_POINT('',(0.179937398934324,-0.000569918420611129,-0.219941062106608));
#6059=CARTESIAN_POINT('',(0.253442687658965,-0.00049651663235953,-0.219138413916607));
#6060=CARTESIAN_POINT('',(0.309607518039745,-0.000435874451400674,-0.21916392403989));
#6061=CARTESIAN_POINT('',(0.343780783191716,-0.000331305943880366,-0.219688205728858));
#6062=CARTESIAN_POINT('',(0.350692059380177,-0.000310396844454116,-0.219795163845072));
#6063=CARTESIAN_POINT('',(0.11,-0.00194638508171934,-0.221053088884149));
#6064=CARTESIAN_POINT('',(0.133317959439292,-0.00209161241792596,-0.220804530159115));
#6065=CARTESIAN_POINT('',(0.179937398934324,-0.00238196445455832,-0.220307588371699));
#6066=CARTESIAN_POINT('',(0.253442687658965,-0.00278286031207119,-0.219498644757985));
#6067=CARTESIAN_POINT('',(0.309607518039745,-0.00255056501655525,-0.219461886490914));
#6068=CARTESIAN_POINT('',(0.343780783191716,-0.00235304927512418,-0.219951889244345));
#6069=CARTESIAN_POINT('',(0.350692059380177,-0.00231263882028739,-0.22005197744365));
#6070=CARTESIAN_POINT('',(0.11,-0.00241722515076451,-0.221167142594372));
#6071=CARTESIAN_POINT('',(0.133317959439292,-0.00260728643116095,-0.220923215692373));
#6072=CARTESIAN_POINT('',(0.179937398934324,-0.0029872746709063,-0.220435534277604));
#6073=CARTESIAN_POINT('',(0.253442687658965,-0.00354690642228245,-0.219625869853056));
#6074=CARTESIAN_POINT('',(0.309607518039744,-0.00325735152655304,-0.219567772627739));
#6075=CARTESIAN_POINT('',(0.343780783191715,-0.00302883234949257,-0.220046032708017));
#6076=CARTESIAN_POINT('',(0.350692059380177,-0.00298191609022165,-0.22014376497942));
#6077=CARTESIAN_POINT('',(0.11,-0.00335991558310375,-0.221404428029115));
#6078=CARTESIAN_POINT('',(0.133317959439292,-0.00363985274580778,-0.221170598675313));
#6079=CARTESIAN_POINT('',(0.179937398934324,-0.00419952923264054,-0.220703105220746));
#6080=CARTESIAN_POINT('',(0.253442687658965,-0.00507767611172804,-0.219894840487976));
#6081=CARTESIAN_POINT('',(0.309607518039744,-0.00467361275672097,-0.219792900253873));
#6082=CARTESIAN_POINT('',(0.343780783191715,-0.00438309595142646,-0.220247042921709));
#6083=CARTESIAN_POINT('',(0.350692059380177,-0.00432316808339374,-0.220339931405838));
#6084=CARTESIAN_POINT('',(0.11,-0.00383176054138109,-0.221527663996992));
#6085=CARTESIAN_POINT('',(0.133317959439292,-0.00415673915674696,-0.221299300879396));
#6086=CARTESIAN_POINT('',(0.179937398934324,-0.00480646671698534,-0.220842736034115));
#6087=CARTESIAN_POINT('',(0.253442687658965,-0.0058443913244135,-0.220036593775557));
#6088=CARTESIAN_POINT('',(0.309607518039745,-0.00538307990642052,-0.21991214897391));
#6089=CARTESIAN_POINT('',(0.343780783191716,-0.00506156933863209,-0.220353916617574));
#6090=CARTESIAN_POINT('',(0.350692059380177,-0.0049951357552293,-0.220444317181603));
#6091=CARTESIAN_POINT('',(0.11,-0.00477566141665995,-0.221783436683742));
#6092=CARTESIAN_POINT('',(0.133317959439292,-0.00519085919907738,-0.221566861606807));
#6093=CARTESIAN_POINT('',(0.179937398934324,-0.00602096133328319,-0.221133864511948));
#6094=CARTESIAN_POINT('',(0.253442687658965,-0.00737924174157788,-0.220334911475273));
#6095=CARTESIAN_POINT('',(0.309607518039745,-0.00680354632088224,-0.220164288559032));
#6096=CARTESIAN_POINT('',(0.343780783191716,-0.00642011247229593,-0.220580672280918));
#6097=CARTESIAN_POINT('',(0.350692059380177,-0.00634067893080681,-0.220665964527931));
#6098=CARTESIAN_POINT('',(0.11,-0.00524771733366147,-0.221915973402615));
#6099=CARTESIAN_POINT('',(0.133317959439292,-0.00570809283044452,-0.221705720130328));
#6100=CARTESIAN_POINT('',(0.179937398934324,-0.00662851846516399,-0.221285362176986));
#6101=CARTESIAN_POINT('',(0.253442687658965,-0.00814737694636258,-0.22049147588498));
#6102=CARTESIAN_POINT('',(0.309607518039745,-0.00751454558473946,-0.220297179431302));
#6103=CARTESIAN_POINT('',(0.343780783191716,-0.00710018221922548,-0.220700554244653));
#6104=CARTESIAN_POINT('',(0.350692059380177,-0.00701425443529685,-0.220783226092554));
#6105=CARTESIAN_POINT('',(0.11,-0.00619125160089741,-0.222190461841348));
#6106=CARTESIAN_POINT('',(0.133317959439292,-0.00674204802694908,-0.221993728389862));
#6107=CARTESIAN_POINT('',(0.179937398934324,-0.00784325161747969,-0.221600400523326));
#6108=CARTESIAN_POINT('',(0.253442687658965,-0.00968382660235349,-0.220819691023109));
#6109=CARTESIAN_POINT('',(0.309607518039745,-0.00893693527701796,-0.220576875622864));
#6110=CARTESIAN_POINT('',(0.343780783191716,-0.00846083125720085,-0.220953597552492));
#6111=CARTESIAN_POINT('',(0.350692059380177,-0.00836193775455671,-0.221030895710369));
#6112=CARTESIAN_POINT('',(0.11,-0.00666272105109369,-0.222332441460896));
#6113=CARTESIAN_POINT('',(0.133317959439292,-0.00725875992037993,-0.222142909656945));
#6114=CARTESIAN_POINT('',(0.179937398934324,-0.00845041642341658,-0.221763979995897));
#6115=CARTESIAN_POINT('',(0.253442687658965,-0.0104521285132015,-0.220991393496119));
#6116=CARTESIAN_POINT('',(0.309607518039744,-0.0096483150978236,-0.220723728029729));
#6117=CARTESIAN_POINT('',(0.343780783191715,-0.00914140100966122,-0.221086803533239));
#6118=CARTESIAN_POINT('',(0.350692059380177,-0.00903603624667313,-0.221161347884891));
#6119=CARTESIAN_POINT('',(0.11,-0.00760484723747124,-0.222624195230165));
#6120=CARTESIAN_POINT('',(0.133317959439292,-0.008291395099106,-0.222449799110033));
#6121=CARTESIAN_POINT('',(0.179937398934324,-0.00966400562187724,-0.222101130119854));
#6122=CARTESIAN_POINT('',(0.253442687658965,-0.0119883529500399,-0.221347344903639));
#6123=CARTESIAN_POINT('',(0.309607518039744,-0.0110709117235472,-0.221029010426124));
#6124=CARTESIAN_POINT('',(0.343780783191715,-0.010502497745881,-0.221364268047741));
#6125=CARTESIAN_POINT('',(0.350692059380177,-0.0103842139548617,-0.221433194852315));
#6126=CARTESIAN_POINT('',(0.11,-0.00807550427961633,-0.222773968420757));
#6127=CARTESIAN_POINT('',(0.133317959439292,-0.00880731872866586,-0.222607506173093));
#6128=CARTESIAN_POINT('',(0.179937398934324,-0.0102704304352403,-0.222274699320788));
#6129=CARTESIAN_POINT('',(0.253442687658965,-0.0127562759728126,-0.221531591793337));
#6130=CARTESIAN_POINT('',(0.309607518039745,-0.0117821289445602,-0.221187438559789));
#6131=CARTESIAN_POINT('',(0.343780783191716,-0.0111830250948262,-0.221508524876071));
#6132=CARTESIAN_POINT('',(0.350692059380177,-0.011058293525859,-0.221574587971043));
#6133=CARTESIAN_POINT('',(0.11,-0.00901579077146711,-0.223079625322933));
#6134=CARTESIAN_POINT('',(0.133317959439292,-0.00983812295980027,-0.222929610798861));
#6135=CARTESIAN_POINT('',(0.179937398934324,-0.0114822061737978,-0.222629687769723));
#6136=CARTESIAN_POINT('',(0.253442687658965,-0.0142912130966157,-0.221909972167296));
#6137=CARTESIAN_POINT('',(0.309607518039744,-0.0132038707667022,-0.2215134263784));
#6138=CARTESIAN_POINT('',(0.343780783191715,-0.0125435067379055,-0.221805761210732));
#6139=CARTESIAN_POINT('',(0.350692059380177,-0.0124059033173554,-0.221866011192586));
#6140=CARTESIAN_POINT('',(0.11,-0.009485417690156,-0.223235498615049));
#6141=CARTESIAN_POINT('',(0.133317959439292,-0.0103530007319673,-0.223093997195977));
#6142=CARTESIAN_POINT('',(0.179937398934324,-0.0120875536730142,-0.222811094360415));
#6143=CARTESIAN_POINT('',(0.253442687658965,-0.0150582224400096,-0.222104090485735));
#6144=CARTESIAN_POINT('',(0.309607518039745,-0.0139143906683368,-0.221680971979099));
#6145=CARTESIAN_POINT('',(0.343780783191716,-0.013223456392699,-0.221958727253383));
#6146=CARTESIAN_POINT('',(0.350692059380177,-0.0130794289127665,-0.222016027960824));
#6147=CARTESIAN_POINT('',(0.11,-0.0108924500592404,-0.223709827980422));
#6148=CARTESIAN_POINT('',(0.133317959439292,-0.0118957049845757,-0.223594512464282));
#6149=CARTESIAN_POINT('',(0.179937398934324,-0.0139015058099664,-0.223363962928354));
#6150=CARTESIAN_POINT('',(0.253442687658965,-0.017357121725887,-0.22269738868748));
#6151=CARTESIAN_POINT('',(0.309607518039745,-0.0160441458816065,-0.222193732794687));
#6152=CARTESIAN_POINT('',(0.343780783191716,-0.0152616789424363,-0.222427305881393));
#6153=CARTESIAN_POINT('',(0.350692059380177,-0.0150984150949292,-0.222475665662894));
#6154=CARTESIAN_POINT('',(0.11,-0.0118280802577117,-0.224035294618745));
#6155=CARTESIAN_POINT('',(0.133317959439292,-0.0129216849375161,-0.223938323114296));
#6156=CARTESIAN_POINT('',(0.179937398934324,-0.0151081214194202,-0.22374444863758));
#6157=CARTESIAN_POINT('',(0.253442687658965,-0.0188870265528129,-0.223107969450125));
#6158=CARTESIAN_POINT('',(0.309607518039744,-0.0174617171541189,-0.222549493728124));
#6159=CARTESIAN_POINT('',(0.343780783191715,-0.0166184642294615,-0.222753001381404));
#6160=CARTESIAN_POINT('',(0.350692059380177,-0.0164424234811076,-0.222795272387829));
#6161=CARTESIAN_POINT('',(0.11,-0.0132289840353667,-0.224536899529053));
#6162=CARTESIAN_POINT('',(0.133317959439292,-0.0144580452742958,-0.224468712823253));
#6163=CARTESIAN_POINT('',(0.179937398934324,-0.01691529914392,-0.2243323876009));
#6164=CARTESIAN_POINT('',(0.253442687658965,-0.021179379168182,-0.223745519320239));
#6165=CARTESIAN_POINT('',(0.309607518039745,-0.0195860904462255,-0.223103171582744));
#6166=CARTESIAN_POINT('',(0.343780783191716,-0.0186519456259976,-0.223260691499134));
#6167=CARTESIAN_POINT('',(0.350692059380177,-0.0184567967250924,-0.223293642823106));
#6168=CARTESIAN_POINT('',(0.11,-0.0136955451486561,-0.224706339269373));
#6169=CARTESIAN_POINT('',(0.133317959439292,-0.0149697486541893,-0.224647959062414));
#6170=CARTESIAN_POINT('',(0.179937398934324,-0.017517255153856,-0.224531239907243));
#6171=CARTESIAN_POINT('',(0.253442687658965,-0.0219431053569789,-0.223961653137605));
#6172=CARTESIAN_POINT('',(0.309607518039745,-0.0202939085595897,-0.22329107367901));
#6173=CARTESIAN_POINT('',(0.343780783191716,-0.0193295132885151,-0.223433115706344));
#6174=CARTESIAN_POINT('',(0.350692059380177,-0.0191280043270073,-0.223462929306921));
#6175=CARTESIAN_POINT('',(0.11,-0.014627915299925,-0.225049590844953));
#6176=CARTESIAN_POINT('',(0.133317959439292,-0.0159923871802684,-0.225011235870972));
#6177=CARTESIAN_POINT('',(0.179937398934324,-0.0187203666346436,-0.224934553029427));
#6178=CARTESIAN_POINT('',(0.253442687658965,-0.0234698563998323,-0.224400978822806));
#6179=CARTESIAN_POINT('',(0.309607518039745,-0.0217090050610597,-0.223673399987965));
#6180=CARTESIAN_POINT('',(0.343780783191716,-0.0206841981867709,-0.223784195888136));
#6181=CARTESIAN_POINT('',(0.350692059380177,-0.0204699868534347,-0.223807673178927));
#6182=CARTESIAN_POINT('',(0.11,-0.0150936776924785,-0.225223391710643));
#6183=CARTESIAN_POINT('',(0.133317959439292,-0.0165032714660934,-0.225195255131406));
#6184=CARTESIAN_POINT('',(0.179937398934324,-0.0193214628182441,-0.225139001857755));
#6185=CARTESIAN_POINT('',(0.253442687658965,-0.0242328070739914,-0.224624159106674));
#6186=CARTESIAN_POINT('',(0.309607518039744,-0.0224162146578605,-0.22386781456524));
#6187=CARTESIAN_POINT('',(0.343780783191715,-0.0213612495316925,-0.223962843307301));
#6188=CARTESIAN_POINT('',(0.350692059380177,-0.0211406964957788,-0.223983122228029));
#6189=CARTESIAN_POINT('',(0.11,-0.0160238793651855,-0.225575112659788));
#6190=CARTESIAN_POINT('',(0.133317959439292,-0.0175236458770162,-0.225567809299225));
#6191=CARTESIAN_POINT('',(0.179937398934324,-0.0205221189782751,-0.225553207739563));
#6192=CARTESIAN_POINT('',(0.253442687658965,-0.0257570732263456,-0.225077242831199));
#6193=CARTESIAN_POINT('',(0.309607518039744,-0.0238292267872678,-0.224262870648673));
#6194=CARTESIAN_POINT('',(0.343780783191715,-0.022714070391501,-0.224326096492995));
#6195=CARTESIAN_POINT('',(0.350692059380177,-0.0224808592655636,-0.224339922242738));
#6196=CARTESIAN_POINT('',(0.11,-0.0164883186453391,-0.225753032743244));
#6197=CARTESIAN_POINT('',(0.133317959439292,-0.018033136002114,-0.225756344206609));
#6198=CARTESIAN_POINT('',(0.179937398934324,-0.0211216789547055,-0.225762964793045));
#6199=CARTESIAN_POINT('',(0.253442687658965,-0.0265183887045405,-0.225307146271854));
#6200=CARTESIAN_POINT('',(0.309607518039745,-0.0245350293198742,-0.22446351215483));
#6201=CARTESIAN_POINT('',(0.343780783191716,-0.0233898399063878,-0.224510702259524));
#6202=CARTESIAN_POINT('',(0.350692059380177,-0.0231503123930042,-0.224521273208345));
#6203=CARTESIAN_POINT('',(0.11,-0.0174153963470082,-0.226112761189889));
#6204=CARTESIAN_POINT('',(0.133317959439292,-0.0190501978852844,-0.226137683602972));
#6205=CARTESIAN_POINT('',(0.179937398934324,-0.0223186456068131,-0.226187510815846));
#6206=CARTESIAN_POINT('',(0.253442687658965,-0.0280385989635365,-0.225773364584201));
#6207=CARTESIAN_POINT('',(0.309607518039745,-0.0259444975645666,-0.22487074617931));
#6208=CARTESIAN_POINT('',(0.343780783191716,-0.0247393974845041,-0.224885615830771));
#6209=CARTESIAN_POINT('',(0.350692059380177,-0.0244872688598172,-0.224889624746372));
#6210=CARTESIAN_POINT('',(0.11,-0.0178780259017157,-0.226294568582705));
#6211=CARTESIAN_POINT('',(0.133317959439292,-0.0195577600062669,-0.226330487159492));
#6212=CARTESIAN_POINT('',(0.179937398934324,-0.0229160411053801,-0.22640229892851));
#6213=CARTESIAN_POINT('',(0.253442687658965,-0.0287974798822852,-0.226009679022858));
#6214=CARTESIAN_POINT('',(0.309607518039745,-0.0266481504294357,-0.225077338495036));
#6215=CARTESIAN_POINT('',(0.343780783191716,-0.0254131732539692,-0.225075923563812));
#6216=CARTESIAN_POINT('',(0.350692059380177,-0.0251547600212856,-0.225076625272707));
#6217=CARTESIAN_POINT('',(0.11,-0.0192625675051833,-0.226845484527076));
#6218=CARTESIAN_POINT('',(0.133317959439292,-0.0210768594386973,-0.226914940547235));
#6219=CARTESIAN_POINT('',(0.179937398934324,-0.0247041611003625,-0.227053803501251));
#6220=CARTESIAN_POINT('',(0.253442687658965,-0.0310694236336172,-0.226727775341278));
#6221=CARTESIAN_POINT('',(0.309607518039745,-0.0287549114581354,-0.22570562969993));
#6222=CARTESIAN_POINT('',(0.343780783191716,-0.0274305768557265,-0.225655015926734));
#6223=CARTESIAN_POINT('',(0.350692059380177,-0.0271533658970673,-0.225645723163468));
#6224=CARTESIAN_POINT('',(0.11,-0.0201811859588582,-0.227220092695755));
#6225=CARTESIAN_POINT('',(0.133317959439292,-0.0220848681496534,-0.227312638739383));
#6226=CARTESIAN_POINT('',(0.179937398934324,-0.0258908871515563,-0.227497665422042));
#6227=CARTESIAN_POINT('',(0.253442687658965,-0.0325778724730207,-0.227218712882313));
#6228=CARTESIAN_POINT('',(0.309607518039745,-0.0301539006308555,-0.226135844081748));
#6229=CARTESIAN_POINT('',(0.343780783191716,-0.0287703560940643,-0.22605197015996));
#6230=CARTESIAN_POINT('',(0.350692059380177,-0.0284806873903793,-0.226035917123938));
#6231=CARTESIAN_POINT('',(0.11,-0.0220072660266441,-0.227982285647341));
#6232=CARTESIAN_POINT('',(0.133317959439292,-0.0240888609362528,-0.228122348281657));
#6233=CARTESIAN_POINT('',(0.179937398934324,-0.0282505796404269,-0.228402374564531));
#6234=CARTESIAN_POINT('',(0.253442687658965,-0.0355784769523593,-0.228222581012328));
#6235=CARTESIAN_POINT('',(0.309607518039745,-0.0329371793232204,-0.22701680686959));
#6236=CARTESIAN_POINT('',(0.343780783191716,-0.0314360836622152,-0.226865625626196));
#6237=CARTESIAN_POINT('',(0.350692059380177,-0.0311216783626152,-0.226835885153843));
#6238=CARTESIAN_POINT('',(0.11,-0.0229147556967962,-0.22836988777787));
#6239=CARTESIAN_POINT('',(0.133317959439292,-0.0250848757988106,-0.228534378199668));
#6240=CARTESIAN_POINT('',(0.179937398934324,-0.0294235823248345,-0.228863242793778));
#6241=CARTESIAN_POINT('',(0.253442687658965,-0.0370706788636114,-0.22873553584974));
#6242=CARTESIAN_POINT('',(0.309607518039745,-0.0343215119529343,-0.227467576970142));
#6243=CARTESIAN_POINT('',(0.343780783191716,-0.0327620734032987,-0.227282347158149));
#6244=CARTESIAN_POINT('',(0.350692059380177,-0.0324353888939931,-0.227245679236228));
#6245=CARTESIAN_POINT('',(0.11,-0.0247159392706034,-0.229156197623716));
#6246=CARTESIAN_POINT('',(0.133317959439292,-0.0270619753182985,-0.229370740470896));
#6247=CARTESIAN_POINT('',(0.179937398934324,-0.0317523894114969,-0.229799674542478));
#6248=CARTESIAN_POINT('',(0.253442687658965,-0.0400343643846277,-0.229780760171755));
#6249=CARTESIAN_POINT('',(0.309607518039745,-0.0370713548615361,-0.228387246886666));
#6250=CARTESIAN_POINT('',(0.343780783191716,-0.0353962625961895,-0.228133282500737));
#6251=CARTESIAN_POINT('',(0.350692059380177,-0.035045233099594,-0.22808262350742));
#6252=CARTESIAN_POINT('',(0.11,-0.0256096252290037,-0.22955490853588));
#6253=CARTESIAN_POINT('',(0.133317959439292,-0.0280430513499863,-0.229795076402999));
#6254=CARTESIAN_POINT('',(0.179937398934324,-0.0329081838290152,-0.230275242404617));
#6255=CARTESIAN_POINT('',(0.253442687658965,-0.0415058357732882,-0.230313035594102));
#6256=CARTESIAN_POINT('',(0.309607518039745,-0.0384368539469427,-0.228856152374642));
#6257=CARTESIAN_POINT('',(0.343780783191716,-0.03670445140951,-0.228567501842888));
#6258=CARTESIAN_POINT('',(0.350692059380177,-0.0363413562507305,-0.228509779196718));
#6259=CARTESIAN_POINT('',(0.11,-0.0273804324381192,-0.230361443200965));
#6260=CARTESIAN_POINT('',(0.133317959439292,-0.0299872241793538,-0.23065390873151));
#6261=CARTESIAN_POINT('',(0.179937398934324,-0.0351989653770786,-0.231238633099915));
#6262=CARTESIAN_POINT('',(0.253442687658965,-0.044423414140021,-0.231394044075078));
#6263=CARTESIAN_POINT('',(0.309607518039745,-0.0411447004669859,-0.229809527254801));
#6264=CARTESIAN_POINT('',(0.343780783191716,-0.039298880467202,-0.229451025901744));
#6265=CARTESIAN_POINT('',(0.350692059380177,-0.0389119035905493,-0.229379072417335));
#6266=CARTESIAN_POINT('',(0.11,-0.0282575529411908,-0.230769251689489));
#6267=CARTESIAN_POINT('',(0.133317959439292,-0.0309503199441542,-0.231088388450458));
#6268=CARTESIAN_POINT('',(0.179937398934324,-0.0363339509044749,-0.231726436430486));
#6269=CARTESIAN_POINT('',(0.253442687658965,-0.0458695179830518,-0.231942752791343));
#6270=CARTESIAN_POINT('',(0.309607518039745,-0.0424870446655497,-0.230293974248771));
#6271=CARTESIAN_POINT('',(0.343780783191716,-0.0405851174154065,-0.229900309273008));
#6272=CARTESIAN_POINT('',(0.350692059380177,-0.0401863244737382,-0.22982118882312));
#6273=CARTESIAN_POINT('',(0.11,-0.0299924674785224,-0.231591804531175));
#6274=CARTESIAN_POINT('',(0.133317959439292,-0.0328554884212289,-0.231965164818394));
#6275=CARTESIAN_POINT('',(0.179937398934323,-0.0385795069383299,-0.232711621529806));
#6276=CARTESIAN_POINT('',(0.253442687658965,-0.048731702981928,-0.233053474698388));
#6277=CARTESIAN_POINT('',(0.309607518039745,-0.0451442367160895,-0.231275593496256));
#6278=CARTESIAN_POINT('',(0.343780783191716,-0.0431314672689438,-0.230811294281354));
#6279=CARTESIAN_POINT('',(0.350692059380177,-0.0427093276412324,-0.230717771648981));
#6280=CARTESIAN_POINT('',(0.11,-0.0308502663848098,-0.232006554888261));
#6281=CARTESIAN_POINT('',(0.133317959439292,-0.0337975665691787,-0.23240746801328));
#6282=CARTESIAN_POINT('',(0.179937398934324,-0.0396900840073622,-0.233209010928011));
#6283=CARTESIAN_POINT('',(0.253442687658965,-0.0501477928769882,-0.233615497202257));
#6284=CARTESIAN_POINT('',(0.309607518039745,-0.0464590927328396,-0.231772774170511));
#6285=CARTESIAN_POINT('',(0.343780783191716,-0.0443915880331569,-0.231273003855712));
#6286=CARTESIAN_POINT('',(0.350692059380177,-0.0439579177190946,-0.231172245906335));
#6287=CARTESIAN_POINT('',(0.11,-0.0321202182887533,-0.232632048937415));
#6288=CARTESIAN_POINT('',(0.133317959439292,-0.0351924344281137,-0.233074811092254));
#6289=CARTESIAN_POINT('',(0.179937398934324,-0.0413346954950589,-0.233960022490871));
#6290=CARTESIAN_POINT('',(0.253442687658965,-0.0522456075834626,-0.234465846228346));
#6291=CARTESIAN_POINT('',(0.309607518039745,-0.0484072058664102,-0.232525689569605));
#6292=CARTESIAN_POINT('',(0.343780783191716,-0.0462587648235168,-0.231972626069508));
#6293=CARTESIAN_POINT('',(0.350692059380177,-0.0458080416555207,-0.231860993527227));
#6294=CARTESIAN_POINT('',(0.11,-0.0325407450936725,-0.232841109022514));
#6295=CARTESIAN_POINT('',(0.133317959439292,-0.0356543494564143,-0.233297907529626));
#6296=CARTESIAN_POINT('',(0.179937398934324,-0.0418793577200327,-0.234211181712948));
#6297=CARTESIAN_POINT('',(0.253442687658965,-0.0529404934263526,-0.234750516048371));
#6298=CARTESIAN_POINT('',(0.309607518039744,-0.0490525493365886,-0.232777852951353));
#6299=CARTESIAN_POINT('',(0.343780783191715,-0.0468773239051482,-0.232207010588807));
#6300=CARTESIAN_POINT('',(0.350692059380177,-0.0464209569753592,-0.232091749570078));
#6301=CARTESIAN_POINT('',(0.11,-0.0333758369827897,-0.233260041451662));
#6302=CARTESIAN_POINT('',(0.133317959439292,-0.0365716779578587,-0.233745062012058));
#6303=CARTESIAN_POINT('',(0.179937398934324,-0.042961101327466,-0.234714760356725));
#6304=CARTESIAN_POINT('',(0.253442687658965,-0.0543208504761003,-0.235321842790074));
#6305=CARTESIAN_POINT('',(0.309607518039744,-0.0503345809256618,-0.233284154463326));
#6306=CARTESIAN_POINT('',(0.343780783191715,-0.0481061986939871,-0.232677749858024));
#6307=CARTESIAN_POINT('',(0.350692059380177,-0.0476386302005904,-0.232555229686768));
#6308=CARTESIAN_POINT('',(0.11,-0.0337903992346682,-0.233469910593405));
#6309=CARTESIAN_POINT('',(0.133317959439292,-0.037027088303399,-0.233969116601295));
#6310=CARTESIAN_POINT('',(0.179937398934324,-0.0434981789919635,-0.234967175815738));
#6311=CARTESIAN_POINT('',(0.253442687658965,-0.0550063168351416,-0.235608494972943));
#6312=CARTESIAN_POINT('',(0.309607518039744,-0.0509712644961302,-0.233538288290061));
#6313=CARTESIAN_POINT('',(0.343780783191715,-0.0487165100130132,-0.23291410054079));
#6314=CARTESIAN_POINT('',(0.350692059380177,-0.0482433837519718,-0.232787949742287));
#6315=CARTESIAN_POINT('',(0.11,-0.0346131332806376,-0.233890094976811));
#6316=CARTESIAN_POINT('',(0.133317959439292,-0.0379309345989264,-0.234417792796623));
#6317=CARTESIAN_POINT('',(0.179937398934324,-0.0445641924625568,-0.235472815499035));
#6318=CARTESIAN_POINT('',(0.253442687658965,-0.0563671087320711,-0.236183252116164));
#6319=CARTESIAN_POINT('',(0.309607518039744,-0.0522352983117685,-0.234048048692252));
#6320=CARTESIAN_POINT('',(0.343780783191715,-0.049928237305649,-0.233388318663108));
#6321=CARTESIAN_POINT('',(0.350692059380177,-0.049444086982796,-0.233254910284101));
#6322=CARTESIAN_POINT('',(0.11,-0.0350213050747286,-0.234100410218475));
#6323=CARTESIAN_POINT('',(0.133317959439292,-0.0383793705489134,-0.234642414402715));
#6324=CARTESIAN_POINT('',(0.179937398934324,-0.0450931282686527,-0.235726039723319));
#6325=CARTESIAN_POINT('',(0.253442687658965,-0.0570424342699594,-0.236471357076516));
#6326=CARTESIAN_POINT('',(0.309607518039745,-0.0528626485569384,-0.234303675267708));
#6327=CARTESIAN_POINT('',(0.343780783191716,-0.0505296532792589,-0.233626186102659));
#6328=CARTESIAN_POINT('',(0.350692059380177,-0.0500400366622389,-0.233489150770397));
#6329=CARTESIAN_POINT('',(0.11,-0.0358308351326964,-0.234521127047301));
#6330=CARTESIAN_POINT('',(0.133317959439292,-0.0392688014681447,-0.23509183695257));
#6331=CARTESIAN_POINT('',(0.179937398934324,-0.0461423044424795,-0.236232853428183));
#6332=CARTESIAN_POINT('',(0.253442687658965,-0.0583822280350955,-0.237048494928153));
#6333=CARTESIAN_POINT('',(0.309607518039745,-0.0541073468448179,-0.234815947774567));
#6334=CARTESIAN_POINT('',(0.343780783191716,-0.0517229466864337,-0.234102992399013));
#6335=CARTESIAN_POINT('',(0.350692059380177,-0.0512224943997164,-0.233958712610196));
#6336=CARTESIAN_POINT('',(0.11,-0.0362321982082221,-0.234731533371184));
#6337=CARTESIAN_POINT('',(0.133317959439292,-0.0397098017468633,-0.235316643005191));
#6338=CARTESIAN_POINT('',(0.179937398934324,-0.0466625511149838,-0.236486448761633));
#6339=CARTESIAN_POINT('',(0.253442687658965,-0.0590467044509949,-0.237337534787279));
#6340=CARTESIAN_POINT('',(0.309607518039745,-0.0547247025509305,-0.235072600014322));
#6341=CARTESIAN_POINT('',(0.343780783191716,-0.0523148315008178,-0.234341937205146));
#6342=CARTESIAN_POINT('',(0.350692059380177,-0.0518090097784996,-0.234194039838971));
#6343=CARTESIAN_POINT('',(0.11,-0.0374253876863696,-0.235362298083318));
#6344=CARTESIAN_POINT('',(0.133317959439292,-0.0410208917893718,-0.235990701074032));
#6345=CARTESIAN_POINT('',(0.179937398934324,-0.0482093589629443,-0.237247062947392));
#6346=CARTESIAN_POINT('',(0.253442687658965,-0.0610226969493444,-0.238205194280202));
#6347=CARTESIAN_POINT('',(0.309607518039745,-0.0565606918406364,-0.235843317061189));
#6348=CARTESIAN_POINT('',(0.343780783191716,-0.0540751447418633,-0.235059655444236));
#6349=CARTESIAN_POINT('',(0.350692059380177,-0.0535533688130561,-0.234900928869942));
#6350=CARTESIAN_POINT('',(0.11,-0.0382062969489512,-0.235782185091268));
#6351=CARTESIAN_POINT('',(0.133317959439292,-0.0418790515253495,-0.236439574494107));
#6352=CARTESIAN_POINT('',(0.179937398934324,-0.0492219650508782,-0.237753888706297));
#6353=CARTESIAN_POINT('',(0.253442687658965,-0.0623167463900279,-0.238784328393155));
#6354=CARTESIAN_POINT('',(0.309607518039745,-0.0577632196590657,-0.236358119198678));
#6355=CARTESIAN_POINT('',(0.343780783191716,-0.0552282050827294,-0.2355392910287));
#6356=CARTESIAN_POINT('',(0.350692059380177,-0.0546959987071186,-0.235373376621551));
#6357=CARTESIAN_POINT('',(0.11,-0.0397350423978214,-0.236617256905799));
#6358=CARTESIAN_POINT('',(0.133317959439292,-0.0435591885858083,-0.237332598035819));
#6359=CARTESIAN_POINT('',(0.179937398934324,-0.051204778342286,-0.23876277474644));
#6360=CARTESIAN_POINT('',(0.253442687658965,-0.0648515511311642,-0.239938932046687));
#6361=CARTESIAN_POINT('',(0.309607518039745,-0.0601190547107315,-0.237385144509186));
#6362=CARTESIAN_POINT('',(0.343780783191716,-0.0574873120874295,-0.23649658394502));
#6363=CARTESIAN_POINT('',(0.350692059380177,-0.0569347072014014,-0.236316412499407));
#6364=CARTESIAN_POINT('',(0.11,-0.0404828878338908,-0.237032449770538));
#6365=CARTESIAN_POINT('',(0.133317959439292,-0.0443811762397983,-0.237776756950134));
#6366=CARTESIAN_POINT('',(0.179937398934324,-0.0521749980339625,-0.239264845288877));
#6367=CARTESIAN_POINT('',(0.253442687658965,-0.0660923229734203,-0.240514414010694));
#6368=CARTESIAN_POINT('',(0.309607518039745,-0.0612723772775188,-0.237897378812167));
#6369=CARTESIAN_POINT('',(0.343780783191716,-0.0585933734367703,-0.236974251704459));
#6370=CARTESIAN_POINT('',(0.350692059380177,-0.0580308003497319,-0.236787010908545));
#6371=CARTESIAN_POINT('',(0.11,-0.0415761189908099,-0.237648464001401));
#6372=CARTESIAN_POINT('',(0.133317959439292,-0.0455829041282878,-0.238435951386969));
#6373=CARTESIAN_POINT('',(0.179937398934324,-0.0535936427082463,-0.240010369621125));
#6374=CARTESIAN_POINT('',(0.253442687658965,-0.067907182172343,-0.241370140428649));
#6375=CARTESIAN_POINT('',(0.309607518039745,-0.0629595363700233,-0.238659510960063));
#6376=CARTESIAN_POINT('',(0.343780783191716,-0.0602115216679489,-0.237685236983676));
#6377=CARTESIAN_POINT('',(0.350692059380177,-0.0596343909547151,-0.237487533118754));
#6378=CARTESIAN_POINT('',(0.11,-0.0419357840738731,-0.237852682055484));
#6379=CARTESIAN_POINT('',(0.133317959439292,-0.045978283129076,-0.238654518732618));
#6380=CARTESIAN_POINT('',(0.179937398934324,-0.0540604243045681,-0.240257625408906));
#6381=CARTESIAN_POINT('',(0.253442687658965,-0.0685044371325527,-0.241654146440334));
#6382=CARTESIAN_POINT('',(0.309607518039745,-0.0635148023847365,-0.238912530452226));
#6383=CARTESIAN_POINT('',(0.343780783191716,-0.0607440969040188,-0.237921323969269));
#6384=CARTESIAN_POINT('',(0.350692059380177,-0.0601621792896372,-0.23772015576164));
#6385=CARTESIAN_POINT('',(0.11,-0.0426449106814162,-0.238258260015235));
#6386=CARTESIAN_POINT('',(0.133317959439292,-0.0467578608858723,-0.239088658999123));
#6387=CARTESIAN_POINT('',(0.179937398934324,-0.0549808545702864,-0.240748870103225));
#6388=CARTESIAN_POINT('',(0.253442687658965,-0.0696823427834939,-0.24221878342669));
#6389=CARTESIAN_POINT('',(0.309607518039745,-0.0646099655722429,-0.239415705605209));
#6390=CARTESIAN_POINT('',(0.343780783191716,-0.061794547318809,-0.238390915018092));
#6391=CARTESIAN_POINT('',(0.350692059380177,-0.0612031963250014,-0.238182874706344));
#6392=CARTESIAN_POINT('',(0.11,-0.0429943618725236,-0.23845961121172));
#6393=CARTESIAN_POINT('',(0.133317959439292,-0.0471420482364496,-0.239304222527842));
#6394=CARTESIAN_POINT('',(0.179937398934324,-0.0554344896908932,-0.240992848252203));
#6395=CARTESIAN_POINT('',(0.253442687658965,-0.0702629759139942,-0.242499401657653));
#6396=CARTESIAN_POINT('',(0.309607518039744,-0.0651498463627645,-0.239665849780317));
#6397=CARTESIAN_POINT('',(0.343780783191715,-0.0623124067503143,-0.238624408281251));
#6398=CARTESIAN_POINT('',(0.350692059380177,-0.0617164094128495,-0.238412960349244));
#6399=CARTESIAN_POINT('',(0.11,-0.043682245497467,-0.238858751179159));
#6400=CARTESIAN_POINT('',(0.133317959439292,-0.0478983434842263,-0.239731596041644));
#6401=CARTESIAN_POINT('',(0.179937398934324,-0.0563275598361362,-0.241476668905381));
#6402=CARTESIAN_POINT('',(0.253442687658965,-0.0714062558582668,-0.243056234033423));
#6403=CARTESIAN_POINT('',(0.309607518039744,-0.0662129486695004,-0.240162345799861));
#6404=CARTESIAN_POINT('',(0.343780783191715,-0.0633321845359359,-0.239087938202106));
#6405=CARTESIAN_POINT('',(0.350692059380177,-0.0627270454129149,-0.238869742899521));
#6406=CARTESIAN_POINT('',(0.11,-0.0440206855369427,-0.239056545487575));
#6407=CARTESIAN_POINT('',(0.133317959439292,-0.0482704597340021,-0.23994341196349));
#6408=CARTESIAN_POINT('',(0.179937398934324,-0.0567670047066942,-0.24171651814466));
#6409=CARTESIAN_POINT('',(0.253442687658965,-0.0719689152850399,-0.243332456029469));
#6410=CARTESIAN_POINT('',(0.309607518039745,-0.066736181960793,-0.240408704710061));
#6411=CARTESIAN_POINT('',(0.343780783191716,-0.0638341142121988,-0.239317981496607));
#6412=CARTESIAN_POINT('',(0.350692059380177,-0.0632244795514532,-0.239096446355581));
#6413=CARTESIAN_POINT('',(0.11,-0.0446857181123599,-0.239447859909586));
#6414=CARTESIAN_POINT('',(0.133317959439292,-0.0490016988164549,-0.240362523228146));
#6415=CARTESIAN_POINT('',(0.179937398934324,-0.0576306100134285,-0.242191203449886));
#6416=CARTESIAN_POINT('',(0.253442687658965,-0.0730748442117967,-0.243879457089968));
#6417=CARTESIAN_POINT('',(0.309607518039745,-0.0677646786752133,-0.240896692913214));
#6418=CARTESIAN_POINT('',(0.343780783191716,-0.0648207720683717,-0.239773729564465));
#6419=CARTESIAN_POINT('',(0.350692059380177,-0.064202307873616,-0.239545594018468));
#6420=CARTESIAN_POINT('',(0.11,-0.045012280137006,-0.239641357808717));
#6421=CARTESIAN_POINT('',(0.133317959439292,-0.0493607880729322,-0.240569794706346));
#6422=CARTESIAN_POINT('',(0.179937398934324,-0.0580547307457622,-0.242426012352091));
#6423=CARTESIAN_POINT('',(0.253442687658965,-0.0736180626521145,-0.24415020437071));
#6424=CARTESIAN_POINT('',(0.309607518039745,-0.0682698944939409,-0.241138293639788));
#6425=CARTESIAN_POINT('',(0.343780783191716,-0.0653054545068979,-0.239999407525923));
#6426=CARTESIAN_POINT('',(0.350692059380177,-0.0646826567100107,-0.239768011773831));
#6427=CARTESIAN_POINT('',(0.11,-0.0456522238325325,-0.240023000618178));
#6428=CARTESIAN_POINT('',(0.133317959439292,-0.0500645039454793,-0.240978655394897));
#6429=CARTESIAN_POINT('',(0.179937398934324,-0.0588859459029623,-0.242889289563266));
#6430=CARTESIAN_POINT('',(0.253442687658965,-0.0746828589054444,-0.244684689851576));
#6431=CARTESIAN_POINT('',(0.309607518039744,-0.0692602563441209,-0.241615354528629));
#6432=CARTESIAN_POINT('',(0.343780783191715,-0.0662555993187248,-0.24044509861686));
#6433=CARTESIAN_POINT('',(0.350692059380177,-0.0656243130938904,-0.240207279138668));
#6434=CARTESIAN_POINT('',(0.11,-0.0459656056417077,-0.240211145661308));
#6435=CARTESIAN_POINT('',(0.133317959439292,-0.0504091307125524,-0.241180244746985));
#6436=CARTESIAN_POINT('',(0.179937398934324,-0.0592930405042399,-0.243117758031843));
#6437=CARTESIAN_POINT('',(0.253442687658965,-0.0752044369428249,-0.244948428237847));
#6438=CARTESIAN_POINT('',(0.309607518039745,-0.0697454025870167,-0.241850814860551));
#6439=CARTESIAN_POINT('',(0.343780783191716,-0.0667210618962357,-0.24066511190682));
#6440=CARTESIAN_POINT('',(0.350692059380177,-0.0660856208440499,-0.240424128906734));
#6441=CARTESIAN_POINT('',(0.11,-0.046577916512801,-0.24058104785034));
#6442=CARTESIAN_POINT('',(0.133317959439292,-0.0510825189176146,-0.24157662664386));
#6443=CARTESIAN_POINT('',(0.179937398934324,-0.0600885402123646,-0.243567080630533));
#6444=CARTESIAN_POINT('',(0.253442687658965,-0.0762238028916213,-0.245467392586991));
#6445=CARTESIAN_POINT('',(0.309607518039745,-0.0706936197104862,-0.242314240451951));
#6446=CARTESIAN_POINT('',(0.343780783191716,-0.0676308390647765,-0.241098200311408));
#6447=CARTESIAN_POINT('',(0.350692059380177,-0.0669872835870528,-0.240851003654664));
#6448=CARTESIAN_POINT('',(0.11,-0.0468768425560664,-0.240762802097521));
#6449=CARTESIAN_POINT('',(0.133317959439292,-0.0514112770397084,-0.241771416076343));
#6450=CARTESIAN_POINT('',(0.179937398934324,-0.0604769414090411,-0.243787931221331));
#6451=CARTESIAN_POINT('',(0.253442687658965,-0.0767215857708281,-0.245722614374835));
#6452=CARTESIAN_POINT('',(0.309607518039744,-0.0711566858707114,-0.242542201923362));
#6453=CARTESIAN_POINT('',(0.343780783191715,-0.068075149102909,-0.241311271848477));
#6454=CARTESIAN_POINT('',(0.350692059380177,-0.0674276340625926,-0.241061025100378));
#6455=CARTESIAN_POINT('',(0.11,-0.0474588132958148,-0.24111873778622));
#6456=CARTESIAN_POINT('',(0.133317959439292,-0.0520513528016827,-0.242152921724997));
#6457=CARTESIAN_POINT('',(0.179937398934324,-0.0612331861511989,-0.244220558718966));
#6458=CARTESIAN_POINT('',(0.253442687658965,-0.0776909455211634,-0.246222821165857));
#6459=CARTESIAN_POINT('',(0.309607518039744,-0.0720584881644569,-0.242989075383974));
#6460=CARTESIAN_POINT('',(0.343780783191715,-0.0689404535012006,-0.241729015007358));
#6461=CARTESIAN_POINT('',(0.350692059380177,-0.0682852329975975,-0.24147280053722));
#6462=CARTESIAN_POINT('',(0.11,-0.0477418675085738,-0.241292925516209));
#6463=CARTESIAN_POINT('',(0.133317959439292,-0.0523626808641806,-0.242339644659212));
#6464=CARTESIAN_POINT('',(0.179937398934324,-0.0616010419313398,-0.244432343202691));
#6465=CARTESIAN_POINT('',(0.253442687658965,-0.07816253796466,-0.246467814908168));
#6466=CARTESIAN_POINT('',(0.309607518039744,-0.0724972388405717,-0.243207995225035));
#6467=CARTESIAN_POINT('',(0.343780783191715,-0.0693614618447251,-0.241933693995133));
#6468=CARTESIAN_POINT('',(0.350692059380177,-0.0687024953222641,-0.241674561794652));
#6469=CARTESIAN_POINT('',(0.11,-0.0482906324559753,-0.24163252291178));
#6470=CARTESIAN_POINT('',(0.133317959439292,-0.0529662846523182,-0.242703719195811));
#6471=CARTESIAN_POINT('',(0.179937398934324,-0.0623142846449728,-0.244845354722741));
#6472=CARTESIAN_POINT('',(0.253442687658965,-0.0790770463048147,-0.246945813275796));
#6473=CARTESIAN_POINT('',(0.309607518039745,-0.0733481044965811,-0.243635205955415));
#6474=CARTESIAN_POINT('',(0.343780783191716,-0.0701779461453921,-0.242333166853482));
#6475=CARTESIAN_POINT('',(0.350692059380177,-0.0695117200995223,-0.242068351053769));
#6476=CARTESIAN_POINT('',(0.11,-0.0485562227664945,-0.241797852999631));
#6477=CARTESIAN_POINT('',(0.133317959439292,-0.0532584281284523,-0.24288098555661));
#6478=CARTESIAN_POINT('',(0.179937398934324,-0.0626595156865524,-0.245046485193772));
#6479=CARTESIAN_POINT('',(0.253442687658965,-0.0795197627552077,-0.247178705970856));
#6480=CARTESIAN_POINT('',(0.309607518039744,-0.073760033560717,-0.243843396459596));
#6481=CARTESIAN_POINT('',(0.343780783191715,-0.0705732434867179,-0.242527866639389));
#6482=CARTESIAN_POINT('',(0.350692059380177,-0.0699035054789629,-0.242260286263165));
#6483=CARTESIAN_POINT('',(0.11,-0.0489374813376993,-0.242036363210278));
#6484=CARTESIAN_POINT('',(0.133317959439292,-0.0536778189313257,-0.243136739095777));
#6485=CARTESIAN_POINT('',(0.179937398934324,-0.0631551440037635,-0.245336713203693));
#6486=CARTESIAN_POINT('',(0.253442687658965,-0.0801554255737601,-0.247514903914954));
#6487=CARTESIAN_POINT('',(0.309607518039744,-0.0743515181652444,-0.244143986483881));
#6488=CARTESIAN_POINT('',(0.343780783191715,-0.0711408629470023,-0.242809010531204));
#6489=CARTESIAN_POINT('',(0.350692059380177,-0.0704660852962486,-0.242537444837817));
#6490=CARTESIAN_POINT('',(0.11,-0.049061713045672,-0.242114285793638));
#6491=CARTESIAN_POINT('',(0.133317959439292,-0.0538144784637288,-0.243220299275162));
#6492=CARTESIAN_POINT('',(0.179937398934324,-0.0633166504019742,-0.245431544590895));
#6493=CARTESIAN_POINT('',(0.253442687658965,-0.0803625778704381,-0.247624779713238));
#6494=CARTESIAN_POINT('',(0.309607518039744,-0.0745442782014742,-0.244242233869978));
#6495=CARTESIAN_POINT('',(0.343780783191715,-0.071325848341813,-0.242900907530635));
#6496=CARTESIAN_POINT('',(0.350692059380177,-0.0706494288600312,-0.242628040322793));
#6497=CARTESIAN_POINT('',(0.11,-0.0492432865527623,-0.242228450687616));
#6498=CARTESIAN_POINT('',(0.133317959439292,-0.0540142195614484,-0.243342729338633));
#6499=CARTESIAN_POINT('',(0.179937398934324,-0.0635527138414627,-0.245570499152151));
#6500=CARTESIAN_POINT('',(0.253442687658965,-0.0806653776915071,-0.247785810465371));
#6501=CARTESIAN_POINT('',(0.309607518039744,-0.0748260468396656,-0.244386234336067));
#6502=CARTESIAN_POINT('',(0.343780783191715,-0.0715962561288288,-0.243035607730251));
#6503=CARTESIAN_POINT('',(0.350692059380177,-0.0709174374254747,-0.242760834351747));
#6504=CARTESIAN_POINT('',(0.11,-0.0493030123392495,-0.24226605056407));
#6505=CARTESIAN_POINT('',(0.133317959439292,-0.0540799218917754,-0.243383052266717));
#6506=CARTESIAN_POINT('',(0.179937398934324,-0.0636303650356967,-0.245616266259049));
#6507=CARTESIAN_POINT('',(0.253442687658965,-0.0807649845167215,-0.247838854206893));
#6508=CARTESIAN_POINT('',(0.309607518039745,-0.074918736478434,-0.244433670316969));
#6509=CARTESIAN_POINT('',(0.343780783191716,-0.071685209186042,-0.243079981327193));
#6510=CARTESIAN_POINT('',(0.350692059380177,-0.0710056013684545,-0.242804580273253));
#6511=CARTESIAN_POINT('',(0.11,-0.0494208050627429,-0.242340295247894));
#6512=CARTESIAN_POINT('',(0.133317959439292,-0.0542095027679402,-0.243462675624936));
#6513=CARTESIAN_POINT('',(0.179937398934324,-0.0637835138862228,-0.245706643164813));
#6514=CARTESIAN_POINT('',(0.253442687658965,-0.0809614416367848,-0.247943610597707));
#6515=CARTESIAN_POINT('',(0.309607518039745,-0.0751015527582439,-0.244527355796777));
#6516=CARTESIAN_POINT('',(0.343780783191716,-0.0718606568805727,-0.243167621053098));
#6517=CARTESIAN_POINT('',(0.350692059380177,-0.0711794928994963,-0.242890980818348));
#6518=CARTESIAN_POINT('',(0.11,-0.0494788797107702,-0.242376944937187));
#6519=CARTESIAN_POINT('',(0.133317959439292,-0.0542733897941445,-0.243501981289505));
#6520=CARTESIAN_POINT('',(0.179937398934324,-0.0638590215610286,-0.245751258902888));
#6521=CARTESIAN_POINT('',(0.253442687658965,-0.0810583047771858,-0.247995330129782));
#6522=CARTESIAN_POINT('',(0.309607518039745,-0.0751916913552513,-0.244573611453008));
#6523=CARTESIAN_POINT('',(0.343780783191716,-0.0719471629942036,-0.243210892943584));
#6524=CARTESIAN_POINT('',(0.350692059380177,-0.0712652318625615,-0.242933641122327));
#6525=CARTESIAN_POINT('',(0.11,-0.0497652042970187,-0.242557853031901));
#6526=CARTESIAN_POINT('',(0.133317959439292,-0.0545883735958017,-0.24369600381888));
#6527=CARTESIAN_POINT('',(0.179937398934324,-0.0642313035393208,-0.245971501033289));
#6528=CARTESIAN_POINT('',(0.253442687658965,-0.0815358916165417,-0.248250664080055));
#6529=CARTESIAN_POINT('',(0.309607518039745,-0.0756361276938282,-0.244801980149441));
#6530=CARTESIAN_POINT('',(0.343780783191716,-0.0723736920845247,-0.243424536299722));
#6531=CARTESIAN_POINT('',(0.350692059380177,-0.0716879790404216,-0.243144266145766));
#6532=CARTESIAN_POINT('',(0.11,-0.0499813082735763,-0.242695090382061));
#6533=CARTESIAN_POINT('',(0.133317959439292,-0.0548261163831609,-0.243843203303285));
#6534=CARTESIAN_POINT('',(0.179937398934324,-0.0645123086555958,-0.246138617745692));
#6535=CARTESIAN_POINT('',(0.253442687658965,-0.0818964287275491,-0.248444487367949));
#6536=CARTESIAN_POINT('',(0.309607518039745,-0.0759716554960175,-0.244975364435469));
#6537=CARTESIAN_POINT('',(0.343780783191716,-0.0726957106277148,-0.243586759476492));
#6538=CARTESIAN_POINT('',(0.350692059380177,-0.0720071443428183,-0.243304201375856));
#6539=CARTESIAN_POINT('',(0.11,-0.0502107128650213,-0.242841387057956));
#6540=CARTESIAN_POINT('',(0.133317959439292,-0.0550784987455981,-0.244000131487752));
#6541=CARTESIAN_POINT('',(0.179937398934324,-0.0648106303210536,-0.246316801433752));
#6542=CARTESIAN_POINT('',(0.253442687658965,-0.0822792236631537,-0.24865121554488));
#6543=CARTESIAN_POINT('',(0.309607518039745,-0.0763279117258245,-0.245160319256673));
#6544=CARTESIAN_POINT('',(0.343780783191716,-0.0730376317094846,-0.243759824834642));
#6545=CARTESIAN_POINT('',(0.350692059380177,-0.072346037610433,-0.243474829310431));
#6546=CARTESIAN_POINT('',(0.11,-0.0502360118143182,-0.242857529808847));
#6547=CARTESIAN_POINT('',(0.133317959439292,-0.0551063318098503,-0.244017447518867));
#6548=CARTESIAN_POINT('',(0.179937398934324,-0.0648435298242941,-0.246336463196128));
#6549=CARTESIAN_POINT('',(0.253442687658965,-0.0823214396377447,-0.248674028078122));
#6550=CARTESIAN_POINT('',(0.309607518039744,-0.0763672011326411,-0.245180729479854));
#6551=CARTESIAN_POINT('',(0.343780783191715,-0.0730753403049685,-0.243778923267274));
#6552=CARTESIAN_POINT('',(0.350692059380177,-0.0723834123110349,-0.243493658814282));
#6553=CARTESIAN_POINT('',(0.11,-0.0502862318091424,-0.242889591585555));
#6554=CARTESIAN_POINT('',(0.133317959439292,-0.0551615823839297,-0.244051839927405));
#6555=CARTESIAN_POINT('',(0.179937398934324,-0.0649088380016481,-0.246375515221211));
#6556=CARTESIAN_POINT('',(0.253442687658965,-0.0824052429066388,-0.248719340096549));
#6557=CARTESIAN_POINT('',(0.309607518039744,-0.076445195262241,-0.245221270592883));
#6558=CARTESIAN_POINT('',(0.343780783191715,-0.0731501965838054,-0.243816859217625));
#6559=CARTESIAN_POINT('',(0.350692059380177,-0.0724576058171576,-0.243531060678214));
#6560=CARTESIAN_POINT('',(0.11,-0.050311163694751,-0.24290551762571));
#6561=CARTESIAN_POINT('',(0.133317959439292,-0.0551890118194823,-0.244068923830021));
#6562=CARTESIAN_POINT('',(0.179937398934324,-0.0649412607720076,-0.246394914030459));
#6563=CARTESIAN_POINT('',(0.253442687658965,-0.0824468482915205,-0.248741849506759));
#6564=CARTESIAN_POINT('',(0.309607518039745,-0.0764839168243076,-0.245241410367117));
#6565=CARTESIAN_POINT('',(0.343780783191716,-0.0731873604318611,-0.243835705052075));
#6566=CARTESIAN_POINT('',(0.350692059380177,-0.072494440644865,-0.24354964123862));
#6567=CARTESIAN_POINT('',(0.11,-0.0503852737813907,-0.242952882152105));
#6568=CARTESIAN_POINT('',(0.133317959439292,-0.0552705463249614,-0.244119732439944));
#6569=CARTESIAN_POINT('',(0.179937398934324,-0.0650376388681437,-0.246452608373417));
#6570=CARTESIAN_POINT('',(0.253442687658965,-0.0825705241692444,-0.24880879812385));
#6571=CARTESIAN_POINT('',(0.309607518039745,-0.0765990207070986,-0.245301312064959));
#6572=CARTESIAN_POINT('',(0.343780783191716,-0.0732978341103686,-0.243891758791648));
#6573=CARTESIAN_POINT('',(0.350692059380177,-0.0726039363261284,-0.243604906091293));
#6574=CARTESIAN_POINT('',(0.11,-0.0504337421704376,-0.24298389135803));
#6575=CARTESIAN_POINT('',(0.133317959439292,-0.0553238708619478,-0.244152997181753));
#6576=CARTESIAN_POINT('',(0.179937398934324,-0.0651006722690484,-0.246490382592951));
#6577=CARTESIAN_POINT('',(0.253442687658965,-0.082651413512264,-0.248852635292544));
#6578=CARTESIAN_POINT('',(0.309607518039745,-0.0766743042314969,-0.245340536318278));
#6579=CARTESIAN_POINT('',(0.343780783191716,-0.0733700896376653,-0.243928464186406));
#6580=CARTESIAN_POINT('',(0.350692059380177,-0.0726755522688882,-0.243641095074763));
#6581=CARTESIAN_POINT('',(0.11,-0.0505746047825524,-0.243074090173628));
#6582=CARTESIAN_POINT('',(0.133317959439292,-0.0554788480471408,-0.244249758539911));
#6583=CARTESIAN_POINT('',(0.179937398934324,-0.0652838686252766,-0.246600264398318));
#6584=CARTESIAN_POINT('',(0.253442687658965,-0.0828865113616924,-0.248980162896784));
#6585=CARTESIAN_POINT('',(0.309607518039745,-0.0768931107870369,-0.245454647554553));
#6586=CARTESIAN_POINT('',(0.343780783191716,-0.073580096440035,-0.244035249522439));
#6587=CARTESIAN_POINT('',(0.350692059380177,-0.0728837003378549,-0.243746378448198));
#6588=CARTESIAN_POINT('',(0.11,-0.0506624564505946,-0.243130450981125));
#6589=CARTESIAN_POINT('',(0.133317959439292,-0.055575504269581,-0.244310222288992));
#6590=CARTESIAN_POINT('',(0.179937398934324,-0.0653981277341147,-0.246668931130916));
#6591=CARTESIAN_POINT('',(0.253442687658965,-0.0830331496884708,-0.249059869430484));
#6592=CARTESIAN_POINT('',(0.309607518039745,-0.0770295898005239,-0.245525973013826));
#6593=CARTESIAN_POINT('',(0.343780783191716,-0.0737110879355881,-0.244101998615472));
#6594=CARTESIAN_POINT('',(0.350692059380177,-0.0730135327047489,-0.243812189261185));
#6595=CARTESIAN_POINT('',(0.11,-0.0507782386470584,-0.243204825119368));
#6596=CARTESIAN_POINT('',(0.133317959439292,-0.0557028916486401,-0.244390012686671));
#6597=CARTESIAN_POINT('',(0.179937398934324,-0.0655487172766925,-0.246759550219663));
#6598=CARTESIAN_POINT('',(0.253442687658965,-0.0832264210064121,-0.249165068732364));
#6599=CARTESIAN_POINT('',(0.309607518039745,-0.0772094729843748,-0.245620114603541));
#6600=CARTESIAN_POINT('',(0.343780783191716,-0.0738837396022979,-0.244190102345042));
#6601=CARTESIAN_POINT('',(0.350692059380177,-0.073184656836202,-0.243899055038542));
#6602=CARTESIAN_POINT('',(0.11,-0.0508141668282799,-0.243227921986615));
#6603=CARTESIAN_POINT('',(0.133317959439292,-0.0557424212825597,-0.24441479194824));
#6604=CARTESIAN_POINT('',(0.179937398934324,-0.0655954472707719,-0.246787693080887));
#6605=CARTESIAN_POINT('',(0.253442687658965,-0.0832863970836881,-0.249197741749879));
#6606=CARTESIAN_POINT('',(0.309607518039745,-0.0772652948229284,-0.24564935403358));
#6607=CARTESIAN_POINT('',(0.343780783191716,-0.0739373175617646,-0.244217466936569));
#6608=CARTESIAN_POINT('',(0.350692059380177,-0.073237760810205,-0.243926035223973));
#6609=CARTESIAN_POINT('',(0.11,-0.0508550248874372,-0.243254205194147));
#6610=CARTESIAN_POINT('',(0.133317959439292,-0.0557873751986809,-0.244442989989443));
#6611=CARTESIAN_POINT('',(0.179937398934324,-0.0656485900061766,-0.246819719436169));
#6612=CARTESIAN_POINT('',(0.253442687658965,-0.0833546048722188,-0.249234925345488));
#6613=CARTESIAN_POINT('',(0.309607518039745,-0.0773287785821799,-0.245682630742981));
#6614=CARTESIAN_POINT('',(0.343780783191716,-0.0739982496808042,-0.244248610380828));
#6615=CARTESIAN_POINT('',(0.350692059380177,-0.0732981539299965,-0.243956741271136));
#6616=CARTESIAN_POINT('',(0.11,-0.0508629938909002,-0.243259332441826));
#6617=CARTESIAN_POINT('',(0.133317959439292,-0.0557961430755913,-0.244448490795895));
#6618=CARTESIAN_POINT('',(0.179937398934324,-0.0656589550653978,-0.246825967096163));
#6619=CARTESIAN_POINT('',(0.253442687658965,-0.0833679083145217,-0.249242179180796));
#6620=CARTESIAN_POINT('',(0.309607518039744,-0.0773411606570832,-0.245689122455954));
#6621=CARTESIAN_POINT('',(0.343780783191715,-0.0740101340880975,-0.244254685954922));
#6622=CARTESIAN_POINT('',(0.350692059380177,-0.0733099332115692,-0.243962731521338));
#6623=CARTESIAN_POINT('',(0.11,-0.0508785086857883,-0.243269316406126));
#6624=CARTESIAN_POINT('',(0.133317959439292,-0.0558132132144324,-0.244459202202382));
#6625=CARTESIAN_POINT('',(0.179937398934324,-0.0656791347929444,-0.246838132872923));
#6626=CARTESIAN_POINT('',(0.253442687658965,-0.0833938089010999,-0.249256304436141));
#6627=CARTESIAN_POINT('',(0.309607518039744,-0.0773652674652325,-0.245701763719002));
#6628=CARTESIAN_POINT('',(0.343780783191715,-0.0740332720050255,-0.244266516919914));
#6629=CARTESIAN_POINT('',(0.350692059380177,-0.0733328664625989,-0.243974396344715));
#6630=CARTESIAN_POINT('',(0.11,-0.0508860503236433,-0.243274170449978));
#6631=CARTESIAN_POINT('',(0.133317959439292,-0.0558215109043726,-0.244464409933645));
#6632=CARTESIAN_POINT('',(0.179937398934324,-0.0656889440527344,-0.246844047729049));
#6633=CARTESIAN_POINT('',(0.253442687658965,-0.0834063990977838,-0.249263172067359));
#6634=CARTESIAN_POINT('',(0.309607518039744,-0.0773769857339999,-0.245707909879312));
#6635=CARTESIAN_POINT('',(0.343780783191715,-0.074044519310787,-0.244272269138789));
#6636=CARTESIAN_POINT('',(0.350692059380177,-0.073344014283234,-0.243980067790513));
#6637=CARTESIAN_POINT('',(0.11,-0.0509080724654809,-0.243288347160833));
#6638=CARTESIAN_POINT('',(0.133317959439292,-0.0558457407598339,-0.244479619643787));
#6639=CARTESIAN_POINT('',(0.179937398934324,-0.0657175877751969,-0.246861322707718));
#6640=CARTESIAN_POINT('',(0.253442687658965,-0.0834431633905322,-0.249283229946345));
#6641=CARTESIAN_POINT('',(0.309607518039744,-0.0774112040324933,-0.245725860729921));
#6642=CARTESIAN_POINT('',(0.343780783191715,-0.0740773624175803,-0.244289069499574));
#6643=CARTESIAN_POINT('',(0.350692059380177,-0.0733765668971372,-0.243996632256144));
#6644=CARTESIAN_POINT('',(0.11,-0.0509219562656947,-0.24329728831179));
#6645=CARTESIAN_POINT('',(0.133317959439292,-0.0558610164036477,-0.24448921233837));
#6646=CARTESIAN_POINT('',(0.179937398934324,-0.0657356461225599,-0.246872218029091));
#6647=CARTESIAN_POINT('',(0.253442687658965,-0.0834663414290866,-0.249295880763763));
#6648=CARTESIAN_POINT('',(0.309607518039745,-0.0774327770708632,-0.245737182780099));
#6649=CARTESIAN_POINT('',(0.343780783191716,-0.0740980685335923,-0.244299666011373));
#6650=CARTESIAN_POINT('',(0.350692059380177,-0.0733970898852942,-0.244007080003412));
#6651=CARTESIAN_POINT('',(0.11,-0.050988184756052,-0.24333995410812));
#6652=CARTESIAN_POINT('',(0.133317959439292,-0.0559338842500744,-0.244534987362569));
#6653=CARTESIAN_POINT('',(0.179937398934324,-0.0658217879889269,-0.246924209311659));
#6654=CARTESIAN_POINT('',(0.253442687658965,-0.0835769056620803,-0.24935625044323));
#6655=CARTESIAN_POINT('',(0.309607518039745,-0.0775356856202088,-0.245791212296741));
#6656=CARTESIAN_POINT('',(0.343780783191716,-0.0741968419595839,-0.244350233655471));
#6657=CARTESIAN_POINT('',(0.350692059380177,-0.0734949898082984,-0.244056937820476));
#6658=CARTESIAN_POINT('',(0.11,-0.0510309579140599,-0.243367558878133));
#6659=CARTESIAN_POINT('',(0.133317959439292,-0.0559809453347613,-0.244564604346042));
#6660=CARTESIAN_POINT('',(0.179937398934324,-0.0658774218965872,-0.246957849299971));
#6661=CARTESIAN_POINT('',(0.253442687658965,-0.0836483139771851,-0.249395316082405));
#6662=CARTESIAN_POINT('',(0.309607518039745,-0.077602151203675,-0.245826177560464));
#6663=CARTESIAN_POINT('',(0.343780783191716,-0.07426063780736,-0.24438296004308));
#6664=CARTESIAN_POINT('',(0.350692059380177,-0.0735582216898039,-0.244089205132438));
#6665=CARTESIAN_POINT('',(0.11,-0.0510737310720678,-0.243395163648145));
#6666=CARTESIAN_POINT('',(0.133317959439292,-0.0560280064194483,-0.244594221329515));
#6667=CARTESIAN_POINT('',(0.179937398934324,-0.0659330558042475,-0.246991489288284));
#6668=CARTESIAN_POINT('',(0.253442687658965,-0.0837197222922898,-0.249434381721579));
#6669=CARTESIAN_POINT('',(0.309607518039745,-0.0776686167871412,-0.245861142824187));
#6670=CARTESIAN_POINT('',(0.343780783191716,-0.0743244336551363,-0.244415686430689));
#6671=CARTESIAN_POINT('',(0.350692059380177,-0.0736214535713094,-0.2441214724444));
#6672=CARTESIAN_POINT('',(0.18205,-0.0355507041555161,-0.231110637890812));
#6673=CARTESIAN_POINT('',(0.182731043327357,-0.0343711025103781,-0.230586670732071));
#6674=CARTESIAN_POINT('',(0.183414403391517,-0.0331874881593898,-0.230074842360279));
#6675=CARTESIAN_POINT('',(0.1841,-0.032,-0.229575191752163));
#6676=CARTESIAN_POINT('',(0.18205,-0.0355507041555161,-0.231110637890812));
#6677=CARTESIAN_POINT('',(0.1841,-0.032,-0.229575191752163));
#6678=CARTESIAN_POINT('',(0.17795,-0.0355507041555161,-0.231286337093754));
#6679=CARTESIAN_POINT('',(0.179316667652481,-0.0355507041555161,-0.23122779369859));
#6680=CARTESIAN_POINT('',(0.180683333476068,-0.0355507041555161,-0.231169207623103));
#6681=CARTESIAN_POINT('',(0.18205,-0.0355507041555161,-0.231110637890812));
#6682=CARTESIAN_POINT('',(0.17795,-0.0355507041555161,-0.231286337093754));
#6683=CARTESIAN_POINT('',(0.1759,-0.032,-0.229891580952175));
#6684=CARTESIAN_POINT('',(0.176584601694117,-0.0331857649171576,-0.230349011157642));
#6685=CARTESIAN_POINT('',(0.177267927630642,-0.0343693201573486,-0.230814035350723));
#6686=CARTESIAN_POINT('',(0.17795,-0.0355507041555161,-0.231286337093754));
#6687=CARTESIAN_POINT('',(0.1759,-0.032,-0.229891580952175));
#6688=CARTESIAN_POINT('',(0.17795,-0.0284492958444837,-0.228405707586177));
#6689=CARTESIAN_POINT('',(0.177264449491755,-0.0296367041559195,-0.228888681411952));
#6690=CARTESIAN_POINT('',(0.176581089547158,-0.0308203182998179,-0.229383988724132));
#6691=CARTESIAN_POINT('',(0.1759,-0.0319999999999999,-0.229891580952175));
#6692=CARTESIAN_POINT('',(0.17795,-0.0284492958444837,-0.228405707586177));
#6693=CARTESIAN_POINT('',(0.18205,-0.0284492958444837,-0.228263867763792));
#6694=CARTESIAN_POINT('',(0.180683334295183,-0.0284492958444838,-0.228311175507341));
#6695=CARTESIAN_POINT('',(0.179316668176719,-0.0284492958444838,-0.228358471302929));
#6696=CARTESIAN_POINT('',(0.17795,-0.0284492958444838,-0.228405707586177));
#6697=CARTESIAN_POINT('',(0.18205,-0.0284492958444837,-0.228263867763792));
#6698=CARTESIAN_POINT('',(0.1841,-0.032,-0.229575191752163));
#6699=CARTESIAN_POINT('',(0.183417856115005,-0.0308184921331154,-0.229130677791189));
#6700=CARTESIAN_POINT('',(0.182734529033442,-0.0296349349096614,-0.228693465571998));
#6701=CARTESIAN_POINT('',(0.18205,-0.0284492958444838,-0.228263867763792));
#6702=CARTESIAN_POINT('',(0.13205,-0.0355507041555162,-0.2332981008498));
#6703=CARTESIAN_POINT('',(0.132730199892259,-0.0343725633828208,-0.232694840661564));
#6704=CARTESIAN_POINT('',(0.133413582216558,-0.0331889104761396,-0.232106049198094));
#6705=CARTESIAN_POINT('',(0.1341,-0.032,-0.231531651789379));
#6706=CARTESIAN_POINT('',(0.13205,-0.0355507041555162,-0.2332981008498));
#6707=CARTESIAN_POINT('',(0.1341,-0.032,-0.231531651789379));
#6708=CARTESIAN_POINT('',(0.12795,-0.0355507041555162,-0.233489428439884));
#6709=CARTESIAN_POINT('',(0.129316640268446,-0.0355507041555162,-0.233425088001527));
#6710=CARTESIAN_POINT('',(0.130683308188268,-0.0355507041555162,-0.233361336896459));
#6711=CARTESIAN_POINT('',(0.13205,-0.0355507041555162,-0.2332981008498));
#6712=CARTESIAN_POINT('',(0.12795,-0.0355507041555162,-0.233489428439884));
#6713=CARTESIAN_POINT('',(0.1259,-0.032,-0.23187270545628));
#6714=CARTESIAN_POINT('',(0.126585142222807,-0.0331867011403118,-0.232402394903077));
#6715=CARTESIAN_POINT('',(0.127268474636624,-0.0343702675995027,-0.232941393209466));
#6716=CARTESIAN_POINT('',(0.12795,-0.0355507041555162,-0.233489428439885));
#6717=CARTESIAN_POINT('',(0.1259,-0.032,-0.23187270545628));
#6718=CARTESIAN_POINT('',(0.12795,-0.0284492958444838,-0.230166388660508));
#6719=CARTESIAN_POINT('',(0.127263637289478,-0.029638110931529,-0.230720496582171));
#6720=CARTESIAN_POINT('',(0.126580256019629,-0.0308217620118487,-0.231289251783662));
#6721=CARTESIAN_POINT('',(0.1259,-0.0319999999999999,-0.23187270545628));
#6722=CARTESIAN_POINT('',(0.12795,-0.0284492958444838,-0.230166388660509));
#6723=CARTESIAN_POINT('',(0.13205,-0.0284492958444838,-0.230015150933933));
#6724=CARTESIAN_POINT('',(0.130683319873565,-0.0284492958444838,-0.230065198059836));
#6725=CARTESIAN_POINT('',(0.129316652500587,-0.0284492958444837,-0.230115592694709));
#6726=CARTESIAN_POINT('',(0.12795,-0.0284492958444837,-0.230166388660508));
#6727=CARTESIAN_POINT('',(0.13205,-0.0284492958444837,-0.230015150933934));
#6728=CARTESIAN_POINT('',(0.1341,-0.032,-0.231531651789379));
#6729=CARTESIAN_POINT('',(0.133418353187498,-0.0308193530879287,-0.231017075747157));
#6730=CARTESIAN_POINT('',(0.132735025657595,-0.0296357950879274,-0.230511455327437));
#6731=CARTESIAN_POINT('',(0.13205,-0.0284492958444839,-0.230015150933933));
#6732=CARTESIAN_POINT('',(0.18205,0.0115507041555162,-0.218466504129684));
#6733=CARTESIAN_POINT('',(0.182734000005767,0.0103659813931512,-0.218526763750503));
#6734=CARTESIAN_POINT('',(0.183417396607455,0.00918230375730772,-0.218610975241028));
#6735=CARTESIAN_POINT('',(0.1841,0.00799999999999997,-0.21871706473528));
#6736=CARTESIAN_POINT('',(0.18205,0.0115507041555162,-0.218466504129683));
#6737=CARTESIAN_POINT('',(0.1841,0.008,-0.218717064735281));
#6738=CARTESIAN_POINT('',(0.1841,0.00799999999999997,-0.218717064735281));
#6739=CARTESIAN_POINT('',(0.18341553940992,0.00681447948220302,-0.218833931378767));
#6740=CARTESIAN_POINT('',(0.182732131480659,0.00563078222642791,-0.218973865796261));
#6741=CARTESIAN_POINT('',(0.18205,0.00444929584448364,-0.219136306311584));
#6742=CARTESIAN_POINT('',(0.18205,0.00444929584448374,-0.219136306311585));
#6743=CARTESIAN_POINT('',(0.18205,0.00444929584448369,-0.219136306311584));
#6744=CARTESIAN_POINT('',(0.18068333279105,0.00444929584448369,-0.219148259283447));
#6745=CARTESIAN_POINT('',(0.179316666147242,0.00444929584448377,-0.219160276745344));
#6746=CARTESIAN_POINT('',(0.17795,0.00444929584448377,-0.219172350494972));
#6747=CARTESIAN_POINT('',(0.17795,0.00444929584448379,-0.219172350494972));
#6748=CARTESIAN_POINT('',(0.17795,0.00444929584448378,-0.219172350494972));
#6749=CARTESIAN_POINT('',(0.177267740925338,0.00563100322572327,-0.219020196817383));
#6750=CARTESIAN_POINT('',(0.176584354565222,0.00681466312264292,-0.218889243059471));
#6751=CARTESIAN_POINT('',(0.1759,0.00799999999999997,-0.218781059391307));
#6752=CARTESIAN_POINT('',(0.1759,0.008,-0.218781059391307));
#6753=CARTESIAN_POINT('',(0.1759,0.00799999999999999,-0.218781059391307));
#6754=CARTESIAN_POINT('',(0.176582458674961,0.00918205309909824,-0.218662337633265));
#6755=CARTESIAN_POINT('',(0.177265872499867,0.0103657605664304,-0.218567159086058));
#6756=CARTESIAN_POINT('',(0.17795,0.0115507041555162,-0.218496601763498));
#6757=CARTESIAN_POINT('',(0.17795,0.0115507041555162,-0.218496601763497));
#6758=CARTESIAN_POINT('',(0.17795,0.0115507041555162,-0.218496601763498));
#6759=CARTESIAN_POINT('',(0.17931666565585,0.0115507041555162,-0.218486431926915));
#6760=CARTESIAN_POINT('',(0.180683332316471,0.0115507041555162,-0.218476397734132));
#6761=CARTESIAN_POINT('',(0.18205,0.0115507041555162,-0.218466504129684));
#6762=CARTESIAN_POINT('',(0.125927817225144,-0.0423853136563083,-0.239908904072741));
#6763=CARTESIAN_POINT('',(0.135594164655296,-0.042646725105474,-0.239760907586046));
#6764=CARTESIAN_POINT('',(0.154930472265248,-0.0430088582277918,-0.239447307709598));
#6765=CARTESIAN_POINT('',(0.174267833895216,-0.0432538048130127,-0.239108524933981));
#6766=CARTESIAN_POINT('',(0.183936565566685,-0.0433564092826873,-0.238927025947609));
#6767=CARTESIAN_POINT('',(0.125927817225144,-0.0423853136563084,-0.239908904072741));
#6768=CARTESIAN_POINT('',(0.183936565566685,-0.0433564092826879,-0.238927025947609));
#6769=CARTESIAN_POINT('',(0.183936565566685,-0.0433564092826878,-0.238927025947609));
#6770=CARTESIAN_POINT('',(0.185874333848312,-0.0433769728574817,-0.238890650651357));
#6771=CARTESIAN_POINT('',(0.189718832683349,-0.042545358771894,-0.23852922541454));
#6772=CARTESIAN_POINT('',(0.192604959416606,-0.0399262722576991,-0.237646441139785));
#6773=CARTESIAN_POINT('',(0.193525005289199,-0.0382941253814486,-0.237131569418361));
#6774=CARTESIAN_POINT('',(0.193525005289199,-0.0382941253814487,-0.237131569418361));
#6775=CARTESIAN_POINT('',(0.193525005289199,-0.0382941253814487,-0.237131569418361));
#6776=CARTESIAN_POINT('',(0.194464553754214,-0.0366273812136438,-0.236605783748372));
#6777=CARTESIAN_POINT('',(0.194960562810049,-0.0347413865901143,-0.236037421406247));
#6778=CARTESIAN_POINT('',(0.194965305440128,-0.0328357702274545,-0.235484554303614));
#6779=CARTESIAN_POINT('',(0.194965305440128,-0.0328357702274545,-0.235484554303614));
#6780=CARTESIAN_POINT('',(0.194965305440128,-0.0328357702274545,-0.235484554303614));
#6781=CARTESIAN_POINT('',(0.194973979146572,-0.0293506245066115,-0.234473426117115));
#6782=CARTESIAN_POINT('',(0.194990479502289,-0.0223571886982337,-0.232538677712069));
#6783=CARTESIAN_POINT('',(0.195007645647874,-0.0135618843117301,-0.230320924565019));
#6784=CARTESIAN_POINT('',(0.195022022084057,-0.00650316513338834,-0.228633829093269));
#6785=CARTESIAN_POINT('',(0.195036367194652,0.000604375461490374,-0.227166142553101));
#6786=CARTESIAN_POINT('',(0.195044242025004,0.00597433157672233,-0.226278436938311));
#6787=CARTESIAN_POINT('',(0.195049321765377,0.00956454961365565,-0.225751750092961));
#6788=CARTESIAN_POINT('',(0.195049321765377,0.00956454961365566,-0.225751750092961));
#6789=CARTESIAN_POINT('',(0.195049321765377,0.00956454961365566,-0.225751750092961));
#6790=CARTESIAN_POINT('',(0.19505136555719,0.0110090443497265,-0.225539841967092));
#6791=CARTESIAN_POINT('',(0.19449558965171,0.0138740807799755,-0.225131554502168));
#6792=CARTESIAN_POINT('',(0.192087499685031,0.0175437483130625,-0.224602084580307));
#6793=CARTESIAN_POINT('',(0.188443947104395,0.0200054521932477,-0.224197163951746));
#6794=CARTESIAN_POINT('',(0.185526631194749,0.02058727709504,-0.224049822200234));
#6795=CARTESIAN_POINT('',(0.184066458686877,0.0205841952188295,-0.224017583151073));
#6796=CARTESIAN_POINT('',(0.184066458686877,0.0205841952188295,-0.224017583151073));
#6797=CARTESIAN_POINT('',(0.184066458686877,0.0205841952188295,-0.224017583151074));
#6798=CARTESIAN_POINT('',(0.164733493459176,0.0205433905842455,-0.223590731931077));
#6799=CARTESIAN_POINT('',(0.145399450206108,0.0205041211836555,-0.223213629816259));
#6800=CARTESIAN_POINT('',(0.126066463186136,0.0204113688244975,-0.222795281510023));
#6801=CARTESIAN_POINT('',(0.126066463186136,0.0204113688244977,-0.222795281510023));
#6802=CARTESIAN_POINT('',(0.126066463186136,0.0204113688244975,-0.222795281510023));
#6803=CARTESIAN_POINT('',(0.124605120359636,0.0204043578543584,-0.222763659376534));
#6804=CARTESIAN_POINT('',(0.121709800021197,0.0198365802688525,-0.222815631741884));
#6805=CARTESIAN_POINT('',(0.118022516878509,0.0174120505172166,-0.223197639492382));
#6806=CARTESIAN_POINT('',(0.116004723738643,0.0143663537977759,-0.223683396800006));
#6807=CARTESIAN_POINT('',(0.115182687268406,0.0115989472541938,-0.224146890715295));
#6808=CARTESIAN_POINT('',(0.11504539083615,0.010185798037493,-0.224394829313792));
#6809=CARTESIAN_POINT('',(0.115044439279455,0.00946673186142378,-0.224524716569068));
#6810=CARTESIAN_POINT('',(0.115044439279455,0.00946673186142377,-0.224524716569068));
#6811=CARTESIAN_POINT('',(0.115044439279455,0.00946673186142378,-0.224524716569068));
#6812=CARTESIAN_POINT('',(0.115039634845523,0.00583614846843265,-0.225180520621132));
#6813=CARTESIAN_POINT('',(0.115029440445282,-0.0013931894201257,-0.226622615579357));
#6814=CARTESIAN_POINT('',(0.115006043915302,-0.0120307612024265,-0.229652683067614));
#6815=CARTESIAN_POINT('',(0.114982246642599,-0.0226026322882962,-0.232920789651123));
#6816=CARTESIAN_POINT('',(0.114961882494816,-0.0295701353406704,-0.235341374654215));
#6817=CARTESIAN_POINT('',(0.11495106414997,-0.0330327263753495,-0.236611318605177));
#6818=CARTESIAN_POINT('',(0.11495106414997,-0.0330327263753495,-0.236611318605176));
#6819=CARTESIAN_POINT('',(0.11495106414997,-0.0330327263753495,-0.236611318605177));
#6820=CARTESIAN_POINT('',(0.114949424437453,-0.0335575436134751,-0.236803801191264));
#6821=CARTESIAN_POINT('',(0.114984607876071,-0.0340814364297878,-0.236996875099594));
#6822=CARTESIAN_POINT('',(0.115056539424241,-0.0346013676698941,-0.237189186714264));
#6823=CARTESIAN_POINT('',(0.115056539424241,-0.0346013676698941,-0.237189186714264));
#6824=CARTESIAN_POINT('',(0.115056539424241,-0.0346013676698941,-0.237189186714264));
#6825=CARTESIAN_POINT('',(0.115218069422421,-0.0357689289751043,-0.237621043049315));
#6826=CARTESIAN_POINT('',(0.11608869085146,-0.037998111975037,-0.238449424670157));
#6827=CARTESIAN_POINT('',(0.118750619310717,-0.0405651931681642,-0.23938295914906));
#6828=CARTESIAN_POINT('',(0.122195258487578,-0.0420183081809716,-0.239863277447364));
#6829=CARTESIAN_POINT('',(0.124679404485598,-0.0423515522603152,-0.239928017879764));
#6830=CARTESIAN_POINT('',(0.125927817225144,-0.0423853136563088,-0.239908904072741));
#6831=CARTESIAN_POINT('',(0.13205,0.0115507041555162,-0.218878676125944));
#6832=CARTESIAN_POINT('',(0.132734178539675,0.0103656721633507,-0.218934432421023));
#6833=CARTESIAN_POINT('',(0.133417609177378,0.00918193557539939,-0.219020760193777));
#6834=CARTESIAN_POINT('',(0.1341,0.00799999999999994,-0.219134153424831));
#6835=CARTESIAN_POINT('',(0.13205,0.0115507041555162,-0.218878676125944));
#6836=CARTESIAN_POINT('',(0.1341,0.008,-0.219134153424832));
#6837=CARTESIAN_POINT('',(0.1341,0.00799999999999996,-0.219134153424832));
#6838=CARTESIAN_POINT('',(0.133415200848988,0.00681389307746675,-0.219259954194919));
#6839=CARTESIAN_POINT('',(0.132731766257963,0.00563014964216104,-0.219413341625434));
#6840=CARTESIAN_POINT('',(0.13205,0.00444929584448382,-0.219593338493861));
#6841=CARTESIAN_POINT('',(0.13205,0.00444929584448381,-0.219593338493861));
#6842=CARTESIAN_POINT('',(0.13205,0.00444929584448381,-0.219593338493861));
#6843=CARTESIAN_POINT('',(0.130683333363364,0.00444929584448381,-0.219606118120239));
#6844=CARTESIAN_POINT('',(0.12931666671939,0.00444929584448381,-0.219618896962497));
#6845=CARTESIAN_POINT('',(0.12795,0.00444929584448381,-0.219631667736302));
#6846=CARTESIAN_POINT('',(0.12795,0.00444929584448381,-0.219631667736302));
#6847=CARTESIAN_POINT('',(0.12795,0.00444929584448383,-0.219631667736302));
#6848=CARTESIAN_POINT('',(0.127268107586631,0.00563036814973516,-0.219463148338496));
#6849=CARTESIAN_POINT('',(0.126584697522809,0.00681406910267891,-0.219320493420263));
#6850=CARTESIAN_POINT('',(0.1259,0.00799999999999995,-0.219206126432433));
#6851=CARTESIAN_POINT('',(0.1259,0.008,-0.219206126432434));
#6852=CARTESIAN_POINT('',(0.1259,0.00799999999999997,-0.219206126432433));
#6853=CARTESIAN_POINT('',(0.126582237432506,0.00918166989592551,-0.21908019422895));
#6854=CARTESIAN_POINT('',(0.127265684722836,0.0103654353270733,-0.21898260407823));
#6855=CARTESIAN_POINT('',(0.12795,0.0115507041555162,-0.218915412667555));
#6856=CARTESIAN_POINT('',(0.12795,0.0115507041555162,-0.218915412667555));
#6857=CARTESIAN_POINT('',(0.12795,0.0115507041555162,-0.218915412667555));
#6858=CARTESIAN_POINT('',(0.129316666416952,0.0115507041555162,-0.218903139296609));
#6859=CARTESIAN_POINT('',(0.130683333046865,0.0115507041555162,-0.218890889649359));
#6860=CARTESIAN_POINT('',(0.13205,0.0115507041555162,-0.218878676125944));
#6861=CARTESIAN_POINT('',(0.11,-0.0510737310720678,-0.243395163648145));
#6862=CARTESIAN_POINT('',(0.11,-0.0510163483155327,-0.24335813019374));
#6863=CARTESIAN_POINT('',(0.11,-0.0508597835354698,-0.243257087040815));
#6864=CARTESIAN_POINT('',(0.11,-0.0502427432304244,-0.242860859492601));
#6865=CARTESIAN_POINT('',(0.11,-0.0492840166497006,-0.242252188303469));
#6866=CARTESIAN_POINT('',(0.11,-0.0479254249580168,-0.24140314911087));
#6867=CARTESIAN_POINT('',(0.11,-0.0462052590433512,-0.240350946102886));
#6868=CARTESIAN_POINT('',(0.11,-0.0441295229440143,-0.239113986484719));
#6869=CARTESIAN_POINT('',(0.11,-0.0417194006439251,-0.237721565868002));
#6870=CARTESIAN_POINT('',(0.11,-0.0389961989711706,-0.236203193629774));
#6871=CARTESIAN_POINT('',(0.11,-0.0359861111165281,-0.234590756378348));
#6872=CARTESIAN_POINT('',(0.11,-0.0327187535831812,-0.232916755742754));
#6873=CARTESIAN_POINT('',(0.11,-0.0292274188924709,-0.231213781324745));
#6874=CARTESIAN_POINT('',(0.11,-0.0255488132994714,-0.229513726820896));
#6875=CARTESIAN_POINT('',(0.11,-0.0217225100058508,-0.227847088076258));
#6876=CARTESIAN_POINT('',(0.11,-0.0177917270580218,-0.226242576231758));
#6877=CARTESIAN_POINT('',(0.11,-0.0137986822879427,-0.224725645952464));
#6878=CARTESIAN_POINT('',(0.11,-0.00979385632387599,-0.223319083785918));
#6879=CARTESIAN_POINT('',(0.11,-0.00578476714091456,-0.222033860532467));
#6880=CARTESIAN_POINT('',(0.11,-0.00180961398043005,-0.220988198635877));
#6881=CARTESIAN_POINT('',(0.11,0.00205068164679974,-0.220171808015381));
#6882=CARTESIAN_POINT('',(0.11,0.00574094700941864,-0.219582343716889));
#6883=CARTESIAN_POINT('',(0.11,0.00920481512377118,-0.219204266003865));
#6884=CARTESIAN_POINT('',(0.11,0.0123903319879823,-0.219016868657755));
#6885=CARTESIAN_POINT('',(0.11,0.0152493582671561,-0.218994476689518));
#6886=CARTESIAN_POINT('',(0.11,0.0177394096012847,-0.219108276006059));
#6887=CARTESIAN_POINT('',(0.11,0.0198242196230848,-0.219329657960214));
#6888=CARTESIAN_POINT('',(0.11,0.021476168774175,-0.219627389613968));
#6889=CARTESIAN_POINT('',(0.11,0.0226748331797834,-0.219984085545588));
#6890=CARTESIAN_POINT('',(0.11,0.0234303121037691,-0.220358310698447));
#6891=CARTESIAN_POINT('',(0.11,0.0237591815024049,-0.220853755020573));
#6892=CARTESIAN_POINT('',(0.11,0.0234369357340244,-0.221351502563762));
#6893=CARTESIAN_POINT('',(0.11,0.0226984245568273,-0.221739481326975));
#6894=CARTESIAN_POINT('',(0.11,0.021534861035629,-0.222136983150635));
#6895=CARTESIAN_POINT('',(0.11,0.0199440218173401,-0.222529948744591));
#6896=CARTESIAN_POINT('',(0.11,0.0179511572099394,-0.222936219948019));
#6897=CARTESIAN_POINT('',(0.11,0.0155860971616341,-0.223366414262323));
#6898=CARTESIAN_POINT('',(0.11,0.0128840122392654,-0.223837528596141));
#6899=CARTESIAN_POINT('',(0.11,0.0098829731379553,-0.224367357063369));
#6900=CARTESIAN_POINT('',(0.11,0.00662338010681518,-0.224975035398789));
#6901=CARTESIAN_POINT('',(0.11,0.00314740073227423,-0.225678914948886));
#6902=CARTESIAN_POINT('',(0.11,-0.000502233330200636,-0.226497665092173));
#6903=CARTESIAN_POINT('',(0.11,-0.00428313613762345,-0.227441024904355));
#6904=CARTESIAN_POINT('',(0.11,-0.00816362687376858,-0.228542204692021));
#6905=CARTESIAN_POINT('',(0.11,-0.0121429173394226,-0.229712205783451));
#6906=CARTESIAN_POINT('',(0.11,-0.0161371203790483,-0.230931055510359));
#6907=CARTESIAN_POINT('',(0.11,-0.020102284388438,-0.232191377189748));
#6908=CARTESIAN_POINT('',(0.11,-0.0239897431244766,-0.233479518770209));
#6909=CARTESIAN_POINT('',(0.11,-0.027755237980798,-0.234779741425425));
#6910=CARTESIAN_POINT('',(0.11,-0.0313554214578657,-0.236073038686433));
#6911=CARTESIAN_POINT('',(0.11,-0.034749355438768,-0.237338194714021));
#6912=CARTESIAN_POINT('',(0.11,-0.0378985654337008,-0.238552461059264));
#6913=CARTESIAN_POINT('',(0.11,-0.0407675624933022,-0.239692542634171));
#6914=CARTESIAN_POINT('',(0.11,-0.0433236659905593,-0.240735317347046));
#6915=CARTESIAN_POINT('',(0.11,-0.0455388158316149,-0.241659395968085));
#6916=CARTESIAN_POINT('',(0.11,-0.0473847255046027,-0.242443661772776));
#6917=CARTESIAN_POINT('',(0.11,-0.048849613738444,-0.243075188679482));
#6918=CARTESIAN_POINT('',(0.11,-0.0498871554734331,-0.243527188696934));
#6919=CARTESIAN_POINT('',(0.11,-0.0505567292223548,-0.24382105063498));
#6920=CARTESIAN_POINT('',(0.11,-0.0507268350194726,-0.243895947585155));
#6921=CARTESIAN_POINT('',(0.11,-0.0507891865701536,-0.243923400741154));
#6922=CARTESIAN_POINT('',(0.11,0.0131694215071462,-0.219021453552159));
#6923=CARTESIAN_POINT('',(0.11,-0.0421784964111709,-0.237991548340566));
#6924=CARTESIAN_POINT('',(0.11,-0.0421784964111709,-0.237991548340566));
#6925=CARTESIAN_POINT('',(0.110278145580722,-0.043282487236197,-0.238603971192341));
#6926=CARTESIAN_POINT('',(0.111069199919161,-0.0454455184729078,-0.239813445031594));
#6927=CARTESIAN_POINT('',(0.112905642599662,-0.0483934184438009,-0.24146375875576));
#6928=CARTESIAN_POINT('',(0.115436350334802,-0.0509957777893371,-0.242887033937114));
#6929=CARTESIAN_POINT('',(0.117487789875496,-0.0523390328356316,-0.243571630406498));
#6930=CARTESIAN_POINT('',(0.118623157040235,-0.0529065066700121,-0.243838185314796));
#6931=CARTESIAN_POINT('',(0.118623157040235,-0.0529065066700122,-0.243838185314796));
#6932=CARTESIAN_POINT('',(0.11,-0.0510737310720678,-0.243395163648145));
#6933=CARTESIAN_POINT('',(0.133317959439292,-0.0560280064194483,-0.244594221329515));
#6934=CARTESIAN_POINT('',(0.179937398934324,-0.0659330558042475,-0.246991489288284));
#6935=CARTESIAN_POINT('',(0.253442687658965,-0.0837197222922898,-0.249434381721579));
#6936=CARTESIAN_POINT('',(0.332608036401448,-0.0751905791551179,-0.24439783658231));
#6937=CARTESIAN_POINT('',(0.419798090884738,-0.0672250635017771,-0.241933445950937));
#6938=CARTESIAN_POINT('',(0.483235672645631,-0.0461530733746212,-0.230286772050342));
#6939=CARTESIAN_POINT('',(0.555347454711814,-0.0575374152428501,-0.234271149976912));
#6940=CARTESIAN_POINT('',(0.557223008596618,-0.0245494565447705,-0.219610321802027));
#6941=CARTESIAN_POINT('',(0.5575,-0.0196776258559678,-0.217445135611533));
#6942=CARTESIAN_POINT('',(0.284097933625404,-0.0795047111332008,-0.247263217719403));
#6943=CARTESIAN_POINT('',(0.284240280230091,-0.0792581595815975,-0.247806904688068));
#6944=CARTESIAN_POINT('',(0.286926511516143,-0.0746054705132728,-0.246130136257971));
#6945=CARTESIAN_POINT('',(0.292321973600062,-0.0652602560536141,-0.242928109332485));
#6946=CARTESIAN_POINT('',(0.300485080499893,-0.0511213401554916,-0.238616415173177));
#6947=CARTESIAN_POINT('',(0.30869602369614,-0.0368995693615285,-0.234824140556603));
#6948=CARTESIAN_POINT('',(0.315579925609831,-0.0249763014926955,-0.232083560451787));
#6949=CARTESIAN_POINT('',(0.321110406056255,-0.0153972283692234,-0.230132842014718));
#6950=CARTESIAN_POINT('',(0.32526588292317,-0.00819973130604812,-0.228747100714805));
#6951=CARTESIAN_POINT('',(0.329446735442331,-0.000958282323910509,-0.227625400218703));
#6952=CARTESIAN_POINT('',(0.332953773291461,0.00511608541485093,-0.226917241049295));
#6953=CARTESIAN_POINT('',(0.33576241084779,0.00998078836245731,-0.226460892211446));
#6954=CARTESIAN_POINT('',(0.337870832816119,0.0136326823353977,-0.226165457040761));
#6955=CARTESIAN_POINT('',(0.33998057101331,0.017286856083602,-0.225905458530354));
#6956=CARTESIAN_POINT('',(0.341739256896299,0.0203329893874927,-0.225704141535318));
#6957=CARTESIAN_POINT('',(0.343146033863152,0.0227695985690006,-0.225537811170199));
#6958=CARTESIAN_POINT('',(0.344200814774602,0.0245965326984856,-0.22540418439944));
#6959=CARTESIAN_POINT('',(0.345255136226029,0.0264226710198668,-0.225252648204925));
#6960=CARTESIAN_POINT('',(0.346132538913548,0.0279423770533468,-0.225099589685525));
#6961=CARTESIAN_POINT('',(0.346832853430672,0.0291553573782839,-0.224948084818344));
#6962=CARTESIAN_POINT('',(0.347357150838208,0.0300634671264133,-0.224811112622566));
#6963=CARTESIAN_POINT('',(0.347878739271821,0.0309668847940711,-0.224640391429471));
#6964=CARTESIAN_POINT('',(0.348308936402575,0.0317120080818078,-0.224452797993601));
#6965=CARTESIAN_POINT('',(0.348648470315527,0.0323000980699331,-0.224259103634878));
#6966=CARTESIAN_POINT('',(0.348893119308646,0.0327238425560357,-0.224064224723372));
#6967=CARTESIAN_POINT('',(0.34912267919617,0.033121451944606,-0.223793533228886));
#6968=CARTESIAN_POINT('',(0.34927668246791,0.0333881934357927,-0.223289459182535));
#6969=CARTESIAN_POINT('',(0.349119751621571,0.0331163812366585,-0.222789957995545));
#6970=CARTESIAN_POINT('',(0.348917954262771,0.0327668579583842,-0.222460911351293));
#6971=CARTESIAN_POINT('',(0.348689457291653,0.0323710895950315,-0.222196677498729));
#6972=CARTESIAN_POINT('',(0.348371245653424,0.0318199308700586,-0.221896100751928));
#6973=CARTESIAN_POINT('',(0.347965438980304,0.0311170530941651,-0.221577433641648));
#6974=CARTESIAN_POINT('',(0.347468251941871,0.0302558998827333,-0.221253205063838));
#6975=CARTESIAN_POINT('',(0.346964564402134,0.0293834874727702,-0.220969998965909));
#6976=CARTESIAN_POINT('',(0.346285517515914,0.0282073437651153,-0.220633860209169));
#6977=CARTESIAN_POINT('',(0.345430774375651,0.0267268852187602,-0.220275015571169));
#6978=CARTESIAN_POINT('',(0.344399555716271,0.0249407621070004,-0.219918452538434));
#6979=CARTESIAN_POINT('',(0.343363529028752,0.02314631124622,-0.219622577699443));
#6980=CARTESIAN_POINT('',(0.341975784149253,0.0207426666069838,-0.219297894221037));
#6981=CARTESIAN_POINT('',(0.34023743445976,0.0177317566234607,-0.21901034405534));
#6982=CARTESIAN_POINT('',(0.338157885552382,0.0141298722590576,-0.21882799919301));
#6983=CARTESIAN_POINT('',(0.336081052195507,0.0105326913660962,-0.218791436698274));
#6984=CARTESIAN_POINT('',(0.334007614001919,0.00694139106844861,-0.218889695527188));
#6985=CARTESIAN_POINT('',(0.331246845035319,0.00215959895033735,-0.219192543217227));
#6986=CARTESIAN_POINT('',(0.327804109157427,-0.00380339450721133,-0.219871110121649));
#6987=CARTESIAN_POINT('',(0.32367909671949,-0.0109481256315718,-0.221174605797806));
#6988=CARTESIAN_POINT('',(0.31958399290732,-0.0180410534965194,-0.222855213238576));
#6989=CARTESIAN_POINT('',(0.315513776105757,-0.0250908757946466,-0.224747293566875));
#6990=CARTESIAN_POINT('',(0.311469609568837,-0.0320955777108632,-0.226866566958748));
#6991=CARTESIAN_POINT('',(0.306116528874148,-0.0413673854510796,-0.229968958880554));
#6992=CARTESIAN_POINT('',(0.299499659127098,-0.0528281400400364,-0.23435026295649));
#6993=CARTESIAN_POINT('',(0.291710986688698,-0.0663185164268564,-0.240358013906314));
#6994=CARTESIAN_POINT('',(0.286615829478125,-0.0751435875881199,-0.244874295030008));
#6995=CARTESIAN_POINT('',(0.284097933625403,-0.0795047111332008,-0.247263217719403));
#6996=CARTESIAN_POINT('',(0.284240280230091,-0.0792581595815975,-0.247806904688068));
#6997=CARTESIAN_POINT('',(0.11,-0.0507891865701536,-0.243923400741154));
#6998=CARTESIAN_POINT('',(0.133317959439292,-0.0557494966218356,-0.245125645076882));
#6999=CARTESIAN_POINT('',(0.179937398934324,-0.0656666111503618,-0.247529284092278));
#7000=CARTESIAN_POINT('',(0.253442687658965,-0.0834753925312686,-0.249982488033961));
#7001=CARTESIAN_POINT('',(0.332608036401448,-0.0749580498027372,-0.24495100105487));
#7002=CARTESIAN_POINT('',(0.419798090884738,-0.0670076108406691,-0.242492711460371));
#7003=CARTESIAN_POINT('',(0.483235672645631,-0.0459435975433873,-0.230849038444885));
#7004=CARTESIAN_POINT('',(0.555347454711814,-0.0573342437280416,-0.23483570457213));
#7005=CARTESIAN_POINT('',(0.557223008596618,-0.0243461376918469,-0.22017482291973));
#7006=CARTESIAN_POINT('',(0.5575,-0.0194742852433967,-0.218009628831403));
#7007=CARTESIAN_POINT('',(0.117754085667548,-0.0524391447820624,-0.244322901557339));
#7008=CARTESIAN_POINT('',(0.117754085667548,-0.0524391447820624,-0.244322901557338));
#7009=CARTESIAN_POINT('',(0.116764773107298,-0.0518683419714694,-0.244115248269891));
#7010=CARTESIAN_POINT('',(0.114922205040287,-0.0505286036417183,-0.243607702186304));
#7011=CARTESIAN_POINT('',(0.111939948803062,-0.0472581893631805,-0.242315602453816));
#7012=CARTESIAN_POINT('',(0.11052819539602,-0.044274962835381,-0.241108719255727));
#7013=CARTESIAN_POINT('',(0.11,-0.042178496411171,-0.240269188777048));
#7014=CARTESIAN_POINT('',(0.11,-0.042178496411171,-0.240269188777048));
#7015=CARTESIAN_POINT('',(0.11,-0.0510737310720678,-0.243395163648145));
#7016=CARTESIAN_POINT('',(0.11,-0.0510163483155327,-0.24335813019374));
#7017=CARTESIAN_POINT('',(0.11,-0.0508597835354698,-0.243257087040815));
#7018=CARTESIAN_POINT('',(0.11,-0.0502427432304244,-0.242860859492601));
#7019=CARTESIAN_POINT('',(0.11,-0.0492840166497006,-0.242252188303469));
#7020=CARTESIAN_POINT('',(0.11,-0.0479254249580168,-0.24140314911087));
#7021=CARTESIAN_POINT('',(0.11,-0.0462052590433512,-0.240350946102886));
#7022=CARTESIAN_POINT('',(0.11,-0.0441295229440143,-0.239113986484719));
#7023=CARTESIAN_POINT('',(0.11,-0.0417194006439251,-0.237721565868002));
#7024=CARTESIAN_POINT('',(0.11,-0.0389961989711706,-0.236203193629774));
#7025=CARTESIAN_POINT('',(0.11,-0.0359861111165281,-0.234590756378348));
#7026=CARTESIAN_POINT('',(0.11,-0.0327187535831812,-0.232916755742754));
#7027=CARTESIAN_POINT('',(0.11,-0.0292274188924709,-0.231213781324745));
#7028=CARTESIAN_POINT('',(0.11,-0.0255488132994714,-0.229513726820896));
#7029=CARTESIAN_POINT('',(0.11,-0.0217225100058508,-0.227847088076258));
#7030=CARTESIAN_POINT('',(0.11,-0.0177917270580218,-0.226242576231758));
#7031=CARTESIAN_POINT('',(0.11,-0.0137986822879427,-0.224725645952464));
#7032=CARTESIAN_POINT('',(0.11,-0.00979385632387599,-0.223319083785918));
#7033=CARTESIAN_POINT('',(0.11,-0.00578476714091456,-0.222033860532467));
#7034=CARTESIAN_POINT('',(0.11,-0.00180961398043005,-0.220988198635877));
#7035=CARTESIAN_POINT('',(0.11,0.00205068164679974,-0.220171808015381));
#7036=CARTESIAN_POINT('',(0.11,0.00574094700941864,-0.219582343716889));
#7037=CARTESIAN_POINT('',(0.11,0.00920481512377118,-0.219204266003865));
#7038=CARTESIAN_POINT('',(0.11,0.0123903319879823,-0.219016868657755));
#7039=CARTESIAN_POINT('',(0.11,0.0152493582671561,-0.218994476689518));
#7040=CARTESIAN_POINT('',(0.11,0.0177394096012847,-0.219108276006059));
#7041=CARTESIAN_POINT('',(0.11,0.0198242196230848,-0.219329657960214));
#7042=CARTESIAN_POINT('',(0.11,0.021476168774175,-0.219627389613968));
#7043=CARTESIAN_POINT('',(0.11,0.0226748331797834,-0.219984085545588));
#7044=CARTESIAN_POINT('',(0.11,0.0234303121037691,-0.220358310698447));
#7045=CARTESIAN_POINT('',(0.11,0.0237591815024049,-0.220853755020573));
#7046=CARTESIAN_POINT('',(0.11,0.0234369357340244,-0.221351502563762));
#7047=CARTESIAN_POINT('',(0.11,0.0226984245568273,-0.221739481326975));
#7048=CARTESIAN_POINT('',(0.11,0.021534861035629,-0.222136983150635));
#7049=CARTESIAN_POINT('',(0.11,0.0199440218173401,-0.222529948744591));
#7050=CARTESIAN_POINT('',(0.11,0.0179511572099394,-0.222936219948019));
#7051=CARTESIAN_POINT('',(0.11,0.0155860971616341,-0.223366414262323));
#7052=CARTESIAN_POINT('',(0.11,0.0128840122392654,-0.223837528596141));
#7053=CARTESIAN_POINT('',(0.11,0.0098829731379553,-0.224367357063369));
#7054=CARTESIAN_POINT('',(0.11,0.00662338010681518,-0.224975035398789));
#7055=CARTESIAN_POINT('',(0.11,0.00314740073227423,-0.225678914948886));
#7056=CARTESIAN_POINT('',(0.11,-0.000502233330200636,-0.226497665092173));
#7057=CARTESIAN_POINT('',(0.11,-0.00428313613762345,-0.227441024904355));
#7058=CARTESIAN_POINT('',(0.11,-0.00816362687376858,-0.228542204692021));
#7059=CARTESIAN_POINT('',(0.11,-0.0121429173394226,-0.229712205783451));
#7060=CARTESIAN_POINT('',(0.11,-0.0161371203790483,-0.230931055510359));
#7061=CARTESIAN_POINT('',(0.11,-0.020102284388438,-0.232191377189748));
#7062=CARTESIAN_POINT('',(0.11,-0.0239897431244766,-0.233479518770209));
#7063=CARTESIAN_POINT('',(0.11,-0.027755237980798,-0.234779741425425));
#7064=CARTESIAN_POINT('',(0.11,-0.0313554214578657,-0.236073038686433));
#7065=CARTESIAN_POINT('',(0.11,-0.034749355438768,-0.237338194714021));
#7066=CARTESIAN_POINT('',(0.11,-0.0378985654337008,-0.238552461059264));
#7067=CARTESIAN_POINT('',(0.11,-0.0407675624933022,-0.239692542634171));
#7068=CARTESIAN_POINT('',(0.11,-0.0433236659905593,-0.240735317347046));
#7069=CARTESIAN_POINT('',(0.11,-0.0455388158316149,-0.241659395968085));
#7070=CARTESIAN_POINT('',(0.11,-0.0473847255046027,-0.242443661772776));
#7071=CARTESIAN_POINT('',(0.11,-0.048849613738444,-0.243075188679482));
#7072=CARTESIAN_POINT('',(0.11,-0.0498871554734331,-0.243527188696934));
#7073=CARTESIAN_POINT('',(0.11,-0.0505567292223548,-0.24382105063498));
#7074=CARTESIAN_POINT('',(0.11,-0.0507268350194726,-0.243895947585155));
#7075=CARTESIAN_POINT('',(0.11,-0.0507891865701536,-0.243923400741154));
#7076=CARTESIAN_POINT('',(0.11,0.013169421506389,-0.223788521633001));
#7077=CARTESIAN_POINT('',(0.109999999995674,0.013169421549944,-0.223788521881339));
#7078=CARTESIAN_POINT('',(0.110332665240143,0.0144898069860328,-0.223562739533096));
#7079=CARTESIAN_POINT('',(0.111081162603563,0.0164122947217208,-0.223241843625592));
#7080=CARTESIAN_POINT('',(0.112509310546432,0.018709188837829,-0.222838751065998));
#7081=CARTESIAN_POINT('',(0.11377466638396,0.0202817383512767,-0.222541525382375));
#7082=CARTESIAN_POINT('',(0.115004307030231,0.0214732211652961,-0.222287627374415));
#7083=CARTESIAN_POINT('',(0.116055214904347,0.0223174020716564,-0.222077875803136));
#7084=CARTESIAN_POINT('',(0.116877700517149,0.0228995335086451,-0.221914957916565));
#7085=CARTESIAN_POINT('',(0.117733498343205,0.0234300180297087,-0.221743745856498));
#7086=CARTESIAN_POINT('',(0.118474247153088,0.0238288185554707,-0.221592830004859));
#7087=CARTESIAN_POINT('',(0.119081426830785,0.0241205640119431,-0.221450470609376));
#7088=CARTESIAN_POINT('',(0.119465151445771,0.0242906586793568,-0.221347017081858));
#7089=CARTESIAN_POINT('',(0.119771006468668,0.0244180185139308,-0.221249286076966));
#7090=CARTESIAN_POINT('',(0.119998879913982,0.0245089174494032,-0.221165813749847));
#7091=CARTESIAN_POINT('',(0.120183627092718,0.0245794768515821,-0.221076845634043));
#7092=CARTESIAN_POINT('',(0.120320977366282,0.0246302775314186,-0.220986327704834));
#7093=CARTESIAN_POINT('',(0.120388066286542,0.0246546407597351,-0.22085757844352));
#7094=CARTESIAN_POINT('',(0.120291542523118,0.0246194998487928,-0.220750870273469));
#7095=CARTESIAN_POINT('',(0.120157336377865,0.0245695125986348,-0.220664317680298));
#7096=CARTESIAN_POINT('',(0.119970791890406,0.0244979353357267,-0.220579495358311));
#7097=CARTESIAN_POINT('',(0.119745562344377,0.024407600972888,-0.220497529197418));
#7098=CARTESIAN_POINT('',(0.119442865413392,0.0242809972776904,-0.220401839904407));
#7099=CARTESIAN_POINT('',(0.119063815862656,0.0241123722135743,-0.220300253613977));
#7100=CARTESIAN_POINT('',(0.118459728436296,0.0238213169188231,-0.220160266251565));
#7101=CARTESIAN_POINT('',(0.117723586962081,0.0234241484503776,-0.220014246935459));
#7102=CARTESIAN_POINT('',(0.116872159946318,0.0228957464627784,-0.219853826800173));
#7103=CARTESIAN_POINT('',(0.116053388428692,0.0223159370920186,-0.219707632321089));
#7104=CARTESIAN_POINT('',(0.115005349768984,0.0214739715338823,-0.219530122772029));
#7105=CARTESIAN_POINT('',(0.11378099447302,0.0202879403100652,-0.21934108594843));
#7106=CARTESIAN_POINT('',(0.112516245634696,0.0187200404718986,-0.219169230020375));
#7107=CARTESIAN_POINT('',(0.111074414372886,0.0164002872868945,-0.219013288784733));
#7108=CARTESIAN_POINT('',(0.110334306445091,0.0144963210652588,-0.218991188386549));
#7109=CARTESIAN_POINT('',(0.11,0.013169421507274,-0.219021453542951));
#7110=CARTESIAN_POINT('',(0.11,-0.0136572747848315,-0.231458938715336));
#7111=CARTESIAN_POINT('',(0.11,-0.0421784964111708,-0.172));
#7112=CARTESIAN_POINT('',(0.11,0.0131694215071462,-0.172));
#7113=CARTESIAN_POINT('',(0.116755456933358,-0.0525093477051275,-0.243742351418094));
#7114=CARTESIAN_POINT('',(0.137821999820181,-0.0569881848096659,-0.24482384235098));
#7115=CARTESIAN_POINT('',(0.182198108820312,-0.0664800979758512,-0.247066622264021));
#7116=CARTESIAN_POINT('',(0.23856406011404,-0.0801194210005998,-0.248939901837506));
#7117=CARTESIAN_POINT('',(0.273475021774233,-0.0800160526340637,-0.247731905393854));
#7118=CARTESIAN_POINT('',(0.285237627055063,-0.0794516964686017,-0.247213325126056));
#7119=CARTESIAN_POINT('',(0.116755456933358,-0.0524150824580014,-0.243918738197535));
#7120=CARTESIAN_POINT('',(0.137821999820181,-0.0568957382910219,-0.245001188907395));
#7121=CARTESIAN_POINT('',(0.182198108820312,-0.0663915098112214,-0.247245992911393));
#7122=CARTESIAN_POINT('',(0.23856406011404,-0.0800364856127779,-0.249121908204427));
#7123=CARTESIAN_POINT('',(0.273475021774233,-0.0799353811160386,-0.247914921621526));
#7124=CARTESIAN_POINT('',(0.285237627055063,-0.0793717174577647,-0.24739664400219));
#7125=CARTESIAN_POINT('',(0.116755456933358,-0.0523208172108754,-0.244095124976975));
#7126=CARTESIAN_POINT('',(0.137821999820181,-0.0568032917723781,-0.24517853546381));
#7127=CARTESIAN_POINT('',(0.182198108820312,-0.0663029216465918,-0.247425363558764));
#7128=CARTESIAN_POINT('',(0.23856406011404,-0.079953550224956,-0.249303914571348));
#7129=CARTESIAN_POINT('',(0.273475021774233,-0.0798547095980136,-0.248097937849197));
#7130=CARTESIAN_POINT('',(0.285237627055063,-0.0792917384469276,-0.247579962878324));
#7131=CARTESIAN_POINT('',(0.116755456933358,-0.0522265519637492,-0.244271511756416));
#7132=CARTESIAN_POINT('',(0.137821999820181,-0.0567108452537342,-0.245355882020224));
#7133=CARTESIAN_POINT('',(0.182198108820312,-0.0662143334819621,-0.247604734206135));
#7134=CARTESIAN_POINT('',(0.23856406011404,-0.0798706148371341,-0.249485920938268));
#7135=CARTESIAN_POINT('',(0.273475021774233,-0.0797740380799885,-0.248280954076868));
#7136=CARTESIAN_POINT('',(0.285237627055063,-0.0792117594360906,-0.247763281754458));
#7137=CARTESIAN_POINT('',(0.118623157040235,-0.0529065066700121,-0.243838185314796));
#7138=CARTESIAN_POINT('',(0.118322476950531,-0.0527562221728683,-0.243984663546224));
#7139=CARTESIAN_POINT('',(0.118032816468861,-0.0525999638509602,-0.244147140434024));
#7140=CARTESIAN_POINT('',(0.117754085667548,-0.0524391447820624,-0.244322901557338));
#7141=CARTESIAN_POINT('',(0.284097933625403,-0.0795047111332008,-0.247263217719403));
#7142=CARTESIAN_POINT('',(0.284145382683216,-0.0794225269542977,-0.247444446510412));
#7143=CARTESIAN_POINT('',(0.284192831554808,-0.0793403430979377,-0.247625675496446));
#7144=CARTESIAN_POINT('',(0.28424028023009,-0.0792581595815975,-0.247806904688068));
#7145=CARTESIAN_POINT('',(0.13,-0.032,0.498797624653737));
#7146=CARTESIAN_POINT('',(0.13,-0.032,-0.24));
#7147=CARTESIAN_POINT('',(0.12725,-0.032,-0.24));
#7148=CARTESIAN_POINT('',(0.13,-0.032,-0.236));
#7149=CARTESIAN_POINT('',(0.13275,-0.032,-0.236));
#7150=CARTESIAN_POINT('',(0.18,-0.032,0.498797624653737));
#7151=CARTESIAN_POINT('',(0.18,-0.032,-0.24));
#7152=CARTESIAN_POINT('',(0.17725,-0.032,-0.24));
#7153=CARTESIAN_POINT('',(0.18,-0.032,-0.236));
#7154=CARTESIAN_POINT('',(0.18275,-0.032,-0.236));
#7155=CARTESIAN_POINT('',(0.13,0.008,0.498797624653737));
#7156=CARTESIAN_POINT('',(0.13,0.008,-0.24));
#7157=CARTESIAN_POINT('',(0.12725,0.008,-0.24));
#7158=CARTESIAN_POINT('',(0.13,0.008,-0.2252));
#7159=CARTESIAN_POINT('',(0.13275,0.008,-0.2252));
#7160=CARTESIAN_POINT('',(0.18,0.008,0.498797624653737));
#7161=CARTESIAN_POINT('',(0.18,0.008,-0.24));
#7162=CARTESIAN_POINT('',(0.17725,0.008,-0.24));
#7163=CARTESIAN_POINT('',(0.18,0.008,-0.2252));
#7164=CARTESIAN_POINT('',(0.18275,0.008,-0.2252));
#7165=CARTESIAN_POINT('',(0.155,-0.011,-0.24));
#7166=CARTESIAN_POINT('',(0.155,-0.012,-0.24));
#7167=CARTESIAN_POINT('',(0.1475,-0.012,-0.24));
#7168=CARTESIAN_POINT('',(0.192,-0.011,-0.24));
#7169=CARTESIAN_POINT('',(0.192,-0.032,-0.24));
#7170=CARTESIAN_POINT('',(0.192,0.01,-0.24));
#7171=CARTESIAN_POINT('',(0.184,-0.032,-0.24));
#7172=CARTESIAN_POINT('',(0.190962792624111,-0.0359394820565182,-0.24));
#7173=CARTESIAN_POINT('',(0.184,-0.032,-0.24));
#7174=CARTESIAN_POINT('',(0.184,-0.04,-0.24));
#7175=CARTESIAN_POINT('',(0.155,-0.04,-0.24));
#7176=CARTESIAN_POINT('',(0.126,-0.04,-0.24));
#7177=CARTESIAN_POINT('',(0.126,-0.032,-0.24));
#7178=CARTESIAN_POINT('',(0.118080261384895,-0.0331303717390381,-0.24));
#7179=CARTESIAN_POINT('',(0.126,-0.032,-0.24));
#7180=CARTESIAN_POINT('',(0.118,-0.032,-0.24));
#7181=CARTESIAN_POINT('',(0.118,-0.011,-0.24));
#7182=CARTESIAN_POINT('',(0.118,0.01,-0.24));
#7183=CARTESIAN_POINT('',(0.126,0.01,-0.24));
#7184=CARTESIAN_POINT('',(0.126,0.018,-0.24));
#7185=CARTESIAN_POINT('',(0.155,0.018,-0.24));
#7186=CARTESIAN_POINT('',(0.184,0.018,-0.24));
#7187=CARTESIAN_POINT('',(0.184,0.01,-0.24));
#7188=CARTESIAN_POINT('',(0.184,0.01,-0.214899624484193));
#7189=CARTESIAN_POINT('',(0.184,0.018,-0.214899624484193));
#7190=CARTESIAN_POINT('',(0.184,0.018,-0.226987884419782));
#7191=CARTESIAN_POINT('',(0.184,0.018,-0.226987884419782));
#7192=CARTESIAN_POINT('',(0.185067396686821,0.018,-0.227020722654587));
#7193=CARTESIAN_POINT('',(0.187165814937278,0.0175738948762392,-0.227167920839337));
#7194=CARTESIAN_POINT('',(0.18983010458256,0.0157781881678888,-0.227574332461791));
#7195=CARTESIAN_POINT('',(0.191587357124254,0.0131214940428613,-0.228101720831476));
#7196=CARTESIAN_POINT('',(0.192,0.0110462678710514,-0.228508489331901));
#7197=CARTESIAN_POINT('',(0.192,0.01,-0.228719569212195));
#7198=CARTESIAN_POINT('',(0.192,0.01,-0.228719569212195));
#7199=CARTESIAN_POINT('',(0.192,0.01,-0.214899624484193));
#7200=CARTESIAN_POINT('',(0.155,0.018,-0.214899624484193));
#7201=CARTESIAN_POINT('',(0.126,0.018,-0.214899624484193));
#7202=CARTESIAN_POINT('',(0.126,0.018,-0.225736216052667));
#7203=CARTESIAN_POINT('',(0.126,0.018,-0.225736216052667));
#7204=CARTESIAN_POINT('',(0.145332908451811,0.018,-0.226173127066613));
#7205=CARTESIAN_POINT('',(0.164666997741466,0.018,-0.226555320236137));
#7206=CARTESIAN_POINT('',(0.184,0.018,-0.226987884419782));
#7207=CARTESIAN_POINT('',(0.126,0.01,-0.214899624484193));
#7208=CARTESIAN_POINT('',(0.118,0.01,-0.214899624484193));
#7209=CARTESIAN_POINT('',(0.118,0.01,-0.227476605835762));
#7210=CARTESIAN_POINT('',(0.118,0.01,-0.227476605835762));
#7211=CARTESIAN_POINT('',(0.118,0.0110380113576807,-0.227218765784878));
#7212=CARTESIAN_POINT('',(0.118402215937901,0.013091585922014,-0.226739151294964));
#7213=CARTESIAN_POINT('',(0.120150813459022,0.015759665546749,-0.226153872410679));
#7214=CARTESIAN_POINT('',(0.122810959971512,0.0175666883193323,-0.225760288538169));
#7215=CARTESIAN_POINT('',(0.124929975957341,0.018,-0.225702966023342));
#7216=CARTESIAN_POINT('',(0.126,0.018,-0.225736216052667));
#7217=CARTESIAN_POINT('',(0.118,-0.011,-0.214899624484193));
#7218=CARTESIAN_POINT('',(0.118,-0.032,-0.214899624484193));
#7219=CARTESIAN_POINT('',(0.118,-0.032,-0.239427536195534));
#7220=CARTESIAN_POINT('',(0.118,-0.032,-0.239427536195534));
#7221=CARTESIAN_POINT('',(0.118,-0.028577330173291,-0.2381724196107));
#7222=CARTESIAN_POINT('',(0.118,-0.0216933742392143,-0.235780588736715));
#7223=CARTESIAN_POINT('',(0.118,-0.0112471625888335,-0.232550754837368));
#7224=CARTESIAN_POINT('',(0.118,-0.000733672295016058,-0.229550191427272));
#7225=CARTESIAN_POINT('',(0.118,0.00641157391796445,-0.228124866364629));
#7226=CARTESIAN_POINT('',(0.118,0.01,-0.227476605835762));
#7227=CARTESIAN_POINT('',(0.126,-0.032,-0.214899624484193));
#7228=CARTESIAN_POINT('',(0.118080261384895,-0.0331303717390381,-0.24));
#7229=CARTESIAN_POINT('',(0.118026742325667,-0.0327554004394426,-0.239809339011646));
#7230=CARTESIAN_POINT('',(0.118,-0.0323786407346895,-0.239618455170651));
#7231=CARTESIAN_POINT('',(0.118,-0.032,-0.239427536195534));
#7232=CARTESIAN_POINT('',(0.192,-0.011,-0.214899624484193));
#7233=CARTESIAN_POINT('',(0.192,0.01,-0.228719569212195));
#7234=CARTESIAN_POINT('',(0.192,0.0064425912858703,-0.229241526560914));
#7235=CARTESIAN_POINT('',(0.192,0.00112511991604184,-0.230120577799269));
#7236=CARTESIAN_POINT('',(0.192,-0.00590958889084994,-0.231575403128228));
#7237=CARTESIAN_POINT('',(0.192,-0.0129025693826201,-0.233248759530744));
#7238=CARTESIAN_POINT('',(0.192,-0.0216175078644778,-0.235446581603054));
#7239=CARTESIAN_POINT('',(0.192,-0.0285467505063466,-0.237363804927958));
#7240=CARTESIAN_POINT('',(0.192,-0.032,-0.238365575722211));
#7241=CARTESIAN_POINT('',(0.192,-0.032,-0.238365575722211));
#7242=CARTESIAN_POINT('',(0.192,-0.032,-0.214899624484193));
#7243=CARTESIAN_POINT('',(0.184,-0.032,-0.214899624484193));
#7244=CARTESIAN_POINT('',(0.192,-0.032,-0.238365575722211));
#7245=CARTESIAN_POINT('',(0.192,-0.0333812593447015,-0.238916533523222));
#7246=CARTESIAN_POINT('',(0.191647928803653,-0.0347285459311631,-0.239474693634534));
#7247=CARTESIAN_POINT('',(0.190962792624111,-0.0359394820565182,-0.24));
#7248=CARTESIAN_POINT('',(0.115056539424241,-0.0346013676698943,-0.237189186714264));
#7249=CARTESIAN_POINT('',(0.118236108836618,-0.03422228782191,-0.236987088144159));
#7250=CARTESIAN_POINT('',(0.118080261384895,-0.0331303717390379,-0.24));
#7251=CARTESIAN_POINT('',(0.115219252832579,-0.0357774827919598,-0.237624206925909));
#7252=CARTESIAN_POINT('',(0.118037828000334,-0.0349519155461096,-0.237257142932285));
#7253=CARTESIAN_POINT('',(0.118201251091502,-0.0339780635366621,-0.24));
#7254=CARTESIAN_POINT('',(0.11609964416138,-0.0380165905436002,-0.238456286292832));
#7255=CARTESIAN_POINT('',(0.118081585976446,-0.0366134774537103,-0.237872085957929));
#7256=CARTESIAN_POINT('',(0.118705668039843,-0.0356173213142954,-0.240000000000009));
#7257=CARTESIAN_POINT('',(0.118770564335085,-0.0405771443674982,-0.239387138628255));
#7258=CARTESIAN_POINT('',(0.119684273309047,-0.0390690335056818,-0.238774177231279));
#7259=CARTESIAN_POINT('',(0.120302490044951,-0.0378519474179767,-0.23999999999997));
#7260=CARTESIAN_POINT('',(0.122211452726549,-0.0420221463937737,-0.239864349445433));
#7261=CARTESIAN_POINT('',(0.122493456166467,-0.0407497173039432,-0.239358377090438));
#7262=CARTESIAN_POINT('',(0.122790734992416,-0.0395513802966493,-0.240000000000115));
#7263=CARTESIAN_POINT('',(0.124692260322785,-0.0423518999256166,-0.239927821050256));
#7264=CARTESIAN_POINT('',(0.124827054246756,-0.0411603402871437,-0.239459544384921));
#7265=CARTESIAN_POINT('',(0.124937552207721,-0.0400000000005147,-0.239999999999753));
#7266=CARTESIAN_POINT('',(0.125927817225144,-0.0423853136563085,-0.239908904072741));
#7267=CARTESIAN_POINT('',(0.12595711457195,-0.0411726821833076,-0.239436806716244));
#7268=CARTESIAN_POINT('',(0.126,-0.0400000000000001,-0.24));
#7269=CARTESIAN_POINT('',(0.126,-0.0412987663859309,-0.242704293969741));
#7270=CARTESIAN_POINT('',(0.115110359404231,-0.0335542611411774,-0.24));
#7271=CARTESIAN_POINT('',(0.11495106414997,-0.0330327263753495,-0.236611318605176));
#7272=CARTESIAN_POINT('',(0.118,-0.0330498515005443,-0.236564618840397));
#7273=CARTESIAN_POINT('',(0.118,-0.032,-0.239427536195534));
#7274=CARTESIAN_POINT('',(0.114949410907002,-0.033561874429778,-0.236805389566523));
#7275=CARTESIAN_POINT('',(0.118050463805527,-0.033455341694353,-0.236710632104609));
#7276=CARTESIAN_POINT('',(0.118,-0.032381226443654,-0.239619758941812));
#7277=CARTESIAN_POINT('',(0.114985051672778,-0.0340846442553034,-0.23699806160669));
#7278=CARTESIAN_POINT('',(0.118130513269983,-0.0338462516032003,-0.236851566463537));
#7279=CARTESIAN_POINT('',(0.118027104841408,-0.0327579403383205,-0.239810630469511));
#7280=CARTESIAN_POINT('',(0.115056539424241,-0.034601367669894,-0.237189186714264));
#7281=CARTESIAN_POINT('',(0.118236108836618,-0.0342222878219094,-0.236987088144159));
#7282=CARTESIAN_POINT('',(0.118080261384895,-0.0331303717390383,-0.24));
#7283=CARTESIAN_POINT('',(0.115,-0.032,-0.239427536195534));
#7284=CARTESIAN_POINT('',(0.125927817225144,-0.0423853136563086,-0.239908904072741));
#7285=CARTESIAN_POINT('',(0.12595711457195,-0.0411726821833078,-0.239436806716244));
#7286=CARTESIAN_POINT('',(0.126,-0.0400000000000002,-0.24));
#7287=CARTESIAN_POINT('',(0.135597424827774,-0.0426468132693984,-0.239760857670282));
#7288=CARTESIAN_POINT('',(0.135830489114866,-0.0412707413837007,-0.239233155952577));
#7289=CARTESIAN_POINT('',(0.135664714860788,-0.0399999999998976,-0.24000000000005));
#7290=CARTESIAN_POINT('',(0.154937064216441,-0.0430089482319838,-0.239447196028996));
#7291=CARTESIAN_POINT('',(0.155533087771744,-0.0413535066000176,-0.238838386460955));
#7292=CARTESIAN_POINT('',(0.15499868070031,-0.0399999999999863,-0.240000000000063));
#7293=CARTESIAN_POINT('',(0.174269491953331,-0.04325382240694,-0.239108493808883));
#7294=CARTESIAN_POINT('',(0.174502690938158,-0.0413279932697947,-0.238449462506264));
#7295=CARTESIAN_POINT('',(0.174332777984773,-0.0400000000001293,-0.239999999999824));
#7296=CARTESIAN_POINT('',(0.183936565566685,-0.0433564092826876,-0.238927025947609));
#7297=CARTESIAN_POINT('',(0.18395157516556,-0.0412885125086709,-0.238245490552558));
#7298=CARTESIAN_POINT('',(0.184,-0.0400000000000001,-0.24));
#7299=CARTESIAN_POINT('',(0.184,-0.0424179839421799,-0.241775768468962));
#7300=CARTESIAN_POINT('',(0.118,-0.032,-0.239427536195534));
#7301=CARTESIAN_POINT('',(0.118,-0.0330498515005444,-0.236564618840397));
#7302=CARTESIAN_POINT('',(0.11495106414997,-0.0330327263753496,-0.236611318605176));
#7303=CARTESIAN_POINT('',(0.118,-0.028577330173574,-0.238172419610764));
#7304=CARTESIAN_POINT('',(0.118000000000143,-0.0295967224914485,-0.235310001301747));
#7305=CARTESIAN_POINT('',(0.1149618589875,-0.0295776592126268,-0.235344134118325));
#7306=CARTESIAN_POINT('',(0.118,-0.0216931787052857,-0.235780620896861));
#7307=CARTESIAN_POINT('',(0.117999999999937,-0.0226527853343753,-0.232918151320964));
#7308=CARTESIAN_POINT('',(0.114981899071141,-0.0226310729487487,-0.232930198943669));
#7309=CARTESIAN_POINT('',(0.118,-0.0129887355818465,-0.233088972046777));
#7310=CARTESIAN_POINT('',(0.117999999999996,-0.0138482122838908,-0.230217688217985));
#7311=CARTESIAN_POINT('',(0.115002704443263,-0.0138420816713497,-0.230213047291661));
#7312=CARTESIAN_POINT('',(0.118,-0.00598948865639931,-0.231050625893156));
#7313=CARTESIAN_POINT('',(0.118000000000019,-0.0068169265638946,-0.228183333281116));
#7314=CARTESIAN_POINT('',(0.115016262457838,-0.00681805271645571,-0.228166839357694));
#7315=CARTESIAN_POINT('',(0.118,0.00105208198717449,-0.229193768504853));
#7316=CARTESIAN_POINT('',(0.117999999999888,0.000401888480499289,-0.2262961063705));
#7317=CARTESIAN_POINT('',(0.115032736108186,0.000402324470973001,-0.226262602596671));
#7318=CARTESIAN_POINT('',(0.118,0.00641157391666512,-0.228124866365914));
#7319=CARTESIAN_POINT('',(0.118000000000503,0.00584765018003826,-0.225218203557691));
#7320=CARTESIAN_POINT('',(0.115039643959319,0.00584303534386085,-0.225179276622493));
#7321=CARTESIAN_POINT('',(0.118,0.0100000000000002,-0.227476605835761));
#7322=CARTESIAN_POINT('',(0.118,0.00947451590625477,-0.224567804908167));
#7323=CARTESIAN_POINT('',(0.115044439279455,0.00946673186142447,-0.224524716569068));
#7324=CARTESIAN_POINT('',(0.115,0.01,-0.227476605835762));
#7325=CARTESIAN_POINT('',(0.183936565566685,-0.043356409282688,-0.23892702594761));
#7326=CARTESIAN_POINT('',(0.18395157516556,-0.0412885125086713,-0.238245490552558));
#7327=CARTESIAN_POINT('',(0.184,-0.0400000000000003,-0.24));
#7328=CARTESIAN_POINT('',(0.185844936093442,-0.0433766608880574,-0.238891202498319));
#7329=CARTESIAN_POINT('',(0.185526733807555,-0.0412832146452602,-0.238212608291422));
#7330=CARTESIAN_POINT('',(0.185465465746059,-0.0399999999999894,-0.240000000000015));
#7331=CARTESIAN_POINT('',(0.189708493499079,-0.0425552340952858,-0.238532655035345));
#7332=CARTESIAN_POINT('',(0.18878338403357,-0.0402555529568315,-0.237815376592777));
#7333=CARTESIAN_POINT('',(0.188364276424311,-0.0391515204287877,-0.239999999999992));
#7334=CARTESIAN_POINT('',(0.192600154518609,-0.0399347960646564,-0.237649130032142));
#7335=CARTESIAN_POINT('',(0.190308568262466,-0.0378757977743264,-0.23705502356592));
#7336=CARTESIAN_POINT('',(0.190293405194276,-0.0371225832338451,-0.24));
#7337=CARTESIAN_POINT('',(0.1935250052892,-0.0382941253814483,-0.237131569418361));
#7338=CARTESIAN_POINT('',(0.190517056287643,-0.0367272936600055,-0.236703548456466));
#7339=CARTESIAN_POINT('',(0.190962792624111,-0.0359394820565179,-0.24));
#7340=CARTESIAN_POINT('',(0.193573839858153,-0.0374167878277126,-0.24));
#7341=CARTESIAN_POINT('',(0.118,0.0100000000000001,-0.227476605835762));
#7342=CARTESIAN_POINT('',(0.118,0.00947451590625423,-0.224567804908168));
#7343=CARTESIAN_POINT('',(0.115044439279455,0.00946673186142397,-0.224524716569068));
#7344=CARTESIAN_POINT('',(0.118,0.0105232648423323,-0.227346627841991));
#7345=CARTESIAN_POINT('',(0.117965830217883,0.010010644152071,-0.22447139448093));
#7346=CARTESIAN_POINT('',(0.115045400755071,0.0101932928381338,-0.22439347550366));
#7347=CARTESIAN_POINT('',(0.118100537065159,0.0115513485494195,-0.227098677476231));
#7348=CARTESIAN_POINT('',(0.118003711652803,0.0110748122739629,-0.224284135469424));
#7349=CARTESIAN_POINT('',(0.11518553180987,0.0116185860434953,-0.224143494211988));
#7350=CARTESIAN_POINT('',(0.118703582067166,0.0135639077349372,-0.226635430311437));
#7351=CARTESIAN_POINT('',(0.118512278798351,0.0131863989349184,-0.223928472324726));
#7352=CARTESIAN_POINT('',(0.116018711504821,0.0143969921819771,-0.223678419049049));
#7353=CARTESIAN_POINT('',(0.120170571815038,0.0157775167651159,-0.226149971103814));
#7354=CARTESIAN_POINT('',(0.119922645815185,0.0155518838701306,-0.223557616813966));
#7355=CARTESIAN_POINT('',(0.118041415028506,0.0174255177803276,-0.223195539443644));
#7356=CARTESIAN_POINT('',(0.122830266350413,0.0175731874890075,-0.22575904021039));
#7357=CARTESIAN_POINT('',(0.122665096421029,0.0175311753651485,-0.223289474954002));
#7358=CARTESIAN_POINT('',(0.12170648797672,0.0198334485336011,-0.22281613796172));
#7359=CARTESIAN_POINT('',(0.124936277599945,0.0179999999999997,-0.225703161841081));
#7360=CARTESIAN_POINT('',(0.12492907431908,0.0180073714640183,-0.223256708561744));
#7361=CARTESIAN_POINT('',(0.124604349997911,0.0204043541580117,-0.222763642706693));
#7362=CARTESIAN_POINT('',(0.126,0.0179999999999997,-0.225736216052667));
#7363=CARTESIAN_POINT('',(0.12605556145189,0.0179999999999997,-0.223277673171983));
#7364=CARTESIAN_POINT('',(0.126066463186136,0.0204113688244974,-0.222795281510023));
#7365=CARTESIAN_POINT('',(0.126,0.021,-0.225736216052667));
#7366=CARTESIAN_POINT('',(0.192,-0.032,-0.238365575722211));
#7367=CARTESIAN_POINT('',(0.192,-0.0328262151702241,-0.235517491974318));
#7368=CARTESIAN_POINT('',(0.194965305440127,-0.0328357702274545,-0.235484554303614));
#7369=CARTESIAN_POINT('',(0.192,-0.0326927606120768,-0.238641904613634));
#7370=CARTESIAN_POINT('',(0.191927619204589,-0.033555935392278,-0.235732537791297));
#7371=CARTESIAN_POINT('',(0.194962918360325,-0.0337949123333982,-0.235762825485339));
#7372=CARTESIAN_POINT('',(0.19182485717282,-0.0340470334352139,-0.23919203370969));
#7373=CARTESIAN_POINT('',(0.191588567590736,-0.0349533483359843,-0.236151106990018));
#7374=CARTESIAN_POINT('',(0.194717341672283,-0.0356705974069374,-0.236316999853742));
#7375=CARTESIAN_POINT('',(0.191300396251921,-0.0353427883755053,-0.239741153160434));
#7376=CARTESIAN_POINT('',(0.190913898471809,-0.0361813690878192,-0.23653159943881));
#7377=CARTESIAN_POINT('',(0.193991451116794,-0.0374666578349909,-0.236870539209463));
#7378=CARTESIAN_POINT('',(0.190962792624111,-0.0359394820565183,-0.24));
#7379=CARTESIAN_POINT('',(0.190517056287643,-0.0367272936600058,-0.236703548456466));
#7380=CARTESIAN_POINT('',(0.193525005289199,-0.0382941253814487,-0.237131569418361));
#7381=CARTESIAN_POINT('',(0.195,-0.032,-0.238365575722211));
#7382=CARTESIAN_POINT('',(0.126,0.018,-0.225736216052667));
#7383=CARTESIAN_POINT('',(0.12605556145189,0.018,-0.223277673171983));
#7384=CARTESIAN_POINT('',(0.126066463186136,0.0204113688244977,-0.222795281510023));
#7385=CARTESIAN_POINT('',(0.145332908454702,0.018,-0.226173127067413));
#7386=CARTESIAN_POINT('',(0.145637291963079,0.0179999999807609,-0.223640104437409));
#7387=CARTESIAN_POINT('',(0.145392695062651,0.0205040887698882,-0.223213483642111));
#7388=CARTESIAN_POINT('',(0.16466699774437,0.018,-0.226555320242892));
#7389=CARTESIAN_POINT('',(0.164837522808736,0.0179999999843936,-0.223985087294207));
#7390=CARTESIAN_POINT('',(0.164731219931893,0.0205433857859297,-0.223590681733987));
#7391=CARTESIAN_POINT('',(0.184,0.018,-0.226987884419782));
#7392=CARTESIAN_POINT('',(0.184058368693003,0.018,-0.224379156937683));
#7393=CARTESIAN_POINT('',(0.184066458686877,0.0205841952188294,-0.224017583151073));
#7394=CARTESIAN_POINT('',(0.184,0.021,-0.226987884419782));
#7395=CARTESIAN_POINT('',(0.192,0.0100000000000004,-0.228719569212195));
#7396=CARTESIAN_POINT('',(0.192,0.00955727088650177,-0.22570214181085));
#7397=CARTESIAN_POINT('',(0.195049321765377,0.00956454961365565,-0.22575175009296));
#7398=CARTESIAN_POINT('',(0.192,0.00644259128795068,-0.229241526561077));
#7399=CARTESIAN_POINT('',(0.192000000000208,0.00596889773358478,-0.226233860632767));
#7400=CARTESIAN_POINT('',(0.195044239994464,0.0059728963698454,-0.226278647483905));
#7401=CARTESIAN_POINT('',(0.192,0.00112511991557519,-0.230120577799232));
#7402=CARTESIAN_POINT('',(0.191999999999953,0.000595752720179061,-0.227129081037861));
#7403=CARTESIAN_POINT('',(0.195036369056552,0.000595367799891601,-0.227166653720109));
#7404=CARTESIAN_POINT('',(0.192,-0.00590958889076593,-0.231575403128235));
#7405=CARTESIAN_POINT('',(0.192000000000008,-0.00657467950040715,-0.228627143636628));
#7406=CARTESIAN_POINT('',(0.195021866525311,-0.00657307557415674,-0.228649357111451));
#7407=CARTESIAN_POINT('',(0.192,-0.0129025693826578,-0.233248759530739));
#7408=CARTESIAN_POINT('',(0.191999999999997,-0.0136247938215904,-0.230329182001351));
#7409=CARTESIAN_POINT('',(0.195007528650271,-0.0136299667128359,-0.230338200360807));
#7410=CARTESIAN_POINT('',(0.192,-0.0216175078645619,-0.23544658160307));
#7411=CARTESIAN_POINT('',(0.191999999999984,-0.0223635757545798,-0.23255046500949));
#7412=CARTESIAN_POINT('',(0.194990421886928,-0.0223787630044391,-0.232544556473955));
#7413=CARTESIAN_POINT('',(0.192,-0.0285467505061304,-0.237363804927926));
#7414=CARTESIAN_POINT('',(0.192000000000038,-0.0293467206769524,-0.234499186716087));
#7415=CARTESIAN_POINT('',(0.194973959279682,-0.0293586074012639,-0.23447574215507));
#7416=CARTESIAN_POINT('',(0.192,-0.032,-0.238365575722211));
#7417=CARTESIAN_POINT('',(0.192,-0.0328262151702241,-0.235517491974318));
#7418=CARTESIAN_POINT('',(0.194965305440127,-0.0328357702274545,-0.235484554303614));
#7419=CARTESIAN_POINT('',(0.195,0.0100000000000003,-0.228719569212195));
#7420=CARTESIAN_POINT('',(0.184,0.0180000000000003,-0.226987884419782));
#7421=CARTESIAN_POINT('',(0.184058368693003,0.0180000000000003,-0.224379156937683));
#7422=CARTESIAN_POINT('',(0.184066458686876,0.0205841952188296,-0.224017583151074));
#7423=CARTESIAN_POINT('',(0.184531112855538,0.0180000000000003,-0.227004223995605));
#7424=CARTESIAN_POINT('',(0.184614386615352,0.0179961215736129,-0.224390771826048));
#7425=CARTESIAN_POINT('',(0.184796823344004,0.0205857367436409,-0.224033708822624));
#7426=CARTESIAN_POINT('',(0.185572651125793,0.0178964786301603,-0.227056258615865));
#7427=CARTESIAN_POINT('',(0.185704112542935,0.0178748331922222,-0.224428502086599));
#7428=CARTESIAN_POINT('',(0.186228761804341,0.0204475023709598,-0.224085166961555));
#7429=CARTESIAN_POINT('',(0.18760378131037,0.0172792000207959,-0.2272346768205));
#7430=CARTESIAN_POINT('',(0.187812020294434,0.0171875595411444,-0.224560723512661));
#7431=CARTESIAN_POINT('',(0.189019972679795,0.0196092930219154,-0.224262106546205));
#7432=CARTESIAN_POINT('',(0.189815265376245,0.0157912339643086,-0.227571543454135));
#7433=CARTESIAN_POINT('',(0.190057191425679,0.0155648848503473,-0.224818500324509));
#7434=CARTESIAN_POINT('',(0.192057033146674,0.0175737613135559,-0.224597522217321));
#7435=CARTESIAN_POINT('',(0.191584231702996,0.0131336169622057,-0.228099404006889));
#7436=CARTESIAN_POINT('',(0.19175205063016,0.0127509290006911,-0.225233359776755));
#7437=CARTESIAN_POINT('',(0.194483760426253,0.0139096226145378,-0.225126560770939));
#7438=CARTESIAN_POINT('',(0.192,0.0110509450743981,-0.228507545727698));
#7439=CARTESIAN_POINT('',(0.192057622098616,0.010614169411051,-0.225545925131021));
#7440=CARTESIAN_POINT('',(0.195051386022459,0.011023509508006,-0.22553771992086));
#7441=CARTESIAN_POINT('',(0.192,0.01,-0.228719569212195));
#7442=CARTESIAN_POINT('',(0.192,0.00955727088650155,-0.22570214181085));
#7443=CARTESIAN_POINT('',(0.195049321765377,0.00956454961365542,-0.22575175009296));
#7444=CARTESIAN_POINT('',(0.183075,0.00622464792224186,0.513597624653737));
#7445=CARTESIAN_POINT('',(0.1841,0.008,0.513597624653737));
#7446=CARTESIAN_POINT('',(0.1841,0.008,-0.2252));
#7447=CARTESIAN_POINT('',(0.183075,0.00622464792224186,-0.2252));
#7448=CARTESIAN_POINT('',(0.18205,0.00444929584448374,-0.2252));
#7449=CARTESIAN_POINT('',(0.18205,0.00444929584448374,0.513597624653737));
#7450=CARTESIAN_POINT('',(0.183075,0.00977535207775814,0.513597624653737));
#7451=CARTESIAN_POINT('',(0.18205,0.0115507041555162,0.513597624653737));
#7452=CARTESIAN_POINT('',(0.18205,0.0115507041555162,-0.2252));
#7453=CARTESIAN_POINT('',(0.183075,0.00977535207775814,-0.2252));
#7454=CARTESIAN_POINT('',(0.18,0.0115507041555162,0.513597624653737));
#7455=CARTESIAN_POINT('',(0.17795,0.0115507041555162,0.513597624653737));
#7456=CARTESIAN_POINT('',(0.17795,0.0115507041555162,-0.2252));
#7457=CARTESIAN_POINT('',(0.18,0.0115507041555162,-0.2252));
#7458=CARTESIAN_POINT('',(0.176925,0.00977535207775809,0.513597624653737));
#7459=CARTESIAN_POINT('',(0.1759,0.008,0.513597624653737));
#7460=CARTESIAN_POINT('',(0.1759,0.008,-0.2252));
#7461=CARTESIAN_POINT('',(0.176925,0.00977535207775809,-0.2252));
#7462=CARTESIAN_POINT('',(0.176925,0.00622464792224184,0.513597624653737));
#7463=CARTESIAN_POINT('',(0.17795,0.00444929584448378,0.513597624653737));
#7464=CARTESIAN_POINT('',(0.17795,0.00444929584448378,-0.2252));
#7465=CARTESIAN_POINT('',(0.176925,0.00622464792224184,-0.2252));
#7466=CARTESIAN_POINT('',(0.18,0.00444929584448378,0.513597624653737));
#7467=CARTESIAN_POINT('',(0.18,0.00444929584448378,-0.2252));
#7468=CARTESIAN_POINT('',(0.155,-0.012,-0.2252));
#7469=CARTESIAN_POINT('',(0.155,-0.012,-0.2252));
#7470=CARTESIAN_POINT('',(0.133075,0.0062246479222419,-0.2252));
#7471=CARTESIAN_POINT('',(0.13205,0.00444929584448381,-0.2252));
#7472=CARTESIAN_POINT('',(0.1341,0.008,-0.2252));
#7473=CARTESIAN_POINT('',(0.133075,0.00977535207775808,-0.2252));
#7474=CARTESIAN_POINT('',(0.13205,0.0115507041555162,-0.2252));
#7475=CARTESIAN_POINT('',(0.13,0.0115507041555162,-0.2252));
#7476=CARTESIAN_POINT('',(0.12795,0.0115507041555162,-0.2252));
#7477=CARTESIAN_POINT('',(0.126925,0.00977535207775809,-0.2252));
#7478=CARTESIAN_POINT('',(0.1259,0.008,-0.2252));
#7479=CARTESIAN_POINT('',(0.126925,0.00622464792224188,-0.2252));
#7480=CARTESIAN_POINT('',(0.12795,0.00444929584448381,-0.2252));
#7481=CARTESIAN_POINT('',(0.13,0.0044492958444838,-0.2252));
#7482=CARTESIAN_POINT('',(0.133075,0.0062246479222419,0.513597624653737));
#7483=CARTESIAN_POINT('',(0.1341,0.008,0.513597624653737));
#7484=CARTESIAN_POINT('',(0.13205,0.00444929584448381,0.513597624653737));
#7485=CARTESIAN_POINT('',(0.133075,0.00977535207775808,0.513597624653737));
#7486=CARTESIAN_POINT('',(0.13205,0.0115507041555162,0.513597624653737));
#7487=CARTESIAN_POINT('',(0.13,0.0115507041555162,0.513597624653737));
#7488=CARTESIAN_POINT('',(0.12795,0.0115507041555162,0.513597624653737));
#7489=CARTESIAN_POINT('',(0.126925,0.00977535207775809,0.513597624653737));
#7490=CARTESIAN_POINT('',(0.1259,0.008,0.513597624653737));
#7491=CARTESIAN_POINT('',(0.126925,0.00622464792224188,0.513597624653737));
#7492=CARTESIAN_POINT('',(0.12795,0.00444929584448381,0.513597624653737));
#7493=CARTESIAN_POINT('',(0.13,0.0044492958444838,0.513597624653737));
#7494=CARTESIAN_POINT('',(0.183075,-0.0337753520777581,-0.236));
#7495=CARTESIAN_POINT('',(0.1841,-0.032,-0.236));
#7496=CARTESIAN_POINT('',(0.1841,-0.032,-0.236));
#7497=CARTESIAN_POINT('',(0.183075,-0.0337753520777581,-0.236));
#7498=CARTESIAN_POINT('',(0.18205,-0.0355507041555161,-0.236));
#7499=CARTESIAN_POINT('',(0.18205,-0.0355507041555161,-0.236));
#7500=CARTESIAN_POINT('',(0.183075,-0.0302246479222418,-0.236));
#7501=CARTESIAN_POINT('',(0.18205,-0.0284492958444837,-0.236));
#7502=CARTESIAN_POINT('',(0.18205,-0.0284492958444837,-0.236));
#7503=CARTESIAN_POINT('',(0.183075,-0.0302246479222418,-0.236));
#7504=CARTESIAN_POINT('',(0.18,-0.0284492958444837,-0.236));
#7505=CARTESIAN_POINT('',(0.17795,-0.0284492958444837,-0.236));
#7506=CARTESIAN_POINT('',(0.17795,-0.0284492958444837,-0.236));
#7507=CARTESIAN_POINT('',(0.18,-0.0284492958444837,-0.236));
#7508=CARTESIAN_POINT('',(0.176925,-0.0302246479222419,-0.236));
#7509=CARTESIAN_POINT('',(0.1759,-0.032,-0.236));
#7510=CARTESIAN_POINT('',(0.1759,-0.032,-0.236));
#7511=CARTESIAN_POINT('',(0.176925,-0.0302246479222419,-0.236));
#7512=CARTESIAN_POINT('',(0.176925,-0.0337753520777581,-0.236));
#7513=CARTESIAN_POINT('',(0.17795,-0.0355507041555161,-0.236));
#7514=CARTESIAN_POINT('',(0.17795,-0.0355507041555161,-0.236));
#7515=CARTESIAN_POINT('',(0.176925,-0.0337753520777581,-0.236));
#7516=CARTESIAN_POINT('',(0.18,-0.0355507041555161,-0.236));
#7517=CARTESIAN_POINT('',(0.18,-0.0355507041555161,-0.236));
#7518=CARTESIAN_POINT('',(0.155,-0.012,-0.236));
#7519=CARTESIAN_POINT('',(0.155,-0.012,-0.236));
#7520=CARTESIAN_POINT('',(0.133075,-0.0337753520777581,-0.236));
#7521=CARTESIAN_POINT('',(0.13205,-0.0355507041555162,-0.236));
#7522=CARTESIAN_POINT('',(0.1341,-0.032,-0.236));
#7523=CARTESIAN_POINT('',(0.133075,-0.0302246479222419,-0.236));
#7524=CARTESIAN_POINT('',(0.13205,-0.0284492958444837,-0.236));
#7525=CARTESIAN_POINT('',(0.13,-0.0284492958444837,-0.236));
#7526=CARTESIAN_POINT('',(0.12795,-0.0284492958444838,-0.236));
#7527=CARTESIAN_POINT('',(0.126925,-0.0302246479222419,-0.236));
#7528=CARTESIAN_POINT('',(0.1259,-0.032,-0.236));
#7529=CARTESIAN_POINT('',(0.126925,-0.0337753520777581,-0.236));
#7530=CARTESIAN_POINT('',(0.12795,-0.0355507041555162,-0.236));
#7531=CARTESIAN_POINT('',(0.13,-0.0355507041555162,-0.236));
#7532=CARTESIAN_POINT('',(0.133075,-0.0337753520777581,-0.236));
#7533=CARTESIAN_POINT('',(0.1341,-0.032,-0.236));
#7534=CARTESIAN_POINT('',(0.13205,-0.0355507041555162,-0.236));
#7535=CARTESIAN_POINT('',(0.133075,-0.0302246479222419,-0.236));
#7536=CARTESIAN_POINT('',(0.13205,-0.0284492958444837,-0.236));
#7537=CARTESIAN_POINT('',(0.13,-0.0284492958444837,-0.236));
#7538=CARTESIAN_POINT('',(0.12795,-0.0284492958444838,-0.236));
#7539=CARTESIAN_POINT('',(0.126925,-0.0302246479222419,-0.236));
#7540=CARTESIAN_POINT('',(0.1259,-0.032,-0.236));
#7541=CARTESIAN_POINT('',(0.126925,-0.0337753520777581,-0.236));
#7542=CARTESIAN_POINT('',(0.12795,-0.0355507041555162,-0.236));
#7543=CARTESIAN_POINT('',(0.13,-0.0355507041555162,-0.236));
#7544=CARTESIAN_POINT('',(0.155,-0.012,-0.238));
#7545=CARTESIAN_POINT('',(0.155,-0.012,-0.238));
#7546=CARTESIAN_POINT('',(0.1475,-0.012,-0.238));
#7547=CARTESIAN_POINT('',(0.155,-0.011,-0.238));
#7548=CARTESIAN_POINT('',(0.33,0.,-0.0325));
#7549=CARTESIAN_POINT('',(0.33,0.,-0.2235));
#7550=CARTESIAN_POINT('',(0.329018504542378,-0.0017,-0.2235));
#7551=CARTESIAN_POINT('',(0.43,0.,-0.2235));
#7552=CARTESIAN_POINT('',(0.112,0.,-0.2235));
#7553=CARTESIAN_POINT('',(0.112,0.,-0.2252));
#7554=CARTESIAN_POINT('',(0.112,0.,-0.2235));
#7555=CARTESIAN_POINT('',(0.126,-0.0381473675370217,-0.172));
#7556=CARTESIAN_POINT('',(0.126,0.00913829263299704,-0.172));
#7557=MECHANICAL_DESIGN_GEOMETRIC_PRESENTATION_REPRESENTATION('',(#1075),
#7559);
#7558=MECHANICAL_DESIGN_GEOMETRIC_PRESENTATION_REPRESENTATION('',(#1076),
#7560);
#7559=(
GEOMETRIC_REPRESENTATION_CONTEXT(3)
GLOBAL_UNCERTAINTY_ASSIGNED_CONTEXT((#7561))
GLOBAL_UNIT_ASSIGNED_CONTEXT((#7567,#7565,#7563))
REPRESENTATION_CONTEXT('BP-100 segB','TOP_LEVEL_ASSEMBLY_PART')
);
#7560=(
GEOMETRIC_REPRESENTATION_CONTEXT(3)
GLOBAL_UNCERTAINTY_ASSIGNED_CONTEXT((#7562))
GLOBAL_UNIT_ASSIGNED_CONTEXT((#7568,#7566,#7564))
REPRESENTATION_CONTEXT('BP-100 segA','TOP_LEVEL_ASSEMBLY_PART')
);
#7561=UNCERTAINTY_MEASURE_WITH_UNIT(LENGTH_MEASURE(2.E-5),#7567,
'DISTANCE_ACCURACY_VALUE','Maximum Tolerance applied to model');
#7562=UNCERTAINTY_MEASURE_WITH_UNIT(LENGTH_MEASURE(2.E-5),#7568,
'DISTANCE_ACCURACY_VALUE','Maximum Tolerance applied to model');
#7563=(
NAMED_UNIT(*)
SI_UNIT($,.STERADIAN.)
SOLID_ANGLE_UNIT()
);
#7564=(
NAMED_UNIT(*)
SI_UNIT($,.STERADIAN.)
SOLID_ANGLE_UNIT()
);
#7565=(
NAMED_UNIT(*)
PLANE_ANGLE_UNIT()
SI_UNIT($,.RADIAN.)
);
#7566=(
NAMED_UNIT(*)
PLANE_ANGLE_UNIT()
SI_UNIT($,.RADIAN.)
);
#7567=(
LENGTH_UNIT()
NAMED_UNIT(*)
SI_UNIT($,.METRE.)
);
#7568=(
LENGTH_UNIT()
NAMED_UNIT(*)
SI_UNIT($,.METRE.)
);
#7569=PRODUCT_DEFINITION_SHAPE('','',#7571);
#7570=PRODUCT_DEFINITION_SHAPE('','',#7572);
#7571=PRODUCT_DEFINITION('','',#7575,#7573);
#7572=PRODUCT_DEFINITION('','',#7576,#7574);
#7573=PRODUCT_DEFINITION_CONTEXT('',#7587,'design');
#7574=PRODUCT_DEFINITION_CONTEXT('',#7588,'design');
#7575=PRODUCT_DEFINITION_FORMATION_WITH_SPECIFIED_SOURCE('','',#7579,
 .NOT_KNOWN.);
#7576=PRODUCT_DEFINITION_FORMATION_WITH_SPECIFIED_SOURCE('','',#7580,
 .NOT_KNOWN.);
#7577=PRODUCT_RELATED_PRODUCT_CATEGORY('','',(#7579));
#7578=PRODUCT_RELATED_PRODUCT_CATEGORY('','',(#7580));
#7579=PRODUCT('BP-100 segB','BP-100 segB','BP-100 segB',(#7583));
#7580=PRODUCT('BP-100 segA','BP-100 segA','BP-100 segA',(#7584));
#7581=PRODUCT_CATEGORY('','');
#7582=PRODUCT_CATEGORY('','');
#7583=PRODUCT_CONTEXT('',#7587,'mechanical');
#7584=PRODUCT_CONTEXT('',#7588,'mechanical');
#7585=APPLICATION_PROTOCOL_DEFINITION('international standard',
'ap242_managed_model_based_3d_engineering',2020,#7587);
#7586=APPLICATION_PROTOCOL_DEFINITION('international standard',
'ap242_managed_model_based_3d_engineering',2020,#7588);
#7587=APPLICATION_CONTEXT('managed model based 3d engineering');
#7588=APPLICATION_CONTEXT('managed model based 3d engineering');
ENDSEC;
END-ISO-10303-21;
